0
40.3167
46.9667
58.1833
40.4833
29.65
55.5167
23.7333
45.8667
41.7167
42.4333
38.0833
22.4833
30.5667
29.9667
48.95
36.0833
37.6333
36.7167
16.2833
56.2333
39.5833
34.1667
54.7833
32.3167
45.2833
35.65
44.0833
36.85
36.6167
38.6333
63.85
35.0667
30.6833
36.85
35.85
49.75
9.03333
29.15
33.2833
29.5833
37.4167
58.35
26.1833
34.8
57.7667
50.7667
37.3167
23.4
31.95
46.4333
38.75
24.7333
38.7
32.0833
26.9667
32.4333
41.7
54.55
23.8833
30.5667
17.6667
32.7667
37.5167
43.1833
63.8667
41.9167
56.8833
49.65
28.1833
31.9833
17.75
53.8333
49.7667
46.0333
56.9167
38.8833
28.6167
29.7333
30.1167
30.8833
44.5667
31.0667
23.9
9.95
31.4667
18.2167
22.6333
32.6
28.75
34.7667
36.4167
51.1833
55.9833
38.6
41.0667
32.35
34.3333
47.9667
31.75
43.35
27.65
23.3333
45.8
31.6
51.1333
43.95
34.9333
27.95
41.6333
33.3333
49.7
45
39.8
16.65
52.7667
38.9
75.0833
24.7167
17
26.05
37.6667
23.4333
46.65
47.8
45.1833
42.7667
17.7167
57.6333
40.6
32.5167
37.2
23.9667
10.6833
52.7333
48.8667
52.5333
29.1167
28.65
39.15
51.2167
36.15
47.0167
25.35
24.0333
32.25
62.8333
43.6667
47.45
42.6667
32.8667
40.0167
19.4167
52.05
42.05
35
39.0333
44.1167
79.05
53.8833
41.9833
31.6667
50.1667
37.7667
30
49.3167
53.8333
66.15
34.9833
54.8167
50.8167
16.8333
23.3167
40.6167
17.3167
39.85
51.4833
37.6333
37.9333
23.1167
34.9833
23.6167
30.6167
55.1
40.9
26.1
47.6167
15.5333
37.8667
39.0833
40.65
32.6
47.55
74.4667
16.9833
32.4667
38.4667
43.0667
31.8333
39.7333
43.05
82.5333
37.6
52.8333
34
33.4333
37.4167
28
22.7167
35.85
43.8333
28.1833
43.2833
45.6333
46.3833
24.9667
45.6667
28.5333
26.4833
53.8333
30
39.1167
28.75
41.6333
32.6667
57.4167
46.7667
43.4833
40.2167
57.5
46.65
54.4333
41.7667
30.4667
48.4833
30.4833
17.7333
29.8333
23.9667
45.7333
33.4
31.9333
37.8667
31.7833
34.8667
16.8667
33.7333
49.3333
30.0667
46.4167
16.3667
16.2333
30.2833
38.0333
15.5
48.7667
26.1667
40.2
58.3
38.0333
23.9667
51.8833
52.6667
44.0333
37.4167
32.4833
21.9667
30.8167
32.15
43.3667
23.0667
54.95
14.75
35.4167
41.7167
16.8167
37.5833
25.0333
51.6333
29.9333
42.8167
56.6833
23.3333
38.1833
14.4167
21.7
33.2
47
42.7667
26.1167
33.6333
47.6
40.5667
47.65
42.8
51.2167
35.1333
49.9
22.6667
32.9833
24.7833
37.9167
47.2833
58.1667
35.7167
18.5167
8.66667
47.4333
31.9833
35.2
32.6667
44.1167
10.2
28.8
31.9333
39.4167
33.4333
72.3333
36.2333
47.5167
77.35
52.3333
44.8333
44.2833
34.75
40.7833
38.0833
37.7667
38.65
45.3333
39.7833
54.85
40.5
26.2167
45.7833
67.1
52.3833
49.3333
46.4167
47.75
36.35
43.5667
54.8333
26.5667
32.0333
32.6
38.6833
23.5167
29.4
20.2833
41.3
56.7
57.55
16.7833
50.0333
47.9667
9.51667
32.9333
56.55
29.65
45.85
38.6833
49.95
41.75
37.5667
38.7667
45.3833
47.1167
54.1333
25.5167
35.4667
46.15
37.0167
31.45
50.0333
38.9333
31.1333
31.5833
35.8667
76.15
29.5667
31.6167
39.7667
18.9333
50.7167
35.9333
44.4
38
50.95
39.7667
58.8667
47.9167
47.5
21.6667
23.0833
26.9667
45.7833
23.3333
33.55
15.9
31.9333
30.1667
35.0667
73.4
31.1167
32.55
31.45
42.6333
39.9333
44.6
38.55
41.4667
21.3167
42.7
30.5667
47.5333
52.1333
30.6
31.7833
48.4167
60.9167
24.9
43.4833
29.3667
46.3833
46.4
42.9667
42.45
64.2167
32.7833
42.9
16.5167
39.9167
30.1333
31.8333
43.9333
50.7333
48.5667
26.4
50.75
25.4667
32.95
31.7167
57.5167
18.4333
36.4667
30.7
26.15
42.85
35.8
36.8667
41.8833
43.5167
26.05
23.9667
15.8833
38.1167
45.6167
22.1667
26.6167
43.1167
31.7833
54.2167
42.9333
17.6833
36.9333
48.3167
67.3167
30.2667
51.1167
15.8333
24.6
39.9667
70.3667
48.4333
34.5167
40.75
44.25
32.9
20.4833
24
58.3167
25.4667
36.7333
45.6
23.7667
37.2167
23.65
29.7167
27.5333
24.6167
23.4333
34.9333
30.2
45.45
30.4667
47.8833
42.9833
29.6333
24.5833
39.9167
55.8833
30.4333
17
47
22.05
24.65
50.2833
56.3167
28.95
54.7833
53.8
34.5167
22.0167
27.15
17.3167
46.3667
38.6
42.0833
33.1
29.6833
23.4333
32.2667
41.6333
43.2
38.0333
35.8667
61.2667
56.3
29.5833
40.4333
49.2833
50.1667
33.4833
22.5833
61.0833
31.2667
44.8833
31.7667
23.9
57.4833
27.6
43.3
38.4833
57.55
32.8333
23
29.9833
47.2667
22.7333
30.75
32.9
45.9333
57.95
39.5
37.4
43.3
23.25
34.3833
17.8
52.8833
49.7167
29.4333
48.35
39.95
54.6667
47.4333
42.6167
37.9833
48.25
54.5167
51.35
41.9833
52.35
43.1833
32.5833
23.75
38.5667
52.1
33.1167
38.7167
49.3
42.3667
23.8833
42.4833
37.3833
52.3333
35.8167
37.9333
52.5333
25.15
36.45
16.9167
41.1167
37.1
26.4333
16.4
30.1
31.45
21.2833
26.9833
66.6833
30.9333
57.9
59.4833
42.5667
53.1
61.7667
72.65
30.8833
49.0667
31.7667
38.4667
55.4833
29.7167
24.8667
47.6833
54.1
18.8333
16.8333
36.8
39.35
23.9
50.6667
45.0167
17.9833
54.4833
43.25
41.1167
44.9333
44.4667
28.1
42.4
34.45
43.1667
35.3333
29.7333
24.0167
16.55
39.4333
23.5
46.95
31.2
57.4833
55.3167
40.55
45.7333
29.9333
56.7333
35.9833
40.0667
40.4833
24.7
37.2
42.3167
46.3667
20.3
35.8167
36.55
71.6667
42.2333
45.9167
57.4167
57.5667
24.55
46.3333
32.2167
30.1167
54.7
48.3833
27.0333
30.5667
56.9333
37.4333
37.7167
48.8
34.6833
36.8833
56.85
30.3333
39.1667
42.1667
28.1833
31.0833
37.4167
38.05
30.95
34.3
23.8167
31.6667
37.1833
29.35
28.9
44.45
57.2
29.7667
41.2667
30.9833
28.4833
38.65
23.85
31.45
44.05
49.9167
57.5167
32.8833
34.2
58.3333
30.8833
28.9167
29.45
40.7
30.45
38.8667
29.8333
34.3
54.4667
48.6833
22.7167
23.7
30.1
22.4667
31
48.6
24.0333
31.4167
21.4833
50.25
32.7667
38.7333
52.9167
28.05
15.75
9.5
49.5333
45.35
34.0667
39.2167
35.2833
53.7833
38.5
27.6833
38.7
16.6667
22.0333
17.3167
51.1167
30.1
56.95
43.2
44.4667
36.3667
26.9833
40.7
17.85
16
44.2
34.95
41.25
37.7333
42.85
40.7167
29.9333
39.3667
39.15
35.95
21.6
27.9167
9.56667
63.2667
30.3667
43.3333
35.0667
15.05
23.55
38.5
32.0833
36.75
41.7333
27.85
29.5333
50.8333
28.9833
45.45
33.5333
23.9667
50.7667
34.5
25.2667
28.4333
31.55
53.45
64.3833
17.4
23.4333
36.75
21.5
29.4667
29.4
42.4
48.3667
57.5333
40.8167
39.5333
25.4833
32.8333
38.6833
51.8333
43.1833
55.4333
31.5
24
27.9833
29.0167
28.6
25.5333
56
51.0833
45.8333
33.3833
39.8333
38
39.75
37.7667
36.5167
65.3833
36.0167
32.5833
37.4
32.25
30.0667
23.6833
52.5
38.7667
27.4167
55.7667
36.9
58.85
43.15
22.9167
23.25
41.7
43.2667
54.1833
29.45
22.4833
17.45
51.3167
48.3333
39.3667
39.15
28.8667
36.6667
59.5
24.75
15.6167
27.0833
45.25
45.65
54.6833
70.1167
33.6167
37.9
47.8833
31.5333
55.2
50.9833
42.8833
24.7333
32.8167
40.5
22.7333
26.5667
30.8
35.0833
52.1
38.4667
42.15
46.55
41.7833
41.0667
48.4
42.2833
56.8
37.7667
17.05
9.86667
33.3667
40.2833
42.9
22.0167
53
30.85
43.0167
45.35
31.7667
24.4
28.85
23.3833
42.0167
39.4167
42.4833
15.1667
36.4333
53.8333
46.1167
22.2667
15.7333
52.6
30.6833
25.2333
41.0167
34.2
62.25
30.4167
39.9333
23.9167
30.6667
29.1
38.5
32.8667
40.9833
57.2167
38.7333
31.85
30.9667
38.3833
39.7333
36.8167
40.05
32.1167
48.4167
16.2167
49.6833
39.9
24.0833
65.0167
21.8167
43.5167
31.6
30.45
42.6667
66.55
48.7667
40.8
21.55
52.7667
37.7833
50.7
42.9167
14.7667
44.2833
45.7
23.2333
37.75
38.2
53.0167
50.7
24.0333
31.0833
26.4167
41.95
55.0833
54.2167
47.7667
16.45
38.4167
39.9333
37.7833
31.5833
52.25
32.4333
31.5833
23.8167
29.5667
56.4833
48.9
33.6667
23.4
53.3
22.0167
50.2333
42.7
42.7833
29.7
44.6
74.0667
59.0333
37.0833
29.9833
9.31667
20.5167
49.5667
52.2667
41.7167
66.4667
48.7667
48.8833
21.25
98.2667
16
48.6
29.3333
36.2
42.3833
47.8333
45.0167
39.5667
51.2333
25.3167
45.2
40.5333
25.3167
34.6333
44.55
49.8833
41.1
46.9167
23.2833
40.1333
37.6167
51.85
42.45
51.0833
43.2833
43.75
51.5167
16.3833
50.8667
50.6333
39.1167
44.45
32.7167
23.9833
29
29.3667
44.45
37.95
34.4
43.4667
48.9167
10.5667
25.4167
34.0667
37.1667
38.3333
55.6667
21.5167
42.5833
17.6167
24.1167
34.5
37.0333
27.9
33.1833
40.0333
30.8667
36.9667
30.05
45.9333
23.8167
39.4333
38.6833
23.7167
43.3
31.7
25.3833
33.5167
11.3
37.4167
37.3667
23.6
43.3333
50.8667
37.9333
65.4167
30.8667
43.5833
31.8833
41.5333
45.8167
30.6
38.9667
48.0333
47.4333
31.4333
38.7833
41.4833
47.5333
27.15
48.4667
48.95
33.9833
35.75
35.3167
53.9667
37.8833
49.9833
33.05
28.2167
23.35
17.1167
32.6667
17.5667
21.9167
31.5667
21.3333
48.8167
36.5
50.8333
48.9667
20.5
62.5833
51.6167
34.1667
31.7667
49.9
30.9333
38.7167
28.85
25.1167
42.6667
17.2333
31.7167
49.75
47.5
14.7667
44.9
26.7667
36.4667
36.8667
30.6667
43.3667
63.4167
37.7167
26.4167
33.35
41.45
41.85
39.7
32.5167
23.4
41.7167
37.25
31.65
37.0833
39.1
39.5
35.8
31.0167
40.1167
43
49.1667
46.45
30.55
34.2
23.6667
43.0333
22.1833
16.65
31.8167
44.7667
46.8333
22.8667
33.6
49.6
30.8667
9.23333
48.8333
30.2667
33.4333
23.95
42.9667
35.65
52.3667
61.0333
16.2
29.4833
49.6333
35.25
34.7833
49.5667
36.4
38.8667
42.7333
50.9833
46.6167
46.95
23.9333
27.8333
20.8667
39.45
33.0167
37.7
25.6
39.7833
43.95
31.8167
58.1167
30.7333
46.85
42.3167
42.9333
48.6667
30.9833
44.5667
32.9167
34.3
43.25
34.7833
35.8167
42.3833
32.85
30.2333
30.4667
23.8333
26.8
31.8833
37.4167
34.0667
35.8
42.4667
30.8333
50.7
30.1833
44.5833
53.7333
37.5167
29.5667
59.1
45.3833
50.15
15.5833
17.6167
33.35
58.8833
23.7167
47.8
16.9833
66.1667
56.5333
26.65
36.4833
65.0333
29.5667
36.1333
37.6333
29.2167
56.7833
30.1333
46.6
31.8
54.7333
17.6333
30.4333
60.8333
24.5167
16.3333
37.15
32.1333
42.05
55.05
23.3667
46.95
35.7833
41.05
37.2333
42.5167
37.65
45.9833
37.7667
46.3167
47.1
54.8167
47.5167
32.1167
19
47.1167
39.7333
36.95
52.6333
36.5
32.8167
42.9833
35.4167
46.2833
16.8333
50.0167
47.3
34.5167
46.1
56.3667
33.5333
50.6333
36.3167
38.4333
50.4167
51.7833
31.8333
20.1167
31.7167
41.7
38.1667
43.15
28.7167
50.0167
53.7333
34.05
52.2667
30.9833
33.2167
23.5
27.4
46.6
25.25
30.7833
33.0833
42.4333
50.2167
25.1833
39.9
43.3
28.4
39.2833
55.2333
24.5667
46.4333
31.7667
25.65
37.8667
15.8
53.0667
45.2833
30.7
31
21.8833
38.65
33.9333
53.7
24
31.5167
45.5667
42.85
37.5
47.6667
24.5333
31.5167
36.0667
23.4333
21.2667
57.6
28.9833
33.3667
30
29.2
24.55
42.4833
60.65
38.6
38.1333
29.9667
37.6
37.4167
49.1833
17.2
17.65
47.7333
30.95
39.2667
50.6667
41.45
19.05
27.9667
43.7333
31.8167
22.3167
40.6833
34.35
33.7
49.5667
43
33.3833
30.8333
31.3333
49.95
49.8667
45.7833
36.0833
36.8
43.5833
40.6333
54.0833
21.2833
32.2167
34.9667
21.0167
28.65
18.35
61.9167
53.7
32
33.3333
25.7
39.3333
31.3333
34.4333
38.8
33.6667
37.6
30.0833
32.8833
54.15
41.9167
37.1333
48.45
37.7167
27.1
54.75
40.4167
38.3667
31.7667
38.2167
25.7167
17.25
38.4167
39.6
45.4667
38.6
57.8
34.6167
29.15
36.8333
35.8833
39.2
44.4167
42.2333
50.9167
28.35
36.05
131
46.2167
47.0333
27.4167
22.5333
60.8333
58.6667
38.3667
41.5667
43.5
36.6167
17.15
55.0167
29.1167
52.55
42.8833
39.4667
31.8167
34.95
34
38.4833
28.6
65.0167
26.1167
42.25
36.5833
38.25
15.6167
35.9333
38.0833
29.8167
38.2167
29.1167
36.2333
51.2
36.8
21.5
51.7833
40.5667
49.5167
32.4667
53.1167
29.7333
25.05
36.2
44.6
19.25
60.95
39.3667
17.6667
35.9167
54.4667
54.1833
48.1833
24.9833
36.6833
33.6667
30.1667
34.1667
55.7333
36.9333
31.0333
21.85
56.1667
30.1833
53.7833
18.1667
33.7833
28
30.6833
44.0167
38.25
27.5
30.1667
36.5
35.9667
28.7167
29.6333
37.0333
30.3833
45.75
53.5833
33.5167
56.0167
64.05
42.05
39.4667
30.2667
44.7
36.4
30.85
23.3667
39.95
36.3833
53.5833
44.0833
36.2167
28
44.5667
45.9333
37.0333
33.2333
30.6667
37.4833
39.7167
15.4667
23.2
48
64.2667
36.4333
57.4833
52.3333
37.9833
54.35
58.6
38.2833
37.3167
28.7167
46.7667
35.7333
37.05
46.55
29.8167
32.3167
31.8167
36.6667
26.5833
32.7
46.2
30.2167
32.0167
44.35
46.4
42.75
26.1667
57.6333
39.8333
55.85
31.45
38.9
30.3167
48.5
52.05
56.6667
42.5
11.2167
45.3833
41.4
64.5
16.9167
45.9167
73.3167
36.8833
61.5667
40.1
30.65
30.15
55.95
30.6167
38.8167
36.6667
41.4667
30.2
52.0333
29.6167
37.75
49.5833
36.85
63.3667
39.2333
43.0333
31.4833
26.8833
41.8833
25.0167
32.3333
25.1667
17.9333
39.8167
36.3333
37.9
35.85
39.5833
44.0833
30.8667
42.7167
34.9333
37.7
29.85
35.9333
19.1333
27.4667
38.9667
24.3833
46.8333
55.35
25.1
33.8
27.9167
59.8667
49.05
20.0167
68.4333
43.9667
34.6667
36.35
51.2833
24.4167
35.8667
25.5667
29.85
56.8
49.5667
37.1667
36.8
36.45
23.8
37.6833
19.0333
27.5167
60.8667
33.0833
33.6667
44.7667
29.45
29.9667
35.95
21.3
32.8167
36.4833
43.3167
31.6833
23.35
35.7
37.3333
36.6833
48.7
60.4833
34.4667
32.6167
25.7167
23.45
32.2667
30.5
51.75
23.25
41.6
30.8667
44.45
53.2
18.45
34.9667
47.0333
32.2833
31.25
35.9833
33.3333
39.5
26.8333
24.4833
32.85
41.7833
16.4667
50.5
41.15
46.8167
45.7333
38.7167
21.65
44.1
35.8167
21.5333
45.7667
26.5667
57.1167
32.4833
21.75
24.3833
44.2
34.7167
52.9167
21.9667
30.2
22.9833
40.8333
50.0667
44.9667
43.2667
29.2
44.9833
58.9833
48.7167
51.8667
23.8667
47.1
36.2667
30.65
56.6667
16.65
58.6167
23.4667
18.0333
49.6667
42.0167
24.3833
42.7
47.55
9.78333
52.1667
40.95
25.5167
24.9833
36.7667
56.1
40.4667
41.7833
46.7167
33.25
54.75
50.9667
30.3667
31.4833
52.25
39.35
34.3667
60.1667
46.1333
48
17.35
38.4667
34.3667
45.2667
35.3
25.2667
40.7833
43.0167
41.8667
16.9833
62.5833
47.75
32.6
39.0167
52.8667
42.5333
33.4833
18.7833
46.7833
48.8333
48.1833
43.8
68.65
42.1667
38.1167
42.7167
33.0833
46.6833
37.4333
24.9667
35.45
40.2667
37.35
26.2167
62.2167
50.6
24.4
24.4333
41.15
47.3167
54.7667
44.4333
56.4167
48.2667
62.3833
25.85
30.7
41.7333
36.8833
58.25
49.8167
39.85
38.7833
34.0167
41.6
16.1833
37.5
33.05
50.4833
55.4
37.25
31.8667
23.2667
45.15
44.55
25.4333
59.6
17.9167
17.7833
60.6833
38
20.5167
34.4833
31.5667
43.6833
26.45
24.6667
24.0667
44.5167
51.8167
46.8667
34.8833
50.85
24.3667
46.4833
46.6167
33.5667
40.25
23.6667
25.2333
38.4
18.4667
57.45
50.0333
37.4167
35.1833
10.15
35.2667
45.2333
28.5833
44.1833
46.1833
17.2167
38.5667
29.4167
42.8167
43.1167
54.7667
32.9667
37.8
49
49.3333
37.3167
38.3667
39.3667
45.05
48.8167
40.4333
67.8167
44.0833
36.4
64.1667
47.45
41.0333
25.2667
49.9167
29.7333
49.0667
21.1167
16.1167
24.3833
9.86667
36.5833
52.0333
43.6667
39.5667
31.6333
32.3667
42.05
21.7
46.45
25.3833
40.35
32.3
23.0167
36.5
23.0333
36.15
30.85
30
39.6833
17.7667
24.5
37.8667
30.5667
42.4667
46.9333
40.6667
32.5
15.4667
44.3167
30.3833
40.6
41.4333
41.3833
40.8833
17
42.65
50.45
59.65
29.1667
46.1833
29.8667
48.3333
39.65
45.2167
25.8
37.4167
48.05
38.2333
40.4667
27.55
29.0667
29.8167
38.5667
37.7333
18.3667
24.75
27.4
43.9333
43.5167
44.5667
32.5167
57.2667
52.8167
41.7833
50.4833
45.3333
46.1333
58.6
30.7167
40.5167
33.4667
51.7333
34.95
31.6
62
40.3167
25.1667
48.2167
17.1833
60.4667
55.4833
51.3833
40.4667
43.0333
38.9333
30.6
40.0833
16.45
45.6
44.4333
43
37.6833
58.85
19.4333
28.15
46.1833
34.9333
55.3
30.7333
18.0167
16.3833
42.3
49.7
27.5
31.25
18.2
30.05
18.1167
27.95
61.5333
24.9333
46.3833
29.7833
46.1833
46.1667
30.7333
25.4333
38.3
57.1167
55.5333
47.5667
46.35
46.15
44.55
49.8333
38.2167
23.3167
39.85
35.85
64.85
59.65
25.8833
39.8
23.1667
51.65
37.65
38.3
49.4167
20.5167
39.1333
39.5167
52.5
26.5333
30.6333
22.4667
39.5833
39.2
33.0167
34.1667
39.85
48.9667
41.95
71.2167
9.86667
23.55
56.7667
42.6333
30.05
40.0333
30.7333
43.15
59.5167
25.0833
44.4167
32.6833
39.4167
31.65
38.8667
29.0333
53.6
28.7167
33.7
30.7333
20.5167
53.95
50.2333
30.7167
23.1833
37.4
27.5333
32.5333
46.75
24.6333
32.2667
46.1
33.4333
37.6167
55.3667
46.1333
29.3833
48.7833
33.6167
29.15
33.4
43.5833
52.7833
36.9
40.8833
24.5667
36.8333
37.3167
21.0333
47.05
20.5167
25.7667
32.9167
39.1667
37.4167
24.4
37.25
25.05
51
43.7667
39.35
56.5333
28.6167
24.6833
28.9167
41.3833
53.55
26.5
36.3167
41.8333
38.1833
32.45
39.4833
20.8167
34.4167
52.6
45.7833
48.9
19.0167
31.45
47.55
49.6833
64.75
37.3167
54.8167
16.75
29.8
35.5833
33.9833
46.3333
45.0333
47.3
31.6
41.5667
44.0167
23.8667
39.4333
28.0667
17.9
47.75
53.8
34.2833
51.8
23.5833
26.15
54.7833
41.9167
50.55
18.1667
50.25
45.2333
34.65
42.9667
24.3667
51.1167
45.6
33.4
47.3
47.0333
44.3333
23.2167
39.3667
48.8333
38.9667
44.4833
49.3333
34.0333
17.55
41.6667
33.55
35.95
70.85
42.5667
32.2
32.2333
17.1667
26.6
38.5167
43.8833
49.35
25.1333
52.9333
38.6833
23.8167
29.8667
50.55
26.5667
25.8667
24.4833
42.25
48.3833
34.0167
57.35
43.5333
28.2167
31.8833
51.1333
43.5833
25.4
41.4333
26.1167
24.5667
39.35
30.6333
46.2667
32.6667
41.1
25.0333
32.0167
53.1167
41.6167
17.5833
50.4833
21.8833
32.8167
56.4833
32.9667
63.1
56
26.4833
33.8
39.4167
36.5167
43.8167
17.2667
38.7833
30
27.8833
46.7667
46.15
77.3167
25.2667
41.8667
31.7333
36.3833
41.2333
35.1167
39.7167
54.6667
25.7
62.05
31.5667
30.7167
37.25
30.3833
42.8833
26.4
44.3667
32.7167
30.5
41.3333
48.8333
58.85
49.7667
43.1167
18.85
16.35
9.85
42.2333
15.9167
37.9833
31.8167
17.2
33.3833
51.8667
43.3333
23.7333
26.6833
24.7
34.8833
48.85
23.5
48.7
29.85
40.3833
32.5667
30.8167
48.0667
31.1833
37.2667
22.9167
32.3333
38.9833
55.0833
40.8333
26.2167
36.5833
32.8833
47.1667
82.6833
33.3833
26.1667
71.2333
32.3833
49.0333
43.0167
10.5167
16.2833
24.3333
33.0333
59.55
34.9167
48.4
30.6
45.7333
43.9667
37.1
36.1833
29.4167
23.1667
56.9833
25.7167
17.5333
37.45
26.0833
50.2
25.35
51.0667
46.2167
26.25
48.6833
33
39.5167
43.3167
32.3
41.8667
17.7333
43.55
36.5833
15.8667
43.9833
42.5333
46.9667
44.7
49.3833
29.9167
31.3333
36.4667
25.4333
57.45
52.1
23.2333
44.2
56.4833
31.8
30.3
24.2
48.5833
56.5833
22.9
60.8667
25.6167
25.6833
36.0167
25.0333
18.4667
43.95
31.5167
27.1833
24.3833
35.6
59.0667
41.2333
45.6333
42.3167
44.1333
37.8333
65.65
38.1667
54.15
57.65
57.0667
27.3
55.8833
35.6833
32.1
65.9167
55.6333
61.8167
22.45
30.0833
41.3833
10.75
36.4167
39.4833
39.7
38.8833
44.6833
29.75
24.3667
40.45
24.3667
37.0667
48.65
37.2
47.4167
37.6
17.9667
60.5333
63.1
17.9833
63.8
43.85
32.4
59.4667
31.9167
34.4667
23.8833
55.8667
41.9833
32.2167
41.2333
47.3
26.45
31.3333
41.4333
30.95
23.0667
53.8833
56.9667
49.6167
47.4167
52.9667
35.9667
29.6333
43.1
57.2167
39.9333
37.4333
45.1167
29.2833
43.9667
25.85
39.8333
27.1667
38.7833
24.4167
48.75
46.3167
17.4833
40.1333
54.2833
46.1333
31.5833
35.75
37.9167
37.35
42.5
21.7833
68.4833
41.1
30.7
38.1833
37.0167
49.9667
35.55
44.0333
38.2333
21.1333
25.8167
51.3167
32.9333
31.6167
35.3167
54.3167
30.95
41.35
41.8667
29.5
42.7167
23.6833
42.6833
30.4167
37.05
28.3667
38.6
33.3667
37.8333
36.3
37.25
50.9833
34.8667
64.1167
33.5
55.05
31.9833
41.3167
30.6
10.1333
38.3
59.5667
33.2667
38.5
25.1833
49.4667
51.45
34.7
28.7
50.45
44.9833
34.1167
38.3833
50.5333
23.1667
49.9833
42.8167
11.05
22.1167
49.05
29.35
30.75
37.45
23.9833
38
48.3
32.5333
30.7833
72.8833
46.1167
46.1167
57.1167
25.8
44.9667
44
10.2333
49.8
34.7167
47.8
24.7
31.6167
22.1167
36.4
27.1833
35.4667
36.5333
33.75
42.7333
40.3
25.2167
46.9667
26.1667
46.1333
37.2667
41.95
32.1333
36.7667
62.95
43
42.15
40.35
34.0333
25.6833
34.5667
18.1
44.6833
49.95
45.65
87.0833
46.35
38.1833
39.5667
38.8
16.9833
30.6333
33.6167
52.7667
41.8667
32.8
28.8167
49.3833
50.9667
42.3
65.7667
55.05
35.6
39.8333
40.6
51.1
44.3167
39.8167
46.8
56.9833
16.9667
48.4333
23.3667
52.1833
38.3167
32.2
42.0667
34.1667
26.4833
30.8
50.2167
43.4833
34.05
33.9333
63.6833
64.9333
139.15
52.0667
25.4
28.1167
40.6667
22.5333
38.7833
25.1
17.4833
16.4
37.65
49.4167
58.55
61.3833
36.4833
30.55
42.7667
46.8333
30.7667
43.0167
23.5333
58.65
40.0833
62.2
48.7333
28.6833
24.6167
44.1333
40.2333
40.2
59.4167
32.4
21.9167
30.6
37.8
50.95
25.0167
61.7333
36.4833
51.5333
38.15
33.85
35.6333
50.5
43.2
52.9
31.6833
32.9833
53.2167
40.2833
36.6167
24.2833
45.7
34.8667
53.4833
45.3167
57.8833
25.5333
19.9333
51.1
29.9333
18.75
50.05
46.7833
52.3833
34.9
31.9833
20.9
67.3667
34.5167
63.0167
53.8167
46.6833
42.3833
41.6167
41.5
53.5333
24.2667
28.1833
41.5833
41.6833
48.7333
48.4667
30.95
33.0667
37.35
34.7
79.85
42.0167
29
36.6667
45.2167
50.4833
28.2167
32.7167
42.3167
54.45
32.8667
22.6333
28.3833
19.35
76.3333
19.0667
42.7667
42.6
64.8333
26.3167
32.5
18.5
34.4
24.4333
10.4667
52.2833
35.5167
24.3
26.3
46.8333
41.6667
23.6333
25.9
39.7667
51.5333
54.6667
47.4167
56.95
38.6333
25.7667
22.0333
39.9167
58.7167
20.5167
58.9667
35.7667
26.8333
25.1667
33.45
31.1
52.55
56.8833
45.6667
44.85
34.7
37.25
22.2667
49.35
48.7667
50.5167
34.45
45.15
35.7167
24.4667
41
30.5833
41.7667
26.3167
24.0667
26.25
37.3833
53.7167
32.3167
30.6
42.6667
30.4833
44.5667
17.7
38.3
44.0667
35.5833
51.8
44.6667
34.3167
38.95
49.75
44.4833
22.65
43.5
46.3333
23.4333
36.15
52.6167
30.25
43.9833
43.3167
51.75
31.4
48.4333
41.2167
48.9333
23.5833
29.8333
46.7833
42.1
23.4667
40.35
42.3167
42.6833
57.5
36.8333
63.3333
24.35
75.7833
43.1333
36.6167
47.7167
37.3
41.9667
53.9833
47.5333
37.7167
31.85
41.0167
45.3667
27.1333
37.6
46.4
57.5
21.0833
32.0333
61.0667
57.3167
17.8667
27.55
29.7167
30.5667
36.1
49.0667
17
31.3
39.3667
46.6833
24.2833
30.6833
25.2667
45.05
32.0667
34.0667
55.1833
45
54.35
24.4667
18.4333
32.8
51.9
38.1667
26.2833
38.1833
24.5833
37.4667
36.2
29.9167
17.6833
36.95
42.4667
43.1833
40.1833
43.5
22.0167
37.2
41.8167
19.3667
30.1167
47.3
23.8833
44.8167
55.1667
31.4333
32.9167
30.45
41.8333
38.4
55.4333
40.1833
52.4333
52.1833
32.35
23.5667
50.45
24.65
29.7833
59.9167
15.7167
44.1333
36.8167
21.8333
22.95
25.1833
50.4167
29
42.5167
48.4
52.3
31.9667
47.3
24.9333
30.4333
34.4167
24.35
40.0167
46.7667
36.4667
39.0667
34.0833
44.7667
41.7167
44.7667
59.95
49.35
48.4
33.65
22.7667
26.3333
37.5
38.15
30.4167
35.5167
42.45
29.7833
52.3833
44.7167
23.75
24.9833
26.0667
20.9667
46.0667
38.1667
49.85
53.8
24.9167
29.2833
42.9
51.0333
31.1167
30.45
42.8
45.3167
24.2833
35.7333
42.6833
44.55
30.8
60.7333
50.6667
22.05
41.2
33.95
59.4667
67.65
42.5833
39.1167
32.1333
33.6167
42.4333
50.8667
53.5
39.5833
29.8333
36.2167
38.55
35.0167
45.3333
26.2667
40.2
47.7
28.7833
47.8333
39.5667
40.8333
48.2333
33.5
34.6667
45.7
38.9333
24.3333
49.2333
50.9167
29.0333
19.55
48.2833
37.1167
47.6333
23.1667
20.3667
41.2333
43.1333
48.65
41.2333
29.8667
88.3
33.9
24.7167
44.55
16.6667
36.4167
29.8833
22.4333
42.5667
34.9333
23.05
22.2833
46.4333
33.5833
53.5167
46.65
16.6667
54.4
30.0167
16.4333
29.35
38.55
39.2833
36.3333
26.4667
45.05
50
47.15
29.95
32.8833
45.3333
30.7167
39.3
42.75
46.1833
10.1333
17.4667
55.7667
32.9
24.5333
44.2667
18.5
68.9833
42.4167
21.45
42.7
37.3667
21.35
54.2
26.4333
32.55
38.4833
30.3167
38.95
48.3167
57.1
11.4333
35.7333
43.3333
59.65
36.45
42.8167
44.1667
40.75
31.7
38.5333
53.5167
56.5833
43.1333
58.2667
26.1833
27.15
18.15
32.3167
40.9
24.3667
18.3
32.7167
25.6333
65.3
51.1
46.1333
40.5333
38.2167
25.0667
77.1333
60.8
23.6833
31.4333
58.6667
38.1167
26.0667
40.4667
47.05
41.6833
34.5
25.2
48.2333
19.2667
42.65
60.8167
37.2167
50.0667
32.95
32.7667
39.4333
32.8333
54.1667
28.6167
63.05
44.5333
45.6167
36.4833
45.3
26.05
27.9833
44.3333
38.5167
69
21.75
37.2
29.4167
34.2833
23.5667
51.9833
19.9667
36.7
25.05
25.1667
42.0167
49.65
31.3167
31.9667
44.1833
47
20.5833
28.3667
47.4833
23.15
46.8167
44.0333
25.6833
64.15
23.1333
23.6167
55.45
40.4667
15.45
48.8167
50.3333
46.7
24.3
42.3833
26.4833
48.0167
47.15
44.2667
18.4167
26.05
32.6833
45.4333
40.0167
30.7
23.55
51.55
23.8333
33.4833
37.4333
29.45
24.6
31.3
46.7667
53.6833
36.05
38.65
34.2
47.5167
41.9833
39.3167
46.7667
42.6167
47.9667
30.6667
40.1333
50.3667
32.1833
39.95
45.0833
36.6833
37.5
50.9667
39.4
44.9333
18.8667
32.25
47.5333
23.5
25.5833
41.35
50.0167
53.8667
46.9333
16.9333
33.4833
22.65
34
30.4167
54.7167
39.4167
40.6333
26.3167
56.1333
32.9333
43.2667
22.25
40.7833
34.0333
51.7333
33.3
40.0167
56.95
41.15
18.9667
40.6167
39.65
32.5167
49.9333
46.7
42.9167
55.2167
70.2333
36.05
31.3667
53.95
46.3
34.8167
51.5167
23.7167
40.05
32.85
23.0833
10.45
39.3333
46.6333
28.6667
66.6167
32.4667
34.3167
42.1833
52.7833
35.8333
27.7833
50.4333
31.1
29.9333
63.2667
33.6667
32.6833
48
30.15
33.5333
30.1833
32.7833
47.2167
32.8333
46.05
41.1833
44.9333
40.4333
65.7333
41.65
38.1833
23.0833
34.25
34
62.1333
40.5833
37.3667
33.8
41.9333
31.3333
55.1
39.25
31.8167
10.5
37.5167
38.5333
47.2833
44.7167
28.1167
34
49.3833
32.65
60.2
10.8
31.5167
26.5
25.7833
45
37.65
44.6833
41.35
30.7
31.5667
57.4
30.2833
52.1833
25.8833
56.9667
10.5167
39.3167
34.0167
26.1333
44.15
26.5833
46.3333
40.55
33.2333
50.35
49.9833
42.9
69.0833
40.8167
41.9167
36.7167
49.4333
48.1833
32.6667
32.2833
41.3
37.3167
41.4333
67.3
55.15
53.7167
50.05
49.8667
41.1167
24.3
25.5333
37.2833
43.3167
31.6667
47.2167
20.4
17.55
44.2667
52.7333
38.8
23.3833
37.4167
38.45
43.15
58.6333
32.1333
31.95
46.0833
19.7833
35.3167
48.0833
38.2667
75.8333
40.9667
33.2833
41.0167
32.0667
43.3833
46.1
27.7167
52.8167
39.2333
47.6833
47.3667
21.35
23.7333
33.4167
48.05
57.7167
29.1
29.4333
54.8333
30.8333
18.9333
41.6667
50.45
47.9333
48.4667
57.6833
34.2333
53.9333
27.05
60.7333
40.9
35.5833
39.3833
40.1333
42.25
48.4
10.5333
42.05
62.3
51.6333
31.4333
58.7
51.5333
52.9
19.4333
42.4
55.4
34.6333
19.95
72.05
61.4833
29.8
56.3333
51.4333
39.9833
71.2167
59.25
39.45
49.8667
50.7667
34.9667
46.2
59.5833
49.0167
50.9
23.6167
41.1833
33.1833
44.2667
56.4667
30.15
60.3667
36.2167
36.95
24.3167
41.7167
59.8167
40.25
35.3
53.05
24.9667
41.95
55.3
36.65
49.7
41.3167
33.1833
45.0667
25.45
30.8167
50.45
21.1667
20.05
52.75
31.6167
37.35
47.7333
39.1833
32.55
53.7667
21
33.9
27.3167
37.6167
47.7333
48.9
26.2667
48.0667
50.4333
25.5
36.8
41.55
31.8833
30.7167
18.6167
23.3667
28.0333
51.65
37.3
52.5333
24.3167
25.2
66.7833
48.6667
37.3833
31.7833
37.1667
46.8667
22.7667
40.8
43.6167
51.85
24.3
41.8167
27.9
32.4333
26.6833
37.1667
23.15
40.6167
34.1
29.4167
26.4333
39.05
39.1
58.2333
29.4333
31.3
46.1333
37.9333
71.3
46.7
48.7833
37.7333
55.1167
47.35
39.8667
31.6
34.2833
36.5667
19.75
38.1167
26.8833
38
24.5667
37.4833
41.3167
39.2667
19.1
43.6
37.8
35.8333
23.05
38.8667
33.5667
20.2667
48.9667
29.1167
17.9833
25.3167
42.9333
20.0333
43.9333
49.3167
67.55
50.45
29.05
51.05
23.95
29.0833
51.0333
31.5667
55.2
26.0167
27.9333
48.6833
39.65
41.9833
45.4667
36.5667
59.25
29.8833
32.5667
50.1833
31.7833
32.9833
30.2167
48.55
36.6833
44.3667
53.15
18.2
51.45
36.4333
55.4667
33.6333
46.6833
55.3333
32.2833
61.4667
54.4833
28.3667
47.9833
44.1833
47.9667
27.7333
10.2333
61.55
43.6333
49
44.65
29.3667
47.0167
45.0667
62.8667
63.5333
42.5
32.8833
52.25
39.8
26.05
32.45
65.6833
58.5667
30
60.7833
42.3833
29.75
36.55
33.6
54.35
51.3833
46.1167
42.8167
53.6833
34.4167
33.7333
45.1667
30.35
11.7667
52.6333
36.1833
21.8
25.6167
50.5
31.5
32.9333
64.2833
43.2333
23.2
36.0667
10.65
31.2
31.2833
61.3667
41.4333
19.9167
29.0833
39.4667
42.9333
46.0333
44.2333
48.0167
18.2833
31.9833
52.6833
19.95
46.1833
44.05
50.8333
61.7
40.4
33.7333
51.7333
33.3333
43.4333
63.95
33.75
83.2167
21.1667
34.8833
27.2167
36.95
54.2
20.95
33.6833
23.5167
44.2167
20.6
18.5667
33.5167
21.6833
57.4833
58.5167
33
50.8833
51
37.5
37.8667
45.6167
32.95
47.1667
51.9
54.9
58.1833
44.9667
21.1833
37.2667
26.8833
39.2833
46.75
31.6333
34.9333
55.2833
41.4833
20.4833
19.2167
45.2333
37.2333
25.5333
51.1167
32.35
43.0667
57.45
30.9333
22.0333
37.6667
34.5
54
22.15
21.7667
63.0667
27.5833
33.5
32.9
64.2833
45.55
42.1833
28.2333
49.9167
45
38.8167
37.0667
28.2333
46.05
40.15
49.6667
39.7667
42.1167
40.8333
19.8333
16.6833
43.6833
21.55
43.0333
46.0667
21.0833
46.6167
47.9
38.8
40.0833
33.1667
40.3833
31.4833
25.1
35.65
32.1833
60.3833
42.8833
49.7167
25.55
25.3333
22.5667
47.05
35.3
40.4
18.4667
46.9667
22.2667
54.3
56.7167
52.1333
47.7167
42.2833
38.3833
38.4667
45.4833
40.0333
44.5333
35.8333
45.1833
28.2
43.0333
32.5667
43.3
44.3667
48.5667
50.3667
48.3333
22.7667
29.0333
30.4167
48.5667
53.5
62.8667
54.0833
59.0833
35.7
49.3833
29.3667
36.7167
26.2833
39.3
41.3667
33.8833
44.9667
47.75
30.45
47.1333
37.9333
38.5333
17.4
11.6
50.65
46.0833
53.8333
39.85
58.1667
36.0333
23.4167
44.0333
38.8333
32.4667
42.4833
40.1
45.35
49.0333
48.35
53.5
34.55
40.8167
70.1167
30.1333
46.0333
51.0833
44.1167
46.35
63.0833
50.4
57.15
57.8833
27.6
23.35
40.0167
25.8833
68.05
18.9667
18.5667
42.5167
50.5333
33.4833
95.3167
54.8667
19.1333
31.4333
36.9833
52.25
26.8667
42.3333
33.35
32.4833
59.5833
38.3833
30.5833
65.5833
25.9333
39.45
28.8
61.45
42.5
44.4833
54.0333
54.5667
46.6333
57.3667
38.6
60.5
41.0833
19.7167
42.2167
29.3
39.1167
18.85
42.1333
39
21.4667
54.8167
63.3
31.4833
68.1
32.9333
50.65
43.75
18.5833
43.6667
50.0333
24.45
17.5
56.9833
45.0833
55.7833
38.4167
46.8333
34.25
41.7833
26.0667
31.3167
33.95
41.25
53.05
37.75
32.5667
39.8833
25.05
37.6667
22.5
52.0667
21.9
38.1667
33.15
43.0167
44.7833
24.6
27.5
44.8
50.4
32
25.45
43.1833
41.6167
28.4667
44.25
24.3167
41.4
29.9333
50.5
24.3
46.8833
46.0667
33.7333
53.2833
52.3667
30.05
45.2333
37.0333
43.1167
49.35
54.35
53.0333
57.9167
32.2167
55.7333
31.3167
45.1667
32.2333
53.4667
45
41.7
37.3167
51.9
36.45
10.4833
34.7833
53.5167
55.8833
58.9333
38.1333
57.3
38.9333
54.9
53.85
47.7333
30.5833
32.1333
60.5333
44.6833
26.4
41.8
16.9333
32.45
48.1
38.1
88.5
30.0833
33.0833
30.3667
42.9833
34.55
48.5667
64.2
31.1667
50.8
40.35
16.2333
49.7
18.55
36.0667
57.6667
23.6333
34.5
30.1167
30.4667
47.5667
51.3
28.2
31.8833
34.6167
52.45
29.7333
22.55
10.7333
26.2333
36.5167
36
18.9667
46.2833
37.4167
42.7667
28.9333
56.0333
32.4833
48.5333
29.6333
35.6667
24.5167
33.9167
42.75
72.65
35.7167
49.4
26.6833
41.2333
30.7
44.2333
41.4833
49.9833
20.0667
51.1333
46.6833
24.3333
33.6833
22.4167
28.9667
38.8833
56.1833
37.35
24.3
47.0167
35.4167
18.6
34.3167
29.6333
52.0833
25.6667
46.85
36.7
47.8667
38.2667
52.5167
43.95
38.8
16.9333
45.2833
28.45
16.9333
36.5333
28.0833
30.3667
35.65
46.0667
28.5333
35.6333
53.15
58.5167
47.6
49.6167
49.9333
40.4167
43.2667
51.8833
29.9667
30.4167
30.2833
37.4
50.9833
34.5667
37.35
39.5667
24.3667
44.2
21.7833
19.3167
32.9333
44.3333
41.4
50.7667
49.85
38.6833
46.6833
27.1333
41.7
67.6167
20.05
49.9833
40.75
35.0333
30.2167
33.4167
40.4
55.1333
33.05
37.3833
49.9333
41.95
51.1
50.4
33.4167
34.6667
39.3
56.7
41.35
25.0167
39.9167
35.0333
40.75
43.55
42.0667
63.9
42.15
26.6333
48.4
64.4833
44.4833
46.0833
25.5667
65
39.45
40.3667
30.0667
54.3333
30.3667
25.5833
50.5
33.0167
44.7
22.6
31.2833
51.8167
25.85
41.5
52.1833
46.7667
25.8333
34.1833
50.1333
52.2833
50.8333
18.2833
18.2833
27.1833
42.7
20.2167
29.9167
40.1167
32.7
69.8833
43.2
54.65
43.9167
29.8
49.3
40.3667
11.4333
40.4167
41.5667
41.6833
33.05
58.5
24.3167
23.2167
34.7667
43.2167
58.3833
37.3333
53.45
52.0333
41.95
33.1167
38.8333
42.5167
36.0167
40.6
44.5167
32.6833
38.9833
49.35
37.4333
56.15
34.05
48.8167
30.1333
45.7
46.7167
45.0667
22.5833
26.5
46.7
56.15
56.9833
62.3
50.8833
44.2167
48.3
48.15
46.8667
54.4
47.5
42.75
47.5
26.1167
40.35
42.25
40.2833
23.5667
49.9667
19.6667
27.85
51.6667
49.9833
24.35
72.3333
43.2
32.9333
32.4667
62.4667
40.2833
35
38.3833
29.4
39.5333
34.5167
48.9833
56.5167
34.95
33.4667
56.9667
24.4333
30.3167
59.6667
40.2833
44.7
42.6833
43.65
24.3833
69
55.6667
48.5833
59.3333
32.3667
36.9833
40.25
48.6833
43.85
36.9
52.8167
47.0333
36.9167
50.8667
59.2
31.4333
24.2667
26.1667
53.4667
23.7667
19.3333
33.6833
46.7167
26.2167
46.3667
31.3833
49.9333
43.4333
56.8667
51.0667
18.1833
47.9667
48.3667
26.3667
41.4167
19.9333
45.8
65.8833
36.35
56.15
52.4167
42.45
39.1333
59.3667
52.15
26.5333
33.3333
45.35
41.9333
38.6
65.0167
66.85
32.6
41.2
31.6833
31.4667
37.85
48.7833
36.6
32.3833
55.3167
47.3167
51.35
42.85
40.5
42.1833
41.1
54.4833
29.8833
32.2667
48.9667
38.6333
18.2
39.4
42.1333
22.4167
44.9167
33.5833
45.2833
50.4333
43.0833
43
31.6167
40.95
56.1
40.05
39.4667
55.7667
32.0333
60.3333
62.3333
41.5167
36.4667
21.9833
44
41.6333
35.5333
45.85
48.9667
40
54.2
45.25
32.05
54.1
36.4333
58.6667
38.15
42.8833
69.4167
22.9667
41.35
43.1167
37.5667
51.3667
16.8333
29.4
23.1
11.4167
51.2667
38.2333
33.9333
63.2833
46.3
19.65
33.8833
35.9833
33.45
29.0833
20.0833
26.9
39.2667
33.35
28.9333
70.3333
18.6
39.15
26.7833
40.1
32.6667
24.2833
32.9167
31.2833
41.9833
25.45
47.15
39.6167
29.8167
39.3667
38.9667
30.2
17.9667
56.3833
37.55
44.45
17.4
26.2
61.45
22.0667
49.9833
38.45
33.45
49.5667
23.5833
22.0833
43.9167
69.4667
28.9833
43.2
42.4667
40.85
32.65
31.3
10.5667
45.3
33.6167
16.6833
30.1833
28.65
42.2833
59.95
39.2167
25.1667
43.65
51.8333
51.7333
30.75
27.3333
57.35
19.5333
33.4833
31.5
49.3
16.6167
53.8
24.35
25.7667
41.2667
31.7667
32.9833
33.9333
33.7
39.5333
39.4667
42.5833
45.35
54.6167
23.0333
36.4
43.0833
39.7333
47.4
33.25
10.3333
22.25
28.9667
35.5333
23.6
18.8
57.4
32.9167
38.1
37.8167
36.5833
64.2
32.5
53.7
24.4333
29.8333
27.65
42.3833
57.4
29.25
40.4833
52.25
29.8833
29.7167
40.7667
16.8333
69.9333
33.5333
42.0333
62.4
50.25
40.3167
16.35
54.3667
25.7333
32.8667
28.7167
36.7
35.95
38.0167
45.15
72.6667
33.5167
27.85
29.8167
9.41667
37.3833
37.5167
23.1
10.3167
59.0667
40.2167
57.3833
38.2
21.2167
30.3833
45.3333
37.6333
42.9
25.1
42.5333
50.1333
22.55
40.7833
38.15
9.95
44.5
27.9167
41.1333
24.85
33.8
33.65
42.8833
67.3167
34.0333
52.45
23.6667
44.1667
24.2667
29.3333
22.5167
42.85
48.3667
31.4667
39.15
38.4167
22.05
31.1833
26.4167
33.3833
38.5
24.3667
29.9
36.2
30.2333
33.6667
35.5333
48.4333
58.5
51.9167
74.7333
22.9833
38.9833
24.5167
46.05
59.1333
26.1
29.9167
18.7167
29.7833
48.9833
28.7167
53.65
64.65
30.3333
52.6
46.0667
29.2833
29.2
29.1
59.3167
37.35
41.2
16.9167
51.75
36.75
41.9333
44.75
17.4
24.3167
38.8333
45.7167
23.4167
36.8333
20.9
35.6833
29.9
36.6167
52.1167
35.7
29.7
42.4167
58.9833
26.9667
38.25
22.6833
21.6167
24.2667
68.95
37.2833
57
40.8667
42.8667
31.4333
16.7
36.5333
44.6
50.4167
42.1333
42.9833
49.3167
42.7833
29.9333
26.3833
54.0667
34.4333
59.05
29.9167
24.3667
22.6833
38.9
27.0833
41.6167
44.4333
48.2667
34.5
21.8667
42.0333
46.7
31.4833
56.4333
15.7667
25.0167
37.0167
48.5333
23.1167
40.3833
60.3333
45.7
31.3667
56.15
19.35
35.25
50.5833
9.76667
54.0667
41.35
30.45
67.3
32.6667
42.9333
26.5833
38.9667
25.5333
47.8333
32.55
37.8667
28.6833
51.6167
30.2333
50.4
41.5333
27.1167
74.25
37.25
19.0167
61.0333
38.4667
50.4
60.4667
24.2833
34.15
38.4
39.0667
25.2
26.8333
18.5333
54.1167
25
32.0833
18.7
9.65
30.4167
26.5833
23.7333
31.8333
43.5167
25.55
39.7333
58.3167
49.4
33.0667
51.7
47.8667
24.45
26.4333
52.9
45
30.2333
50.3833
46.1
43.3667
20.5
51.9167
41.0333
25.1167
46.1
43.0167
27.15
43.1
49.15
40.7667
41.8167
42.6333
43.5
46.65
38.9667
38.2167
41.9
34.6833
34.2667
51.0833
40.1167
42.8333
44.3167
52.0667
55.7
45.3833
42.65
48.8
26.6833
64.8833
26.1667
63.55
22.5333
18.65
18.6833
34.7167
23.6
70.8167
38.9833
59.8333
38
37.4833
33.6333
41
56.7333
72.2167
50.4667
25.3167
44.6667
25.0667
18.2167
17.15
33.1833
33.1
47.9333
46.3333
40.8333
47.0167
41.0833
34.6
24.2833
37.6667
42.5667
34.5333
36.9333
34.5
40.1667
27
34.4
36.6333
30.6833
18.9833
21.2667
33.1667
54.2
42.7667
33.1833
53.7167
26.2
35.0167
47.2
64.7833
32.4
51.0833
26.1167
47.4833
44.4
62.1833
46.8667
36.0333
39.8667
56.6667
32.35
28.6667
30.75
37
34.0833
28.6667
49.6833
39.1167
25.2667
56.9167
44.95
46.0833
21.55
32.25
23.2833
31.6
49.6833
38.9833
24.85
54.1667
35.9167
49.3167
24.6833
44.3167
47.4
25.4333
31.5333
23.5167
26.75
51.6833
52.4833
52.5
33.5667
37.2833
22.3167
52.3833
18.0167
41.5333
61.7833
29.2833
41.3833
23.7167
29.2833
11.7667
29.9
41.25
29.2667
38.6
41.3667
52.55
37.3333
35.9667
28.5667
30.9
37.4833
48.3167
31.15
49.2167
26.7167
37.9
36.3167
38.3
27.3667
16.6833
48.2833
24.4167
24.9833
25.25
36.2333
23.6167
34.2167
44.6167
37.1
27.5667
24.4833
78.05
37.8833
46.7
37.3667
30.0333
37.7
30.5167
26.4833
41.4167
43.9333
39.7833
23.2333
48.7
36.7667
49.3833
53.9833
22.4833
36.1333
64.2667
25.4
33.6167
52.6667
46.1167
27.8667
23.0167
31.3667
34.5
36.2833
44.3167
55.1667
37.6833
32.1833
38.8667
55.8667
52.6667
49.4667
19.7167
41.3167
49.9333
51.15
43.2833
37.0333
35.6
58.5
36.75
23.2667
42.5667
41.9667
42.1833
42.3167
31.3167
53.8667
46.8
22.7333
61.0167
44.2333
31.6167
39.7833
57.7833
29.6333
41.6833
16.8333
23.9833
49.8833
30.3667
39.6167
31.2833
58.65
48.9333
52.6167
26.1
47.4167
42.9667
44.3833
37.3167
43.6833
23.2833
24.45
33.7167
39.25
43.05
44.2167
37.9
29.7833
15.8833
36.5833
64.0167
39.15
16.6833
40.7667
39.3
58.5333
44.5167
28.9
23.1167
25.8
23.6667
49.2833
29.2667
44.0833
25.6167
9.75
30
35.7
43.8667
41.7667
39.6833
30.0333
53.4167
30.4667
23.0667
22.2167
25.4
38.15
34.3833
21.3333
32.4167
22.3667
28.6
34.85
41.2833
18.5333
52.0167
52.95
18.4333
25.0833
40
53.1
43.4
58.2
40.2667
44.9
58.5167
38.5333
52.3833
58.8333
39.6833
23.0667
28.15
18.7
45.4167
26.7167
43.5667
44.9833
25.9833
23.05
59.5667
44.4167
41.85
26.8833
33.75
46.35
32.5333
47.7833
65.2167
44.3167
19.3667
41.35
43.4333
41.2833
42.3167
33.5
64.1833
55.3667
39.8167
39.9167
34.1
62.8167
23.9833
49.7167
37.4
33.1667
57.65
29.7167
34.4333
41.8
53.65
30.8333
44.4333
36.1833
30.5833
28.2
48.6833
56.7
40.7333
39.6833
41.5667
40.2167
49.9
34.3167
22.2333
17.2667
26.35
39.85
47.6167
32.8167
57
45.4333
46.6167
38.2167
55.15
27.2667
43.5167
36.35
36.2667
57.35
39.0167
48.9667
30.7167
19.4333
29.3667
55.75
41.9833
60.6167
24.95
39.2667
67.75
54.2833
42.4167
49.2667
47.0833
47.6167
28.7833
60.7333
51.8
37
33.25
38.7333
32.2
12.4833
55.4
46.3333
44.25
45.7667
39.4
40.3167
37.5333
57.5833
32.6333
48.25
57.5667
42.0167
36.4167
40.1667
31.7167
27.7
48.4667
55.2167
46.0667
31.4
42.4333
46.1
25.6167
24.8333
43.75
40.6833
23.0833
19.0833
49.1833
42.6833
26.0167
32.2333
59.05
16.6
38.9167
50.4667
22.05
40.0667
52.7833
37.3333
16.6
26.6833
47.3167
50.4167
43.1667
30.7333
45.9
64.5833
48.2833
44.85
25.2
27.2333
35.2667
55.4167
54.35
23.1833
44.2333
38.1
45.9667
35.9667
33.0167
48.9833
36.2333
19.75
33.7
26.5833
48.4833
25
30.5333
20.2333
31.9167
57.2167
57.1333
40.9333
44.3333
61.9833
35.4833
83.2833
37.8833
39.1667
29.7667
39.2667
44.65
29.6333
23.2167
42.6667
54.4167
46.7
48.1333
40.9167
41.5167
55.9333
52.8833
39.9
33.2667
59.6167
47.55
36.1667
34.2
44.6
46
24.3333
46.2333
34.3667
28.3333
29.1167
33.6
31.4667
40.1667
61.4167
40.2667
25.25
47.6333
51.5833
55.85
17.0833
38.2167
10.25
42.35
41.45
53.65
41.5
42.9667
40.0833
29.7
26.1833
26.2833
41.7167
24.2333
50.9333
40.15
31.8
31.9833
31.45
43.5167
38.9667
21.05
43.3333
39.3833
47.9167
22.4333
40.1333
36.7
40.8833
32.0333
34.05
29.6833
40.2333
36.1667
64.2333
33.9167
31.0333
42.7667
52.85
31.55
32.2333
37.3167
42.4333
29.6833
41.9333
48.3333
17.9667
60.1333
37.3167
42.05
32.25
23.2667
44.5167
24.9333
37.6833
41.8167
29.8333
44.0167
18.8833
45.7667
38.45
24.4167
26.6667
42.4167
19.0833
39.3333
42.3667
49.6167
42.5667
24.1833
41.6333
34.8
62.95
37.1333
23.6333
39.6167
50.35
30.1667
43.3833
17.6
32.1333
31.1333
32.35
47.3167
31.45
30.2833
32.8167
33.2333
38.7
41.1167
64.5667
32.8667
42.0833
46.2667
29.6167
57.35
44.0833
42.9333
53.8167
19.7
30.65
28.4667
41.8833
33.3
45.6
43.95
28.9833
40.5167
24.3833
50.8
50.9667
57.3167
34.4167
49.3333
44.9
24.4
50.7333
54.75
72
55.9333
19.8167
54.55
36.2333
41.9167
35.3667
37.2333
29
40.85
50.4
46.1
39.45
12.45
52.2333
36.6667
59.3
30.5333
58.15
64.25
40.1667
46.3167
37.85
39.3
59.2
30.45
40.7167
40.9667
45.2833
64.2667
43.0667
55.65
70.9333
52.35
19.45
38.5333
47.6
53.8833
61.6667
59.6
47.6
40.7833
34.05
31.4
34.25
30.3333
45.1
42.1
51.35
24.3667
54.15
9.73333
42.3833
35.8667
46.6667
37.2833
17.9167
45.6167
38.1167
38.2
46.1
43.5167
40.1167
38.1667
38.6667
54.25
55.25
40.4333
28.3833
34.4833
41.7
25.4167
33.75
28.0833
39.2
33.15
20.1833
31.0833
29.7667
35.6833
54.1167
46.65
53.7333
75.2833
43.7167
46.5333
45.7833
26.6833
37.2833
67.5
46.25
31.5
25.0167
38.8
20.3833
9.96667
44.0667
53.5667
37.5833
41.9833
18.2
34.65
37.3167
30.1833
30.2833
65.5667
44.4333
55.3333
40.9
56.6167
35.5
30.1833
40.3333
42.9167
50.7333
27.9
54.5833
43.9333
22.3
19.3167
34.45
58.45
26.2167
42.0667
51.1333
39.1167
21.85
30.0333
46.05
57.5333
11.0333
25.7333
61.4
42.3667
36.2833
51.25
49.1333
23.5833
59.3667
37.2333
38.5333
64.5667
37.8167
50.8833
39.2833
27.0833
36.0167
57.95
39.2167
43.2
48.0667
23.7333
53.6
37.1667
33.75
73.7167
56.9833
30.15
26.2833
10.45
37.0833
37.7
59.85
55.65
40.1167
42.6833
45.9167
43.85
36.85
35.6833
42.6833
25.95
39.65
39.1667
41.2
42.55
36.5
43.85
31.4333
76.55
23.75
29.9833
24.5667
32.8833
49.85
37.3333
60.45
41.25
44.4167
23.4167
39.6333
28.3333
37.95
29.7
44.3833
46.8
36.8667
17.8
50.6
45.0167
34.5167
42.0833
64.5167
41.2833
57.5167
57.2
39.75
43.4833
26.2333
17.7667
28.8667
53.4
46
36.1333
17.7833
29.6333
33.15
25.4
64.0167
29.7833
17.25
26.4333
62.2167
28.6667
50.8167
18.1667
39.9167
38.5333
36.5833
50.9667
43.7833
48.2833
24.3333
45.5
44.5833
50.3333
51.8667
43.7
39.4167
23.6167
59.1167
48.4833
26.5833
30.2833
41.2
22.4
18
43.1667
47.5167
33.1167
51.05
44.8833
29.1833
31.0667
43.6833
44.8333
31.1667
57.9167
24.7
24.25
22.4
32.4833
30.6667
57.1833
39.3
53.7667
37.1167
42.6
46.65
46.75
40.65
54.6833
34.5333
43.1167
41.5833
38.4833
58.9167
41.2
26.3
42.1667
42.6833
45.4667
40.1167
26.7333
32.85
38.2
41.8833
41.5167
36.7667
28.6
42.1667
50.0833
41.2
41.85
28.1667
46.5333
47.4
65.05
57.3667
42.1
47.0667
44.5833
64.8667
27.15
31.3667
39.25
42.8667
42.55
25.4667
52.3833
22.8667
63.4333
19.7
33.3333
56.55
40.1167
35.45
11.7333
46.0167
42.1333
39.9
41.5667
52.0167
59.4667
18.95
40.1667
48.2
32.2167
24.3833
40.9
18.7
43.7833
41.4833
28.0667
51.8833
48.2333
25.7167
40.1167
50.35
41.2333
33.7333
63.2667
39.9333
51.0333
35.0333
40.9
42.0667
51.1
28.1167
43.8167
39.15
19.65
37.2
27.0333
48.25
42.15
36.6833
62.35
44.5667
45.5
24.9833
42.8333
47.25
58.7167
48.5333
65.1833
54.0667
53.7667
50.3667
41.3167
40.65
37.2167
51.8667
28.7333
34.6333
46.9
55.2667
34.4833
49.95
30.1167
24.8333
30.7333
38.65
40.25
36.8667
31.5333
51.1833
47.25
53.6167
31.7167
43.6667
40.8333
38.0667
36.0167
37.45
63.1667
15.5167
48.9167
39.0667
23.3833
29.8667
37.95
24.1833
29.6667
21.95
27.3667
21.5833
22.85
26.3667
33.8167
40.6667
70.45
39.2333
32.6667
38.3833
36.4333
29.6333
44.9833
46.1667
39.5167
53.9833
38.25
46.7833
54.2
44.3667
37.3333
32
31.1333
49.1667
28.9667
54.6
41.5333
38.4
52.2
18.1833
58.0333
46.1833
34.05
25.55
21.2667
55.9833
47.0167
26.0833
29.9
56.7833
57.9833
43.4
27.2833
30.5167
35.7333
23.05
59.2333
55.5833
53.7333
24.35
50.7667
34.45
36.2333
44.2
22.85
38.0833
44.15
31.3
33.4833
41.1667
37.9667
31.3667
33.5667
24.3167
51.25
35.3167
39.3333
51.7333
43.5
38.0833
46.3333
56.6833
23.2
28.3333
50.9167
49.85
64.15
42.5667
33.7167
52.0167
41.25
51.4167
53.1833
29.3167
34.15
33.2333
49.3333
26.95
68.05
26.4333
39.6833
68.9
49.2833
47.1333
33.0333
26.0833
46.4
40
37.5667
41.55
38.6
33.7
43.8667
44.9167
39.15
32.7
58.55
58.65
27.0333
68.9333
54.5833
39.5167
36.5
51.2667
55.9
24.2
71.1833
31.8333
39.1333
44.9333
23.5167
32.8333
52.7333
31.35
57.7
37.3167
38.7333
46.3167
56.3667
60.0333
50.25
27.3833
37.6667
51.4167
38.7167
24.8833
44.55
32.0167
38.7667
33.65
50.5667
63.2
39.8667
19.8167
39.45
33.8333
43.1667
34.0167
45.0833
30.4667
26.6
49.1667
34.7
23.1833
26.3167
47.5333
48.1667
43.0833
52.4
28.0167
45.2833
26.9667
43.1333
54.2
60.4333
60.2333
39.25
56.8333
25.7167
25.5667
32.35
31.3833
23
39.1333
31.4667
44.75
31
54.8667
52.6833
54.3833
42.8333
35.65
34.8833
63
33.95
45.6167
51.6
59.3
72.95
45.7333
17.6833
43.5
36.8667
29.1
44.5667
36.2167
28.4333
29.8
44
40.3
33.4667
62.45
46.2667
34.1
42.1833
38.9167
47.0333
53.3667
37.55
41.1667
40.1333
25.25
40
48.35
24.1667
41.7
42.15
55.3167
32.1667
30.5167
45.7167
49.6167
23.3833
42.4667
30.1167
28.7333
42.7333
46.3333
39.9167
32.5333
45.9667
32.7833
40.15
17.2333
31.9167
24.3333
23.5
36.7667
48.1667
68.9167
36.8833
33.85
31.1833
36.8
33.3667
35.9833
22.0833
44.3167
17.2333
19.25
45.9667
25.7
41.2667
29.2167
45.2833
41.85
23.0167
24.8333
47.9333
31.8
40.8667
37.5
26.2167
45.3833
52.05
41.85
64.35
35.55
54.85
32.4167
26.65
63.6
42.5
22.8667
50.5833
33.4333
32.5167
11.4
48.0167
44.9333
31.7
54.9333
31.4333
41.2
26.05
24.3167
55.6167
35.2333
41.3333
30.25
38.5333
38.85
37.4
50.4333
32.8
36.6
34.35
31.3333
43.7333
39.45
24.1333
17.4667
44.4333
24.2
27.4167
32
33.75
28.1
43
32.0333
36.3833
44.8
24.15
38.0167
33.45
46.8
42.7833
38.55
50.4333
44.2
36.5
59.5333
58.5667
25.4
36.6333
27.5
33.0667
35.8167
26.1
38.5333
28.5333
32.8167
22.5833
38.05
43.1167
52.1
57.55
39.1
39.35
41.1
45.6167
53
48.5167
42.95
58.4167
36.85
42.55
24.2833
39.5833
38.9167
38.8333
39.4
41.1667
31.1167
25.7167
45.6333
29.6667
10.8333
42.85
34.3167
50.3333
39.15
47.3
37.7333
38.6667
23.5
30.9333
22.5
26.0333
26.5333
29.1333
30.4
16.9667
26.1167
56.5167
50.8833
50.3
50.3
35.3667
40.1667
28.2167
42.4333
24.3167
52.05
53.5667
43.2333
51.3667
32.3833
53.3667
18.6
19.7667
27.2667
38.8833
41.4833
33
38.15
48.0833
52.6667
41.2167
42.05
55.5333
54.8167
41.2
46.0333
53.5333
27.6833
24.35
33.3667
39.5833
19.4167
37.5667
53.7
62.1167
31.5333
43.1667
50.3833
56.5333
38.65
40.3
31.65
50.3167
40.25
38.0833
40.2
47.5167
38.35
24.7667
33.3
45.1833
27.6833
41.9833
44.5833
60.4167
36.65
48.0833
38.1
55.4333
43.55
41.9667
33.1667
20.2333
40.5
48.8167
28.8667
52.6667
27.7167
47.6833
28.5333
40.1333
32.9167
26.2833
37.4667
32.7833
70.45
26.05
32.9667
41.2333
17.4667
49.9
32.8667
52.5333
43.4
41.15
70.8
28.7333
46.4
39.6
28.2667
24.45
41.8833
48.8833
68.6
33.25
34.1
45.9167
47.4
52.2333
25.2667
47.6833
37.4
33.4833
30.1667
45.55
45.3
31.1667
37.45
31.5833
26
31.6833
29.85
39.9333
38.3667
57.3667
35.3833
38.7
36.15
22.9
30.5333
44.8167
38.0833
39.7167
24.2333
33.0833
41.7833
38.3167
34
32.65
47.2333
18.3667
43.05
39.9167
37.65
51.8667
52.9167
38.7167
16.9
51.4
29.8333
44.35
45.0833
32.7333
26.4
34.1667
39.9
45.3667
48.6167
26.2167
38.4833
35.3667
31.4
31.55
32.2333
17.4667
43.6833
45.9667
30.9833
19.6167
18.1167
39.3333
25.65
47.75
56.0333
44.3
50.8167
44.15
30.5
29.9667
24.6333
52.8833
45.25
34.1
41.1167
33.3333
25
37.3833
25.5833
33.8
55.9
38.0667
31.05
46.6
30.0667
25.8333
34.95
31.15
51.0667
29.55
30.7
50.2667
34.9833
32.55
31.7833
33.8167
26.0333
38.55
38.0167
32.9833
23.15
38.05
32.5
30.7833
32.2
46.5167
29.6833
18.6833
32.4833
34.3
44.4667
38.0333
23
40.0833
63.2833
41.1667
61.3833
26.7167
26.3333
41.8
24.8333
39.6333
71.1833
26.25
31.8333
51.3667
43.4167
41.15
51.85
32.85
43.8333
24.9667
37.0833
55.9333
32.5833
35.6167
39.0833
105.783
34.55
49.3167
38.2333
43.8167
17.6667
45.5
25.6167
43.2667
32.8
47.4
36.6667
46.55
27.4
41.8667
48.95
23.3833
32.1333
44.1333
38.2667
28.8667
41.4667
42.3
33.5167
48.6167
47.4333
42.9667
51.5833
41.6
24.1833
49.55
46.1167
43.2667
48.3167
37.1833
26.5
39.15
50.3667
39.9833
27.2667
48.0833
24.15
45.3167
41.75
39.7
71.9667
39.6
60.3833
42.0667
49.3167
31.7167
49.7833
45.9667
34.9167
41.9
48.3167
61.2333
46.25
39.0167
63.4
58.5667
40.0667
25.0667
35
26.4
39.4333
58.3833
44.8667
36.9833
35
54.7
26.6833
27.6167
34.0167
45.8
52.95
46.95
42.9833
25.1333
45.4333
60.0333
51.8167
46.9833
50.35
44.1
40.3167
28.1
36.4
67.0167
28.6833
17.5833
50.5667
46.9333
19.4
27.65
23.1333
68.1667
42.1333
26.9
31.85
43.7333
45.7
25.5333
42.6
29.6333
44.7667
47.7333
27.4
24.6333
41.7167
41.2
37.25
27.3167
26.4
46.4167
44.9167
24.3167
33.7833
43.45
29.35
32.4833
43.9
41.35
29.5167
48.1833
39.95
116.433
36.3333
41.2833
45.3833
38.75
37.6167
36.85
26.0833
23.0667
43.35
27.9167
45.45
47.75
40.1833
26.7
37.45
53.7
44.9833
44.4167
36.5167
38.1667
39.7667
38.4
46.0167
50.9833
32.1333
38.2333
40.0167
41.3667
32.7333
33.8
37.8
18.55
33.3833
38.8
41.1667
32.5667
25.7
49.4833
31.35
31.3667
47.55
45.6
26.7833
27.9833
52.25
28.9667
29.5833
10.4667
36.9
32.8167
35.7167
43.3667
31.5167
32.5167
26.0167
55.8833
29.9667
49.2167
26.5167
49.7833
42.6
44.7167
47.5667
41.9
53.35
44.4667
53.6333
40.4333
58.9333
40.0667
36.4
42.8667
44.25
47.3333
40.3833
43.9167
42.6667
43.6
39.1333
46.2667
49.3
25.3333
33.5
54.7333
38.0667
34.95
49.2667
35.6167
37.6333
37.2
57.3333
37.5833
52.7833
44.8
37.2333
34.95
72.9333
42.05
53.3667
41.1167
67.7167
43.9
34.85
27.0333
22.9
38.5833
39.3833
34.2667
25.85
33.8833
58.2333
52.5667
41.6833
41.9167
20.7667
29.6833
48.1833
25.6167
64.8333
35.95
26.2
32.2667
33.0667
37.0333
37.9833
50.2667
48.4833
38.7167
36.55
63.1167
51.45
38.1667
28.7333
24.4
44.25
63.4167
35.4167
32.4
37.6333
30.3667
41.75
31.5333
31.6333
23.4
46.6167
41.65
57
32.05
38
39.85
60.0167
54.9833
46.6
41.3833
19.9833
49.8667
39.3333
53.5667
59.6167
33.95
47.2
29.2833
39.4833
36.8
25.4667
50.8667
52.4167
41.2333
52.5833
41.6333
37.5833
44.2667
20.85
19.8167
45.4833
10.8167
27.5833
31.8833
63.35
30.8333
49.2
54.85
64.7167
43.6
25.4833
40.7
58.45
42.3833
26.8667
27.4167
47.1
32.8667
19.65
82.15
31.4
40.1333
32.5667
41.35
25.6167
43.8167
39.4333
56.9333
41.2667
57.5333
42.0667
36.3167
34.6667
45.5333
41.75
57.45
57.4333
46.7333
35
34.2333
39.5833
18.1833
45.2
39.3667
19.0167
45.9333
53.95
11.0833
54.0333
29.05
48.3833
48.3167
66.5167
31.8333
81.8833
39.1667
49.1333
26.2833
25.4667
46.5667
45.0667
35.5333
31.4
45.9667
57.6833
48.5167
79.1167
40.0333
25.8667
47.2833
33.6167
34.1833
24.3
54.0833
66.55
32.8667
45.9333
44.1667
31.5333
41.95
40.15
42.1167
37.2833
47.6833
46.15
27.5167
39.1167
54.5833
50.8833
29.85
25.4333
41.35
47.15
42.05
33.6333
29.7167
63.25
44.1
30.25
30.4
48.5167
44.7667
44.95
17.9833
37.3667
48.4833
39.3
32.3833
43.4833
55.8167
30.4833
38.0833
31.6
57.9167
36.2667
27.8167
37.3
36.5833
57.5333
45.2167
54.4
90.95
24.9
48.8667
15.75
44.95
43.3833
44.15
17.2
35.75
28.7667
37.8667
45.9667
40.6167
44.5667
37.25
18.3667
29.8
31.1333
50.9667
37.0667
50.8833
31.3167
21.9333
50.5
36.15
22.55
56.4167
22.7667
49.2
38.9167
35.5
56.45
37.25
37.0667
17.35
31.9833
39.65
26.5667
37.35
31
30.7667
9.61667
36.9167
50.5333
31.3833
37.15
37.9333
45.35
50.75
24.2333
33.45
67.2
45.45
43.5
42.55
31.4333
36.85
33.25
31.65
34.3167
45.1
39.3167
56.9333
33.8833
25.2667
32.2667
60.0667
40.9
73.9333
45.9833
35.4167
24.2
27.3333
37.2833
45.45
40.0833
43.5833
56.4833
35.4167
46.3667
46.2333
44.5167
49.65
40.65
68.9167
35.95
43.3667
53.3667
41.2667
37.05
30.4333
63.5667
40.6333
31.3833
35.9167
60.15
39.6167
15.8
32.7833
23.85
31.6667
25.9833
32.2333
38.5167
44.0667
25
33.9167
33.65
44.6
48.45
46.5
43.6
46.8
55.8
35.9167
33.3333
32.8167
49.55
32.85
31.5667
25.0167
26.5333
46.5833
30.5833
46.95
56.5667
31.4833
43.9
24.8667
57.0167
47.0333
25.6333
37.6167
32.7833
37.9
41.3833
32.55
43.7
45.8333
25.4333
40.35
38.5167
67.3833
42.8333
32.5667
45.1167
52.5167
44.2
39.3167
58.9333
32.85
45.6833
41.95
34.85
63.3
26
53.7
57.85
62
44.0333
60.0333
57.7667
59.8
33.3167
39.7167
48.0833
36.1833
31.1833
24.4167
46.8667
32.4667
32.8
41.3333
56.4833
32.3833
63.8333
41.85
58.95
52.5167
32.2
55.2167
36.6667
35.6167
55.05
26.55
26.0167
45.25
31.85
53.4167
53.0333
36.95
26.4667
36.7833
35.4167
53.9
38.4833
58.3667
23.4167
43.9167
43.6333
19
17.2667
36.4167
32
42.5333
43.2667
52.1333
37.65
40.35
22.7
50.8
38.2333
32.85
39.3833
37.9833
25
38.3333
35.6667
48.15
52.0833
44.4
34.5833
43.45
44.2833
51.4667
50.85
50.1833
47.4667
46.25
38.2
59.3333
22.4333
24.5
40.0167
55.15
37.2667
48.1333
53.5
35.3667
49.75
43.65
31.2333
34.4
38.2833
35.3833
56.7833
23.5667
44.8833
55.7333
10.2333
49.15
42.9167
31.15
27.3167
39.3
37.2667
70.55
39.0333
31.2167
65.5167
46.05
44.1167
46.1833
53.0333
43.6
42.7667
31.3333
35.5
56.4833
47.8833
29.3667
45.15
28.7333
37.85
33.2333
48.9167
35.4167
58.3833
36
26.0167
73.7667
25.4
27.35
38.0833
67.2667
28.9
29.6167
38.05
48.1333
46
49.15
29.5833
44.1833
47.7
25.0333
45.3667
47.8833
45.9667
44.8
39.95
53.6
62.3667
57.3167
26.9833
51.0833
30.65
33.5
31.6333
33.1
32.4167
46.0333
40.8333
43.6333
50.25
64.8667
26.0167
53.35
26.1833
48.45
32.7
71.7333
49.4167
49.4333
46.7167
30.3667
41.65
56.1833
42.6333
29.0833
42.5833
35.85
24.2
50.2667
56.9
41.3833
31.3167
40.5833
47.9833
48.1
25.2333
30.7833
32
40.5333
54.9
48.3333
83.5
52.5333
54.2167
41.0667
35.65
58.4
50.95
26.1833
33.4167
32.55
37.65
47.6167
62.6333
58.9167
38.0833
50.3167
58.3667
40.5333
39.5667
32.6833
28.7
36.1
54.0833
31.6667
43.4833
52.75
42.9833
30
40.3333
49.8667
46.5833
49.8333
60.1
38.0667
26.1
29.2167
25.4667
32.1667
56.7833
49.3667
36.8667
39.5167
51.6333
38.3333
34.5333
19.4833
42.55
26.25
32.3833
27.0667
33.1667
32.1333
44.85
55.55
43.5
35.2
68.9
42.4333
38.85
45.4167
46.7333
49.1333
45.5667
35.7
30.2833
43.6167
33.9833
36.8833
27.0333
36.4
52.45
29.1
51.7333
49.75
20.1833
38.9
45.95
38.0667
27.8833
44.8333
44.8667
26.0167
43.1167
44.8333
45.9167
29.8333
32.1667
38.6333
44.9
23.3167
56.3167
69.4167
42.9333
56.2333
46.0667
34.2
50.9333
33.0833
45.85
29.9333
44.8667
51.8667
55.1167
44.8667
40.0167
53.45
45.9167
24.6333
65.4667
51.3
38.7833
28.7833
60.5167
18.55
49.2167
48.7333
55.0167
45.8833
58.05
26.4667
54.9333
38.2333
53.8833
26.1667
36.3167
43.0667
41.35
31
45.9167
26.6
34.25
44.0667
48.8667
33.4
28.55
34.9167
36.7333
26.6167
46.8833
39.6667
33.45
53.3333
38.2833
37.6667
45.9833
39.3833
35.6833
28.4667
38.5
28.9
46.8
40.3667
30.7833
38.2167
28.9167
19.2667
38.0833
42.7167
23.4333
54.5833
42.5667
66.65
45.3667
32.5667
44.7667
32.1167
57.8833
26.05
33.8333
52.0833
38.2833
41.9833
46.9167
38.6833
25.6667
39.4
31.4
31.9167
70.7333
39.85
59.8167
86.15
46.6833
34.4167
44.2167
60.2667
28.3833
27.1333
37.4667
25.0667
48.3833
24.7667
44.5667
25.9333
44.6333
64.3
50.9833
42
54.8167
31.1333
34.3167
32.7167
41.1
47.2833
67.2667
56.0167
33.0667
47.7167
38.65
54.9167
52.6667
31.8167
30.5833
50.4
31.4
36.45
37.6
40.1333
56.4667
45.9333
50.4
57.8833
43.1
61.55
35.3833
57.6667
56.3833
31.3833
43.4333
45.3833
26.2
39.65
31.1
31.45
55.1167
49.7667
34.15
53.3167
66.7333
30.9667
30.9833
39.65
37.2333
41.1333
37.35
38.4667
38.5
41.1667
29.8833
35.4167
32.0333
49.4667
51.7167
36.35
31.7333
25.0833
31.6333
51.5333
44.85
57.6333
23.65
17.8667
58.9
50.2333
28.4
33.3667
32.5167
30.3167
30.0833
49.15
65.55
39.7
45.15
22.05
36.6667
28.8833
38.1
41.4833
37.4667
28.9667
23.5167
31.45
21.2
26.6833
34.0667
44.1833
24.15
32.0333
26.8667
58.7167
38.8833
31.5833
49.55
31.4
38.0667
26.9333
44.6167
27.8167
52.9
45.95
47.2667
47.7
33.0167
43.9667
26.6
25.5167
48.8167
32.95
30
46.0167
41.9
31.3833
41.0833
24.8667
32.6667
49.75
28.75
39.9667
31
47.2833
38.9667
47.4667
30.9833
32.1167
27.0333
32.35
59.8167
58.3833
47.4167
39.7333
46.8167
19.2833
48.95
33.15
44.15
37.0667
34.1833
39.1167
68.9
34.7833
40.5833
54.3833
10.1667
31.6333
55.7667
53.3167
45.4333
44.9167
44.4333
41.1
52.7333
43.45
31.7667
30.3
23.7167
30.1
47.2
58.6333
29.5167
24.2167
54.35
48.95
47.5333
39.35
43.8333
40.6
24.8667
31.5833
68.9667
39.4
35.5167
53.3333
45.15
50.6333
47.9333
36.8833
50.5
50.9
40.6
31.9833
37.6667
47.5
42.5333
48.4333
41.8833
38.05
48.9167
55.2333
60.2167
28.2667
26.1667
71.6333
78.6833
28.6167
32.7
42.1
47.0667
54.2167
36.05
49.8
47.3
53.4167
31.8667
50.3333
41.4667
25.3833
47.4167
50.5833
43.95
46.45
58.55
38.1333
26.9
59.95
43.3167
33.5833
57.6
66.2167
34.3333
34.5667
35.4833
34.7333
34.6667
46.05
45.25
10.1667
46.15
32.4
50.5833
18.1333
34.1667
42.6667
35.2667
37.1167
23.5333
44.9
58.4
47.8833
44.6833
32.6
50.5667
38.1667
34.3
30.9667
43.1667
57.2667
49.5167
51.6667
24.6667
26.0833
39.3167
43.8833
46.55
59.4833
48.1
46.8667
24.2833
25.0333
28.2833
31.8667
34.7333
26.3333
45.25
38.8167
38.75
63.05
44.0667
23.0167
18.5833
39.9667
10.5333
38.85
24.65
56.1667
51.9
41.5333
51.6
79.65
45.1667
38.6667
34.3333
34.3167
18.3833
47.4833
47.8
67.0167
39.6333
25.5
43.9
36.0833
56.9333
26.9167
33.0333
40.1333
36.0333
27.9833
54.4
25.4333
55.5333
49.3333
47.3333
27.8167
52.4333
32.45
31.35
44.0833
55.1667
47.85
47.0167
39.55
35.15
39.2833
42.6833
47.65
55.4667
49.1333
34.2167
32.6833
38.7167
31.7667
50.8833
40.6167
42.5333
37.9667
43.3167
31.9
49.45
63.9667
65.7833
39.6
27.0333
59.4833
27.1667
35.5667
58.4
46.3833
50.9333
41.7167
46.5833
35.75
32.2
40.05
38.15
29.7333
71.0167
35.9833
29.1167
39.6667
52.6167
34.25
31.1333
52.05
32.3667
47.5167
33.9667
20.1333
32.5
47.4667
34.0833
37.1167
54.8167
51.2167
35.5333
46.65
32.75
38.9167
51.7167
41.1333
16.9
26.4167
17.1333
39.1
45.9333
39.6167
25.8333
31.8833
31.2167
24.1167
54.9333
33.6
50.8833
42.2333
47.7667
39.6167
33.2
41.3333
59.1
50.4
41.15
26.2333
32.6667
32.25
36.4833
49.8
54.5
41.8
36.7667
61.4833
48.0167
39.2167
32.55
56.9333
52.6
44.2167
46.5833
61.25
20.7667
11.0667
32.6667
32.9667
30.9833
35.2
51.2833
49.2333
16.2667
38.35
37.65
43.0167
39.5167
50.2667
31.2833
50.25
51.6
20.9833
37.85
33.0333
73.2167
46.3833
36.7667
56.1667
28.8167
30.6333
40.1833
50.8167
39.6333
22.95
44.9667
44.6
25.9333
38.2667
43.9
39.4833
34.75
24.35
32.2833
23.65
19.2833
50.3
41.3833
46.9
30.3833
23.6333
38.9667
50.8167
48.5833
25.1
26.2833
22.9667
30.5333
25.9833
69.4667
35.85
25
47.9167
38.5167
17.8333
34.7
35.2833
24.7667
35.65
29.7
32.1
38.2667
36.4833
38.0167
59.9667
29.2333
18.6
63.65
40.2
38.1667
36.9833
37.7333
53.5167
51.1667
39.6
51.7333
37.9167
40.8667
44.7333
28.1
22.6
26.45
48.3833
53.6833
51.5833
58.0833
32.1167
28.2333
34.5833
21.25
21.9667
24.9333
27.55
47.4333
36.4167
18.7667
42.6
11.7667
17.1667
29.5
49.6833
34.1167
39.3
29.1333
30.5667
38.8333
26.9667
54.75
44.75
31.9333
30.5667
29.85
33
29.1667
23.45
51.7167
65.5333
65.2167
25.7333
41.1
38.1667
48.8833
38.5333
24.8
50.2833
28.2333
39.9333
44.8667
54.6833
38.5
38.3167
36.7667
50.2833
41.7833
27.0833
30.9167
56.2833
32.6167
46.25
41.3833
66.5833
41.3667
39.2667
48.15
17.1167
44.4833
35.5333
58.05
32.9333
52.0667
28.0667
32.5833
30.5833
52.9667
47.55
31.5167
40.2
31.3667
40.8167
83.25
42.9167
35.65
32.55
31.8
49.5333
32.9333
41.75
24.4167
31.3
22.6167
28.3833
35.65
29.4833
30.1833
11.2667
31.1667
40.25
26.5
78.5333
44.3667
45.2167
46.4667
40.8833
31.3167
39.3
33.0667
39.1833
52.8167
35.0167
34.5167
46.1167
31.7
26.1667
40.0833
37.2167
48.7667
45.3167
17.6
24.9167
20.4167
26.2
61
43.8167
39.5833
18.5667
51.7667
38.5167
31.6167
39.7667
73.7333
48.8833
23.5
12.25
36.8667
38.1833
29.1333
47.7
18.3
37.2167
28.6333
44.7333
26.2833
59.8667
56.5667
29.05
38.0167
36.3167
27.4167
22.6833
10.2833
31.3833
38.9167
55.6833
13.55
45.1667
29.65
35
30.95
50.7167
47.0833
55.7333
31.1167
44.4333
44.7167
55.0833
32.4833
51.65
34.0333
71.8667
34.5167
31.2333
34.8833
23.0167
55.4333
38.4167
43.4833
56.55
36.8833
62.4833
23.6333
50.8667
31.1
40.6167
55.3333
27.45
27.4667
26.2
28.55
47.3167
36.3667
39.95
33.8667
50.6167
49.8
27.6167
50.2667
61.3667
32.25
28.9
28.9333
24.1833
47.9667
39.3
68.8167
53.3167
43.8333
39.3333
40.1
46.95
32.25
53.0167
24.7833
61.7333
24.1167
50.1833
45.9167
41.35
34.4667
29.15
39.5667
57.1
51.2
60.6
57.75
50.45
33.05
50.6167
40.6
18.55
19.9667
36.1333
46.1167
43.5
42.3833
25.8667
31.35
55.1833
50.8833
46.0833
17.8
44.7667
61.6667
61.7833
39.5833
67.1667
52.3833
45.9333
52.9833
45.9333
40.2667
49.5333
28.4333
37.1167
52.2833
46.5667
32.55
53.3167
61.1833
31.8
52.15
29.9667
25.9667
42.8
60.8167
52.3
35.5
26.8833
47.7
30.3333
41.2
42.2167
47.8833
51.55
57.0667
33.1833
57.2667
55.9
38.3833
35.45
65.8167
24.9333
39.0667
41.5167
37.7667
47.4333
32.6333
31.4833
55.2667
47.1167
62.3667
49.1333
40.2333
41.4667
18.8833
44.5667
60.5167
44.9
46.35
24.4167
43.2333
40.9333
46.5333
53.4667
41.1667
40.2333
40.0833
42.65
45.95
49.2333
59.8
55.2667
43.0667
35.7667
32.0167
58.3833
39.15
17.3167
24.9
35.6667
35.8667
42.25
44.8667
31.9167
48.5167
31.8333
44.0333
38.95
41.6
55.2333
50.95
37.45
49.4167
43.7833
60.65
49.4833
45.4
33.5
26.2667
53.9167
33.1833
54.3
45.4333
53.3667
31.9667
31.8333
41.1167
32.2333
67.2167
24.2667
40.3333
11.2167
24.9833
56.3167
43.6833
31.7667
36.2333
37.9333
33.3
27.9667
31.35
54.8333
43.05
45.9167
43.4667
17.4333
49.0833
36.3667
51.95
40.3167
31.3667
38.4333
49.7333
23.0833
42.35
22.2833
50.7333
44.9667
23.6333
45.8333
39.25
38.5833
61.5167
41.1667
48.3333
29.6167
40.6333
33.5167
16.1167
34.4667
27.1667
25.4333
16.0333
34.5167
38.7333
38.6167
42.5167
53.3333
35.6333
33.1333
63.85
40.3333
41.9333
55.2333
39.5667
38.3833
30.1167
19.25
48.15
58.4
43.4667
56.8
37.2833
19.3833
38.8833
25.9667
59.4167
33.0333
33.2333
39.8833
47.1833
28.65
47.1167
49.4167
43.0167
40.5833
54.8
25.0167
49.45
40.2
17.3667
32.9167
33.9833
35.35
55.2167
39.5167
46.5667
38.9667
63.8333
41.1
38.3
45.45
11.15
46.75
19.0667
24.8167
33.1667
33.45
61.3
33.55
17.3333
40.4167
45.8167
72.8667
53.9167
51.4667
56.2833
29.05
37.65
24.1
35.5833
38.8
41.35
19.5833
38.2667
44.5167
44.1833
49.7667
19.95
53.9
54.8167
41.1
48.6167
37.3
35.3667
25.9667
17.7667
47.5167
48.55
54.0833
27.6667
60.7833
32.35
40.1333
33.25
26.4333
25.4667
39.4667
59.2
31.4833
40.35
19.7167
40.1
25.4167
31.15
27.7833
11.1333
38.8
30.6667
45.6667
19.9833
45.4333
70.8167
23.0167
53.7833
31.6167
45.5
31.2333
32.65
10.0167
54.3
40.9833
54.9167
30.4833
49.5667
24.1167
27.8
16.8
30.3667
40.5833
22.95
39.05
42.9667
39.0333
25.4
68.8
55.3167
35.4167
37.9333
23
49.4667
47.7333
46.2
32.4333
45.9
43.5
72.9167
42.0333
48
35.55
30.5667
45.9667
44.1667
33.3833
41.4167
49.1667
12.2833
36.1833
57.6
28.4167
25.65
50.25
72.6
42.7333
50.2833
11.7167
32.5833
57.6167
36.5167
41.8167
43.95
59.4333
38.2
52.5667
40.45
23.1833
47.8167
40.3
51.5167
37.6167
24.5167
46.9333
57.7167
63.8
41.2
30.35
40.2
28.4
49.1833
57.9167
37.5667
18.85
48.8667
32.6833
51.15
33.6167
32.7167
36.0667
33.7167
29.9167
40.6667
45.1167
55.0333
41.1833
42.2
41.4667
36.3833
47.1333
57.05
36.05
55
22.6667
32.5
33.45
53.75
30.95
29.1333
51.7
27.4667
31.45
44.2833
31.3667
38.6667
44.7167
41.8167
49.1167
44.1
69.2167
25.3833
52.2167
41.9
22.5667
39.0833
40.25
51.5667
39.9167
38.7167
44.5833
47.4
43.5
33.0333
39.0167
25.45
40.5333
42.0167
40
46.8
33.0167
25.1
27.7
31.6333
40.6167
30.1833
44.7667
46.0833
52.4667
41.8333
41.0833
31.2667
43.8167
37.6333
38.5333
44.1
31.05
38.1833
35.85
50.2667
55.7833
37.95
39.5667
41.75
18.4
28.4833
38.2
39.7
44.4
41.7333
50.55
53.5167
33.1667
40.5833
30.2667
41.4333
45.9167
44.3833
66.5167
40.1
31.5333
25.5167
53.9333
36.2667
39.9167
58.6667
31.9833
40.2833
27.0167
11.25
40.6167
74.8667
26.25
56.2833
26.8
44.0167
58.3333
46.1
27.5167
42.1
41.4833
47.1833
26.2833
41.4333
66.3
19.1333
24.3
41.5333
17.3667
74.3667
51.6
35.9333
50.25
38.7833
26.4
29.5333
33.2333
33.6167
32.5167
66.7833
53.0167
39.4667
52.55
35.9
44.4833
39.35
33.05
43.9833
34.4333
29.4667
34.3167
28.55
55.0333
34.1167
41.05
34.0667
41
51.5333
41.0833
43.1667
61.5833
38.2167
41.3667
37.1833
41.0667
32.2
24.95
34.9333
43.2833
40.9833
41.3833
47.6333
24.95
54.9333
43.5833
45.35
48.1167
34.55
38.85
58.5167
37.7667
52.5667
32.0333
49.4833
47.15
38.8167
35.4333
66.4833
35.4667
31.6333
35.95
25.2333
32.75
45.6833
31.9833
48.5167
33.7
51.6833
46.1667
41.5167
69.4333
46.0333
45.0167
39.3667
50.8667
58.35
26.1167
55.7667
51.6833
35.65
26.5167
18.95
37.15
47.7
75.1333
29.65
31.4
47.3
31.4333
44.75
56.9667
41.7833
32.4333
51
33.3667
24.1333
32.1833
43.2333
21.25
47.35
43.0833
25.2333
26.15
51.65
29.3
25.3333
24.25
52.2667
38.1667
45.9
61.1667
19.5667
56.0667
33.65
31.25
41.4
40.3
33.3833
55.2
31.25
52.45
18.5667
47.3
32.6167
57.7667
30.55
33.4833
33.0167
19.8667
69.6333
27.3833
26.7333
28.5667
57.55
26.4167
48.8667
24.7
26.4333
24.1
30.9333
68.9167
26.0667
39.1667
18.7167
50.2333
28.6833
31.8833
27.65
40.0167
46.4833
42.9167
43.7333
23.05
25.9667
43.1833
42.45
49.1333
42.25
33.5167
38.1833
51
51.7167
52.5667
27.0167
32.5167
38.2167
46.5
31.4667
36.3167
42.0333
10.0833
48.8333
38.0833
44.9833
44.15
70.0167
52.5167
61.7
51.0333
32.3
39.4667
32.6667
46.5167
43.1167
43.85
28.0333
40.8333
60.95
34.0833
26.1
35.9
22.8167
11.2
47.15
63.0333
48.8167
28.4167
57.6833
16.6
27.6
48.6167
49.2
32.0667
47.3833
32.6667
39.8333
54.5
44.1167
37.9333
41.7333
57.5833
18.4
21.9833
47.1667
35
50.2833
35.2167
24.5
18.3
38.35
47.5333
42.0833
33.7
42
61.5833
47.8667
51.1667
45.1
45.85
33.7167
41.2
56.0333
56.4167
32.9
24.4
24.1833
31.7833
20.05
54.3167
63.45
72.7
37.2833
29.8667
42.9667
59.9167
52.5
51.6667
16.3167
48.0333
35.9333
41.45
38.1833
31.85
33.1
56.1167
52.9667
43.9333
48.2333
38.85
41.1167
28.3833
39.2333
53.7167
35.0833
52.0667
31.8
61.7167
48.5667
25.7333
15.8333
32.6833
31.5167
44.6167
31.2833
32.6167
44.3
45.9333
44.9167
18.9333
38.9833
49.0167
44.0667
40.45
27.0667
47.45
43.85
49.1167
50.6833
39.3333
24.65
41.1667
39.75
52.3333
34.0667
29.65
34.1167
62.7167
30.75
73.9667
51.2667
30.4833
56.8333
31.45
26.7
45.2333
38.6833
41.8667
19.65
47.3167
28.85
38.9
34.1667
43.4
54.9667
47.65
37.9
25.25
30.6
37.8667
67.2
27.7333
52.0833
24.2
26.1833
46.5333
47.8333
37.6
18.55
24.8333
50.2333
32.6
63.9333
41.3667
26.7833
39.25
34.3167
43.1
29.9
40.0833
38.9167
40.45
50.2667
39.0167
34.0333
32.7167
42.8667
17.6667
53.85
32.0333
40.4333
32.6833
43.1667
39.3333
51.75
25.55
31.1833
35.9
33.6167
43
43.55
10.25
36.4333
40.1
33.2167
38.3333
41.9333
47.7333
43.5167
27.55
47.6667
31.9833
16.9
45.4333
41.4167
41.9167
40.8
32.05
30.3833
35.2833
34.9167
45.85
36.4
25.2833
36.0667
48.3167
30.0167
62.9667
32.7833
36.4167
62.1667
34.5833
29.5833
43.8833
36.3833
34.2167
23.3
48.25
41.5
57.95
41.2667
24.6
22.3833
24.2667
42.2167
45.9
56.0167
56.9833
45.15
22.5667
32.6833
27.8833
64.45
62.25
30.0833
46.5333
53.35
44.6167
33.25
49.1333
22.5
45.3667
29.6333
50.2333
36.15
64.6333
43.4833
43.7
19.4667
36.6333
24.3667
38.8333
43.4667
33.1333
24.1833
30.1
31.5333
45.8167
41.4667
38.3667
43.1333
39.2
44.2333
17.5667
39.8833
37.7
50.75
41.2167
16.7333
58.5
15.9
33.45
29.25
57.2
38.2667
35.3167
49.4333
43.0833
51.9667
46.2333
38.1333
38.55
36.5667
31.6
36.5667
39.8167
46.9
45.4
33.45
43.3333
32.5667
20.25
45.1833
48.9333
40.15
49.4667
35.95
44.75
44.5167
46.2833
43.7333
52.1333
38.6
55.4167
36.2
48
23.3
40.1167
25.3
50.7167
60.3167
37.75
37.4
42.7667
16.7
36.3167
36.2667
29.4667
26.15
38.9667
31.45
17.0167
56.4333
34.5333
54.7667
17.7667
41.3167
32.5833
47.9
18.3833
39.0667
17.0833
45.55
38.9333
36.6167
26.9833
41.0667
53.75
23.2667
50.2667
45.9
36.7
31.5833
26.4833
53.5333
56.7333
53.4833
44.1833
30.1667
42.75
31.1667
24.15
25.4667
43.9833
51.8
58.1333
24.4333
37.3667
30.7
26.15
42.9667
43.7
24.0333
25.1833
48.4667
62.3333
29.9833
10.4
29.7167
23.25
39.1833
28.85
50.1333
59.2667
18.0333
49.2833
17.7333
43.4667
39.1667
26.55
32.4333
24.1
45.1333
38.8
39.65
60.6333
42.85
31.4667
59.7167
24.25
60.2667
54.5
41.9333
44.8667
26.5333
39.3
38.2167
24.0333
17.55
32.7333
39.3667
37.3167
34.7833
17
47.8167
33.1667
48.95
45.8333
43.6167
50.3
59.5833
29.8667
48.7333
45.0333
33.7
49.5167
57.2833
41.4167
42.3
52.8333
23.3167
33.2333
36.8833
57.45
39.2333
39.8167
53.5167
32.6167
42.2167
23.2833
49.5
33.4833
24.1167
38.9833
37.5333
26.0833
37.9833
47.1
32.9833
66.6333
47.4
33.3333
30.2667
27.6167
41.3333
41.65
53.65
26.0167
52.15
26.4833
43.7333
47.9833
49.35
55.3
34.5833
32.4
41.95
38.2167
27.7
25.2333
38
44.8
30.5
33.7667
33.1667
25.4333
48.7
45.3
39.7
40.85
52.5
43.7333
20.3167
49.6833
57.1833
18.75
40.3167
47.2167
53.4333
32.2167
33.3333
50.8833
32.25
36.9833
37.0167
53.3
31.05
26.2667
32.5
44.4833
37.3
37.9667
46.1
43.3667
36.6667
44.7667
36.6167
23.55
40.05
36.0167
42.9167
18.5833
26.95
31.9667
48.0667
24.8833
20.6
23.45
24.75
27.9333
21.85
57.9833
51.4167
44.85
17.3667
17.6333
31.3667
25.45
38.0833
39.1833
33.75
54.6
28.9333
45.9833
49.3167
33.0333
51.5833
67.8333
38.2167
25.2833
39
31.0833
44.4667
52.5833
22.1833
31.9
37.7833
31.2667
32.4333
47.8167
38.8333
32.0167
42.75
38.1667
23.3333
26.3167
33.7667
38.95
50.2333
50.8
38.4333
52.75
25.5167
30.05
36.2333
36.6833
31.7667
37
41.9833
30.9667
40.4167
46.0833
38.8
34.2
52.9167
44.15
46.1333
32.65
72.4833
37
36.4333
36.9
45.5833
48
47.2
40.5833
23.5833
75
57.3
27.2333
41.7667
31.2833
41.7167
38.85
47.4167
43.85
40.0833
27.7667
32.9
58.3833
33.7833
38.35
68.3333
43.95
54.9833
59.1667
45.95
30.2667
23.6667
33.8333
54.7167
47.2167
23
35.5333
29.8
33.9333
58.75
36.4167
24.1
23
43.65
32.0833
35.3667
35.3833
10.75
50.2333
35.9167
29.6667
39.5
52.25
19.2333
38.9833
52.5167
32.7333
32.95
43.9333
47.4833
44.3667
45.4
62.7
39.4333
33.2333
24.1
43.0833
35.3167
24.2
49.75
51.4333
51.6333
32.75
32.8
20.8833
44.0167
32.4167
74.2833
32.6167
43.0333
31.7167
60.2333
33.4667
36.8667
41.4333
62.95
24.1
56.45
40.5
44.35
32.2833
50.2333
34.2167
39
45.85
41.0667
19.9
41.1833
45.9167
47.3
40.05
20.5
33.1833
51.0833
33.5333
32.7333
33.3833
45.8667
39.15
25.0667
41.0167
37.9167
49.7833
47.2333
62.7667
28.85
28.8167
32.5
54.6833
37.0333
50.6333
52.4833
36.1333
27.6
46.5667
34.6833
25.75
24.3
38.9667
41.8333
44.4667
48.8
31.2
46.1667
44.2
59.6833
39.5667
51.4167
48.3333
42.9667
32.95
39.5167
50.35
30.4167
50.2167
29.75
35.5167
30.2
57.6667
38.2833
36.0833
49.3667
25.0333
49.8
23.55
41.8333
40.0833
24.0833
26.3333
22.8667
44.3833
40.6
42.9167
45.2833
10.6333
24.3167
31.95
23.2167
40.5667
44.2667
46.3
60.65
57.35
37.6167
27.65
24.55
31.3
47.25
35.3333
37.95
11.45
25.3167
43.65
41.7667
50.5
50.6833
58.3167
46.2333
44.0167
20.55
50.1833
39.4833
23.2
62.1833
52.55
25.8333
43.9
60.55
25.5833
50.2
42.4833
31.25
29.6167
50.2833
31.2667
36.2
20.2167
57.0167
45.2667
29.9167
30.6167
30.9
29.4
22.2833
62.7167
30.4333
16.4667
22.7667
33.6
37.2167
35.95
53.4333
64.85
41.4
17.6667
29.5333
28.8833
30.9667
47.8667
61.65
31.6833
44.8
39.4167
46.35
41.45
51
31.55
49.1167
45.15
40
38.6
47.4
44.15
24.1167
27.2333
64.4333
50.4
38.4333
37.6333
31.6
29.0667
45.2833
40.5667
58.55
19.8
52.3167
17.9167
31.3667
45.85
51.6667
34.4167
15.8833
47.05
33.25
31.3667
43.7333
46.3167
39.6833
39.4167
32.75
32.45
22.4
33.95
44.8167
33.6167
48.1
36.3833
11.3167
39.2833
64.95
42.2
44.3833
16.7167
46.8333
57.6333
55.4
36.1167
37.1167
33.2167
22.7667
34.45
106.583
52.5667
40.6167
33.2167
53.5167
47.25
47.4333
39.4833
55.7833
41.9
44.2
39.9167
24.3833
50.1333
31.8333
17.6167
38.0333
54.9333
50.2167
24.2833
44.8833
45.05
51.6167
31.7
38.1833
46.7667
51.25
35.5
28.7667
49.3333
24.2833
32.4167
55.45
37.0167
23.2833
35.1667
17.6167
25.1667
61.1833
30.5333
38.8167
31.15
25.1667
22.8667
42.0333
16.2333
22.9833
28.8333
37.25
52.7
55.4667
37.9167
44.5333
36.65
45.3833
37.15
37.2333
45.4667
50.45
44.55
40.6167
43.5833
32.35
47.95
25.4667
24.8833
45.3667
51.4833
53.2833
35.7167
31.8667
39.8333
39.0667
37.0333
38.75
43.7167
58.45
57.45
37
33.7667
44.7
32.6333
32.7833
44.5
50.7
33.9833
19.2333
45.9833
51.55
38.5667
11.8833
48.2
45.2667
50.8
74.3167
34.0167
29.75
36.2167
33.0167
32.8
15.6
37.1
10.6833
30.05
30.2
37.9
55.1
42.8667
25.2833
44.2167
32.5
30.5333
40.8
42.7667
42.0167
49.3833
54.2667
23.0333
46.7833
50.15
54.0333
25.95
46.1167
42.5
38.9833
45.8833
56.8
25.5167
46.8
31.8833
41.2333
43.8667
25.1
64.9333
54.6667
43.0667
39.85
48.3667
48.35
33.1
67.1667
27.9
19.7
47.4167
31.2833
32.1333
52.0667
58.3667
67.15
36.3667
20.75
25.55
35.3833
52.1167
44.7167
47.6333
47.0833
37.5333
31.2833
55.9833
46.55
44.8
43.5333
52.8667
37.0667
24.9833
51.95
26.75
35.3
41.1167
47.0833
25.2
32.9833
24.9833
39.5667
30.4833
31.9667
17.85
40.75
39.8667
49.3
24.1667
17.85
38.2167
38.25
41.8167
33.0167
38.95
31.2
40.1167
60.2667
51.3333
30.9
17.2167
38.9
39.45
33.2833
57.0167
62.8667
36.15
32.15
55.95
24.4333
60.0833
38.4167
27.0333
47.1333
42.45
36.2667
31.5333
36.85
31.15
60.7
39.6167
19.4
39.0167
32.3
49.4833
26.4833
44.25
27.4167
23.2167
32.4833
23.3667
39.05
17.8667
54.5667
55.5833
24.6833
54.0667
46.1
47.9167
35.15
51.5833
54.0167
49.1667
42.6667
41.1667
49.7167
36.7333
30.5167
33.3667
31.3667
29.75
26.2667
50.1833
81.3333
32.1833
15.9167
32.4167
17.1167
30.9333
62.8333
26.1167
31.65
32.4667
65.65
22.25
37.9167
25.4833
36.9167
17.0167
44
38.9167
32.9667
48.45
40.5167
36.7167
32.2167
57.2833
64.5167
17.4167
26.7333
39.0667
22
25.5167
32.8833
37.1
42.1
41.0333
38.0167
23.7833
42.4833
31.2333
31.2833
40.4167
51.1167
37.4167
43.9
16.8
74.9333
59.4667
43.45
46.0833
29.6167
37.4167
33.85
24.1
42.15
29.1833
45.5
23.4167
25.9833
47.0833
38.1
30.45
25.45
31.0833
51.4333
55.4667
49.9833
29.1333
45.05
24.8
41.5
30.55
32.65
25.2
43.2833
18.4333
35.4
25.6667
61.5
26.45
35.8333
33.8833
38.7833
51.7
32.8167
38.05
37.95
37.2167
23.0333
37.0167
45.3167
53.6167
47.2167
17.3667
27.55
22.9833
47.8333
36.8833
38.6167
43.5833
51.85
56.1333
18.2167
45.85
28.9167
46.5
48.5167
25.9
18.6833
44.0667
51.9
20.75
43.3667
36.6833
25.45
29.45
42.0333
27.0167
39.9
35.45
40.4833
47.0667
26.1667
18.5667
37.4333
43.0667
21.7
81.15
55.9167
44.0333
41.9333
40.45
41.1167
32.4833
40.05
26.7
25.2167
49.1
34.4333
56.5
45.5333
33
59.0333
48.3833
43.7833
43.2833
38.2333
25.0667
39.7833
41.7333
44.8833
31.0833
36.7167
37.5
32.4
33.2167
30.7167
42.95
40.2833
42.05
43.5833
49.1
56.3833
39.2833
54.2167
12
42.3
26.2833
48.1333
57.2833
32.0833
77.7833
28.0667
57.0333
10.9
78.7333
29.6
34.5667
55.7833
38.5
33.5333
44.9333
28.85
28.8
36.6667
41.0833
44.6833
58.7667
40.3833
46.2167
68.15
32.2
42.7167
36
41
24.1
26.45
30.4
24.2333
45.8
36.65
37.8
32.6833
51.7167
42.0833
24.25
71.7
24.8833
19.3
32.5833
26.05
30.05
40.2
37.5667
36.95
36.3333
31.8833
50.5667
46.4667
47.4667
39.6667
17.5167
41.5
40.1333
52.2833
45.8167
29.15
56.5167
37.35
39.35
31.05
54.0333
43.8167
45.3833
60.25
58.9667
20.3667
37.4167
34.2667
36.6
24.2167
37.95
24.3667
28.2167
50.4
38.95
31.3333
29.6333
39.1167
22.35
39.6333
61.25
38.2333
38.2833
41.7667
11.7167
61.1333
56.4167
50.1667
35.6167
23.3833
41.1167
42.4667
38.3833
42.5167
50.9833
32.6167
25.0167
38.85
39.6667
18.2
41.2333
16.6167
43.7333
17.3167
55.2667
34.7833
44.4333
63.8
37.1
45.7833
47.6167
39.2
52.6833
24.9333
51.9
23.5833
37.1833
39.7
36.1
19.6
17.8833
50.9167
64.0667
65.9833
28.9167
12.05
51.4667
41.8667
43.6167
40.0833
47.0667
53.2833
61.15
28.1667
44.5833
48.8667
42.1333
24.9
36.6
32.1333
51.15
25.5833
60.1667
40.4333
37.4333
39.4333
35.6833
49.95
46.6333
49.1333
54.3
32.3833
36.8833
55.75
23.5667
45.2167
47.2833
54.0667
47.8833
38.65
49.15
25.4833
45.8333
31.6333
33.6833
49.3667
42.25
42.8333
50.5333
33.25
40.3167
60.35
24.1
48.15
45.6833
40.3
33.8333
54.9833
36.8833
33.9167
50.5833
55.6667
32.6
33.5167
38.6833
40.25
26.4
46.5167
52.8667
41.0667
35.1833
53.2667
36.5
51.8667
24.3667
39.7667
24.7667
25.45
34.9167
19.2667
36.9833
40.3
20.5167
31.95
51.8833
33.2833
56.0667
24.7
38.0167
42.6167
33.1667
23.15
35.3
41.0833
37.4333
34.3167
49.6667
47.3333
26.5667
25.6333
49.1667
33.65
39.1
57.3
33.2
31.6833
53.25
17.95
32.4833
41.95
25.4833
36.0333
33.05
44.7667
39.85
31.2167
30.55
39.85
70.1667
26
49.7167
47.5333
51.8333
49.3833
53.4
27.1833
45.35
18.3667
33.1833
25.2833
39.8833
48.3167
33.9333
40.55
52.45
31.3167
60.8333
41.8667
36.6667
22.7167
40.05
39.5333
29.4
39.7
41.1667
52.1
43.5833
29.4333
33.3
40.6333
53.5333
40.8167
47.3333
29.6
35.55
30.4167
44.9833
45.8167
30.0333
24.45
41.9667
82.9667
39.8
42.0167
49.1667
46.4167
59.2
44.7833
33.0833
56.1333
51.3667
37.5833
24.2167
47.8333
49.3833
59.3333
40.9
25.7667
23.4833
35.3667
34.55
31.2833
47.3
47.3667
49.6667
37.2667
30.4667
36.15
41.6667
37.3
28.2
64.4
30.1833
42.95
30.3833
32.65
32.8667
42.8667
18.5667
32.3333
42.0167
27.8333
33.5833
50.95
53.65
32.0167
45.8167
50.2333
36.9167
42.1667
38.5833
35.45
51.9333
29.6
80.6833
49.75
65.3833
57.9667
39.75
38.9667
17.7
49.4333
22.8
46.2333
28.3
42.1
54.5833
40.3167
39.9
76.0667
46.2667
34.3167
26.45
21.45
35.3333
27.4833
34.55
35.2167
26.0333
17.1333
53.2833
51.7667
41.65
63.7
44.5167
24.3
41.2333
24.7167
36.4333
38.8833
16.1333
41.4
55.3333
16.9333
33.1333
38.6833
29.25
42.2833
68.05
31.9833
39.1667
24.9333
37.2667
67.1333
45.5167
54.6
47.4333
27.65
26.4
22.1333
24.1167
10.5167
49.7167
10.7
32.05
31.8333
31.1333
38.3167
39.8
49.35
50.1333
39.15
26.15
50.4
45.85
24
27.85
52.8833
27.2667
63.6167
29.0667
48.2
37.8
29.5833
59.0667
35.8333
16.35
44.3333
44.4
17.2
16.0333
29.8667
45.0167
29.7167
43.7333
54.0833
39.8
47.9667
36.5167
24.65
41.6833
18.6667
29.5333
46.2
47.6833
46.4667
29.9
80.0167
46.7167
27.25
28.2333
46.7833
41.1667
43.6833
43.65
36.6
24.5833
45.9167
56.7333
56.7667
63.2833
43.9667
41.8167
67.45
62.7333
36.4333
11.6333
62.7333
28.0333
42.5333
41.9833
53.5667
40.1667
11.6333
26.7
60.7333
32.7667
22.7333
19.1333
39.3167
40.3167
12.45
49.75
35.5667
46.9833
63.85
29.85
68.2
34.2833
60.1
43.7333
72.0667
48.5833
62.6333
30
25.1167
48.6
28.85
27.0167
41.75
50.5333
29.6833
38.1
36.2667
44.9667
48.35
60.1667
27.65
55.1833
48.3
51.9
46.85
41.15
21.55
31.3
41.0333
52.9333
32.65
38.7667
34.25
18.3833
46.9167
57.1667
40.2333
24.0667
33.1
37.5167
28.6167
44.3333
47.9333
54.5
40.25
41.7667
29.4
47.5333
47.4333
40.0667
24.15
38.45
32.6667
27.4833
44.3167
73.85
39
34.75
20.5167
26.6833
48.6833
40.55
36.1667
39.1167
38.6
46.35
34.65
33.95
64.9333
42.65
36.6167
37.4
21.1833
41.0333
57.5833
46.8
38.6
46.15
38.9
10.75
19.1333
39.4
63.8833
31.7833
49.7167
10.6667
35.6
39.5
27.9833
23.1167
63.5333
32.2667
48.1167
46.4667
32.4333
24.4
18.25
36.5833
32.55
42.9333
36.7833
46.95
37.0833
26.0833
36.8167
43.8167
36.7667
51.4333
35.85
47.9167
31.9667
75.1333
17.9167
35.7833
32.3333
27.3
18.6
33.25
26.2833
26.65
30.4667
79.15
17.55
61.2667
37.9
41.35
52.8833
61.7
34.85
19.4667
32.3667
53.6167
44.7
38.2333
46.9
32.4667
26.0167
58.45
32.1333
51.9667
47.5333
19.6
52.9333
35.1
38.9167
57.8167
62.2333
23.55
57.9833
34.45
19.1
46
26.9667
34.05
27.7
49.0667
51.0667
41.6167
32.2
45.1
34.1667
29.9167
18.3
44.7167
43.2333
24.0667
36.6167
29.9833
30.2
37.95
57.2167
36.7333
41.15
16.8833
28.4667
24.9
55.5667
45.8333
17.2167
41.3833
51.8333
36.9167
34.3167
55.2667
56.6333
35.3333
54.25
35.45
45.6
60.4167
50.1333
37.1667
34.8333
55.85
35.3333
49.6167
32.0833
16.8
23.4667
38.4167
15.5
29.95
59.05
44.3
61.35
35.3
24.2667
37.25
25.1667
34.7333
44.8333
36.9333
54.85
38.9333
42.2
25.0333
54.4833
37.9667
43.9167
54.2
44.1333
30.5
38.95
43.25
53.9333
28.8167
51.7833
42.55
50.8167
36.8833
30.8833
50.6833
41.1833
46.1167
32.4667
17.9833
31
60.9167
33.4833
45.8333
24
39.25
38.5667
36.15
45.95
49.9333
36.2
38.0833
55.15
47.9167
48.0667
44.7833
38.75
31.3667
43.6167
24.0167
27.1833
22.8667
44.0333
59.55
32.9833
54.2667
47.8833
58.3167
23.3167
39.0833
45.7167
39.1667
46.5
43.9
38.8
51.1667
28.9667
58.3333
46.4333
48.6833
28.6167
27.9333
16.7
25.0333
38.4833
49.2167
28.9667
44.0167
22.7333
32.0667
36.5667
31.1167
44.0833
25.8833
51.8
45.2333
56.4833
39.4
26.4167
51.05
24.9833
44.2333
38.95
24.0833
41.1167
30.0833
46.5167
42.3
30.0833
58.5333
23.2
52.2333
44.6333
44.1667
24.5
63.5333
40.9333
22.05
53.2667
109.833
30.4333
32.2167
48.7333
39.3
37.5667
43.2667
34.3
33.9333
29.7333
26.6167
45.7167
65.2167
55.55
22.45
37.7
48.9333
24.5333
32.3333
40.7
45.0167
37.5167
31.2
31.9167
26.15
47.0833
50.1333
31.3667
59.8333
15.6167
24
44.3833
54.8833
52.2833
24.3
24.2
43.95
45.8167
33.3333
44.7667
33.1667
33.35
30.5667
23.1667
41.3167
36.0167
36.9667
34.3333
33
26.0167
47.0833
54.3333
37.2333
34.55
41.8167
45.8667
25.3833
29.9
52
31.2167
52.5167
34.75
57.35
10.6
37.9
55.5333
28.2667
25.9167
51.8333
47.9667
50.15
31.9667
32.9167
44.0833
49.6833
45.4333
42.6667
33.1167
24.85
46.1333
63.7167
36.85
46.15
33.6
59.2333
26.1833
44.0667
25.9167
27.45
35.1333
41.0667
19
55.5833
59.7667
36.2167
40.65
57.5333
39.3167
45.7667
25.9333
58.6667
30.05
56.7
42.75
54.6333
59.9167
38.4667
48.35
64.9167
32.2
42.9333
18.3167
25.4833
32.25
36.0667
46.4333
45.9167
29.85
33.9667
26.1167
37.1667
21.15
38.5833
42.6667
58.7
26.6333
50.25
25
44.7667
47.75
32.6833
35.15
26.5333
45.8333
33.8333
32.0667
45.8333
37.8833
33.45
45
31.2333
55.05
18.75
38.1
37.4667
33.4
26.4333
37
19.9667
43.2
26.45
50.4
44.9167
60.1167
34.0667
54.6333
49.6167
44.2333
32.65
30.2667
10.3667
47.45
25.7833
38.2667
47.1833
40.2333
41.15
44.6833
31.3
38.1833
34.6167
31.6167
58.3167
31.2167
54.05
36.95
39.3
19.4667
11.2833
57.9167
53.8333
36.5
40.05
50.3667
37.5667
54.9167
45.85
33.1833
45.3333
26.3167
28.85
25.4
47.1833
52.3333
46.5
39.45
32.2
30.2
53.75
26.3333
63.0167
34.3
58.8667
44.8
49.5167
40.9833
38.7667
43.9667
33.5
42.3833
57.9333
46.3833
34.9167
48.2
44.1833
26.1833
40.55
27.65
38.05
53.3
50.4167
19.2
39.2
28.05
50.3167
50.5667
26.55
43.5
43.75
26.6167
29.4667
61.85
47.8
44.6667
37.2333
35.15
37.0333
33.0333
54.9667
50.4167
44.85
39.75
54.45
24.05
28.5167
48.55
29.1833
36.2667
53.2333
50.5167
31.0333
19.1667
41.2
28.8667
60.5333
26.95
46.5167
54.2
43.0833
31.85
35.45
18.9
43.9
33.5333
33.9667
46.3833
41.9667
50.2167
65.05
41.7333
26.4
53.2833
50.2167
18.7833
41.8333
33.9
52.1167
32.8667
65.2167
32.05
23.5833
47.4
18.35
46.3
40.0833
49.1667
46.0167
34.9
31.3667
52.8
37.55
37.15
57.9167
49.3333
54.7
86.95
50.5667
45.85
37.6833
38.6833
47.1333
59.9
38.55
39.0833
37.1667
18.3833
24.7333
19.75
32.5667
43.7167
42.6167
54.7833
26.3333
32.9333
46.2667
49.9333
36.7833
19.4167
29.7
43.3333
25.8667
27.3833
43.2167
25.2333
68.7333
31.4
25.5833
41.45
33.4667
25.1333
46.5333
46.7333
41.1
18.2167
31.35
19.1
49.5
59.7167
41.6667
32.2
49.7167
20.3667
45.0333
37.65
40.9667
38.3167
35.7167
62.6167
40.9833
44.5333
43.95
42.3667
32.3
53.5
49.3167
35.3
44.3667
33.7833
44.2667
20.7167
51.5333
41.5
29.8
47.5833
22.1
34
28.35
54.6667
24.1167
30.0333
46.15
16.7167
40.5833
33.3
24.2333
50.2167
29.95
39.9667
24.7667
36
17.4
38.0833
46.7833
51.3
19.8833
47.9833
36.6667
46.6833
53.2333
21.4833
25.3833
49.3833
44.0667
64.4833
27.7333
26.6167
37.65
46.6833
51.3333
24.0833
24.3833
23.3833
46.5
31.2167
18.2833
52.8833
38.4167
26.4833
22.25
45.1333
36.0333
51.0667
33.85
27.1167
50.9833
58.9333
24.05
24.9667
43.4667
42.15
36.7833
29.5167
45.0167
37.25
49.0667
51.2167
31.35
53.8333
45.1833
19.5333
59.1167
34.8833
32.3167
55.5167
43.45
26.3
42.5333
32.1
31.25
40.7667
39.3
36.2833
41.95
18.35
50.1667
35.1333
40.25
10.7667
32.1167
35.2833
39.1167
33.7
45.8333
38.1667
34.7667
35.4167
34
34.0167
50.9167
36.7167
43.55
63.3833
33.8
49.6833
27.8833
35.6667
29.0833
26.1833
56.95
42.3667
48.75
45.1
42.7333
41.7333
69.05
48.3833
31.9
55.0833
38.4167
32.6167
32.05
69.05
60.2333
60.2667
42.5833
47.5333
60.2333
44.9167
68.7333
50.4667
34.1667
41.8833
29.15
52.45
55.7333
32.05
31.7
35.3833
33.7333
27.2333
41.9
27.65
43.2833
31.55
55.65
75.9667
48.4333
55.95
53.8833
64.9167
54.2167
52.35
40.4667
58.8667
41.75
31.9667
26.4167
45.4667
39.6833
53.6833
36.3833
57.15
57.3667
42
47.5667
41.0167
21.9167
28.9
54.1833
33
43.3167
34.05
24.0333
37.7833
41.0333
68.35
37.3833
52.0667
19.4667
52.8333
48.55
18.6167
63.6
11.5
42.2167
46.7833
38.2833
61.25
39.75
45.9333
45.3333
55.85
64.9833
37.2167
43.9333
55.6333
34.4667
33.0167
48.7667
42.1667
44.5833
32.2167
46.3667
43.1333
54.6833
44.4
36.1333
42.9167
40.2333
25.5167
50.75
45.1
51.4
30.8667
32.1333
27.8333
49.3667
65.6667
43.4
33.6667
48.3333
25.15
38.5667
46.0667
38.0167
36.5667
18.6833
53.1167
22.6333
36.7667
42.2333
44.2167
47.5167
38.6
24.8833
39.5667
44.2333
52.4667
44.45
45.8167
39.95
23.4667
36.0833
36.4667
34.1833
60.45
49.0667
38.9333
29.8667
24.1167
39.6
38.25
25.0833
50.3
38.9
43.0333
24.0333
70.1333
30.9333
48.5167
44.1
22.8667
43.1
41.9833
38.5167
44.45
31.7
55.3833
28.7167
42.6167
47.7333
31.85
52.5667
55.05
39.1667
50.35
36.5167
61.15
42.6833
69.8833
34.2667
22.3333
23.4167
39.1833
39.1833
44.1667
45.8167
26.7667
36.15
50.2333
57.3333
40.2667
32.1167
52.3667
44.65
34.7167
49.7333
33.6833
27.85
29.9
38.1333
30.2833
30.25
10.2333
37.5
34.0667
25.1167
64.4
41.0333
52.1167
46.0333
41.55
11.5167
42.9
43.2833
31.6833
39.6833
31.1667
27.3833
36.15
36.3
49.05
59.55
16.3
47.2167
33.4667
69.4167
39.5833
62.6
27.9833
28.5333
32.05
39.65
27.0167
60.7333
33.8833
24.6167
53.2333
32.6
42.7333
17.45
52.65
44.9167
34.7167
16.5167
58.25
34.4833
45.2
53.7333
28.1833
65.8
53.55
51.8167
66.6333
49.15
41.1167
40.4167
42.8667
24.0167
32.3833
37.9
48.5167
28.05
25.1167
26.55
47.25
45.7833
26.75
60.75
44.8833
26.8667
25.1833
42.2833
32.35
24.4167
41.0667
49.5833
38.4167
24.1167
58.3
37.8
29.5333
32.7
50.2
32.4167
52.8167
30.1667
47.9333
46.9333
55.8
38.4167
37.4333
26.6333
38.0667
46.8167
29.9667
36.8667
45.0667
25.85
34.9
26.5
38.8333
19.9
68.7333
31.7667
49.1167
26.75
44.6667
48.8833
65.9667
52.2
37.0833
42.3167
31.6167
23.6333
40.0333
26.55
62.6167
29.4
36.8833
48.7667
43.3833
46.3833
51.8
23.5667
36.9167
43.9333
38.8833
37.4167
45.2667
25.8833
47.85
46.85
27.3667
45.85
32.8833
39.2167
49.65
24.2333
26.3667
29.75
59.7333
43.0333
37.0667
12.1333
32.7333
36.8667
48.0833
29.45
55.1833
25.2333
53.2
41.3333
79.1
36.0833
17.85
47.45
33.0333
28.1
24.6667
42.1833
47.2
31.7
29.0667
29.2833
18.7833
50.6333
26.1833
58.4833
27.2333
41.2833
40.8
42.1333
48.7167
41.7
25.8833
34.9667
41.3333
39.7
42.2167
17.7667
10.8667
21.8833
37.5167
62.6833
33.5167
49.3333
48.3333
49.1667
58.7333
38.8333
76.7167
49.65
34.85
37.9667
17.8667
54.6833
42.1833
43.0667
43.7833
45.4333
17.3833
17.6833
61.7333
50.15
36.55
34.8833
42.75
31.85
55.9833
41.3
43.4833
35.65
10.5333
57
60.7833
37.2833
35.2333
44.2
49.6167
39.9333
17.1167
49.05
44.5167
41.0833
27.5333
32.2333
29.2
45.3333
35.2833
34.0333
39.6
40.1667
52.5833
46.4833
35.5167
72.2167
34.0333
29.65
33.4833
52.25
52.4667
44.7833
33.7167
42.55
64.3667
25.2667
24.15
47.4833
42.5667
32.6333
51.1833
57.6
50.1333
33.5833
33.4
37.9333
41.15
49.1167
39.8
42.3833
46.7833
37
47.3
63.55
25.1833
25.1
42.2667
67.0667
57.0667
65.6833
29.5
56.8667
29.9667
42.9333
46.45
54.3
36.3833
33.8
19.1833
47.75
53.4
59.05
58.2667
41.25
50.2167
39.1667
42.8667
66.3667
29.8833
31
26.0333
30.5167
47.7167
44.7
45.2167
51.5
60.6
40.8667
70.9667
55.7
61.3167
62.5
42.5167
31.25
48.2667
36.8667
59.8333
33.9333
29.2667
31.1833
37.2833
40.9667
31.2833
27.1
46.75
44.9667
36.8167
28.25
24.0333
34.65
63.6167
48.85
42.8833
38.9833
35.6333
48.7167
26.8667
46.7167
30.1667
37.8833
28.1167
38.7333
51.3167
22.4667
24.7333
36.45
45.85
61.2
35.5
39.5167
50.1167
43.7833
49.6333
42.1167
25.95
26.5167
63.35
36.55
49.6167
35.9
43.4833
43.8833
42.0167
30
26.15
54.2667
40.6
23.4333
31.5333
37.1833
29.9333
33.35
41.6
38.2833
65.5167
49.1
43.9167
39.8667
36.2833
44.7667
32.9
47.0167
44.1833
41.0167
27.6
33.9167
53.65
27.2
61.4333
11.2333
31.0333
59.7833
33.3333
39.5833
28.0333
28.2667
39.0167
31.4167
27.2667
30.55
54.7333
45.7833
25.8333
31.0333
50.15
50.4167
44.2833
31.5833
40.4333
35.3333
35.8667
17.2667
59.2667
19.0833
20.15
27.7333
22.3333
18.65
35.6333
64.9
52.25
61.4667
33.3667
59.4833
55.0667
41.5
27.9667
29.4167
51.7167
59.25
45.35
35.2833
32.9167
42.65
18.4333
50.45
51.3833
37.85
57.95
33.4333
39
26.4833
54.2833
31.6667
37.8
57.0833
41.8833
61.0833
48.0333
11.9833
58.3333
30.4833
35.3
61.5333
33.8333
50.6333
19.55
59.0167
49.35
26.15
66.5667
72.9833
22.6667
32.6
32.5333
49.2333
31.3167
36.1833
48.7833
41.9
45.1833
71.4833
54.4
42.95
38.75
50.8333
42.85
43.9
40.85
41.05
32.9667
31.4833
32.25
60.6167
33.6833
37.4833
67.5667
30.5333
38.1833
44.0667
33.4667
34.7333
27.2333
40.5167
41.7833
40.25
48.7667
50.3333
57.8167
31.8667
38.2
31.1667
49.05
26.9167
67.6667
54.05
51.4
32.3167
27.6667
41.0167
33.0667
29.2
24.85
54.2667
28.15
43.2167
50.7
34.0333
39.8833
57.2333
24.0333
17.5833
34.8
24.9167
58.3
54.95
51.8
24.1333
35.55
49.0333
38.3
44.8667
38.3833
42.5333
50.1
43.6833
41.2333
36.4833
31.0167
48.1667
16.15
40.5
32.8
48.3167
30.9167
17.9667
30.3
16.5333
31.5667
29.5
34.3
31.8667
35.5667
35.75
44.6333
24.5167
38.2333
41.6
43.3
55.45
24.1833
33.55
42.25
35.7167
42.3167
37.3833
41.8667
36.1333
43.3167
36.2667
24.2167
49.05
51.65
28.9
22.1667
49.0167
42.2667
47.9833
37.8667
24.0167
29.5
41.5
38.0833
45.7833
39.7833
42.5333
49.6333
47.9333
44.0667
53.2167
39.2333
32.45
35.6833
42.45
35.7667
47.6667
33.0833
25.95
20.9833
17.2833
23.35
23.4333
21.9833
52.6167
31.95
56.1167
42.5167
19.5833
24.8333
50.15
56.9
51
28.9167
39.3
15.9833
16.2
35.9167
53.9167
43.5333
32.85
34.1
45.7833
54.4333
32.9
40.2667
37.5
56.6833
49.35
53.2167
50.9667
43.5333
24.3333
52.2833
24.8167
39.75
41.6833
41.0167
44.8667
24.6167
43.5333
43.5333
50.2167
41.7
39.0833
19.85
19.95
17.25
26.9
50.1167
47.1833
45.85
42.25
61.8667
57
57.2333
26.1667
44
59.1833
48.7
42.6833
16.95
34.4833
54.15
65.3
17.3667
28.3167
17.2167
39.1667
18.3833
55.4333
43.1833
25.7333
47.7
40.4667
46.45
32.8
54.6833
39.9833
33.1333
47.35
34.8167
28.9333
34.3
38.9833
62.35
55.5
22.4333
60.9
30.6
48.6333
27.4
33.95
19.6667
81.0333
55.1833
55.0667
53.5833
17.5333
45.1667
30.35
25.1667
33.95
29.8833
47.0333
57.6167
35.4
45.3167
25.0333
41.5
38.65
24.1
24.05
18
72.9833
47.5
56.8333
50.1333
50.15
32.95
36.75
47.9167
52.3
50.8667
64
44.0833
24.2833
32.8833
26.6333
34.6833
34.6833
17.2833
25.85
32.4667
42.9833
37.4
31.3833
31.2833
19.1
33.7667
40.2333
33.5167
44.1333
31.2
32.1333
56.0333
47.5
49.9167
11.1667
22.9
41.8333
37.95
18.05
31.15
44.3833
53.7
37.3
35.8
51.4333
36.2167
44.7167
39.7167
39.4833
31.9
43.3167
47.2
62.8
41.0167
31.1667
41.6333
41.4667
22.9667
32.35
35.8833
43.1667
30.8667
24.8167
51.8333
55.0167
37.5167
38.8167
38.6
32.5333
51.6667
52.1333
19.1833
25.2
26.2667
31.1667
33.6167
45.2333
46.9333
29.6
29.3333
31.2167
38.35
36.85
30.8333
50.25
42.8833
28.1667
38.1667
36.5333
29.5
25
45.1833
42.1667
36.3
65.7833
46.4
59
53.9667
25.4333
33.1333
49.0667
29.85
44.1
32.35
33.8667
32.65
45.7667
37.7833
56.5667
25.9667
29.5167
22.2
35.0333
19.7833
42.3833
21.5333
62.0667
40.1667
33.15
32.9167
32.1833
37.7833
54.2833
64.4333
33.0667
25.55
52.0667
41.1
31.65
38.7333
30.15
25.2333
34.3167
24.0667
28.0167
28.55
42.25
10.3
52.8167
44.9167
39.8167
47.9833
44.7167
32.15
44.0833
32.1
27.0667
27.3667
36.0833
25.0667
32.9167
62.0167
30.8333
40.1
43.1
57.9333
30.6167
27.8167
31.9333
51.9
37.2833
38.1167
51.3
18.7333
31.3
10.2
39.35
35.6167
42.8333
38.3
43.8333
31.6333
51.5
43.3
30.35
22.2667
24.0167
38.4167
31.1667
30.6
49.65
33.35
36.65
38.8833
50.8667
40.9833
17.5833
38.9667
32.3167
28.2833
31.3333
29.6833
44
37.0167
33.2333
59.05
25.95
45.8667
34.2
43.6833
23.9833
47.6667
32.4167
39.8333
51.0667
24.1
43.75
17.9167
48.4
37.3
45.1667
33.05
42.5333
38.55
32.6
24.6667
46.8333
39.5
38.9833
24.1
50.2833
71.5833
39.7833
38.15
53.9833
31.8167
47.1
17.75
30.1
51.3333
37.4833
49.5667
36.8333
19.0667
40.9167
46.3833
29.4333
31.9167
37.4833
39.5833
25.8
35.0167
66.25
45.9167
51.6833
34.7
31.1333
44.7167
31.9667
40.05
45.7667
36.2
35.1333
25.9333
33.85
34.2333
38.9667
45.95
35.7167
31.2833
31.3667
36.9167
51.85
24
32.9667
38.6333
47.8667
46.85
41.9167
52.2
33.2667
62.4833
39.2167
55.7833
59.4
46.35
46.0667
51.5167
39.5667
37.5333
20.65
53.9667
51.35
33.65
47.2167
32.9333
59.9167
51.5333
44.85
33.3833
41.95
19.5
40.9333
29.3
43.3167
48.4333
42.0167
26.8167
47
19.3833
22.9833
43.5333
42.6667
60.2333
30.8667
51.5667
48.45
40.4667
51.1333
28.8333
18.7667
32.2
42.35
21.4167
47.85
39.65
24.7833
39.2
60.0167
44.7667
31.65
39.0667
61.3833
44.1833
11.6833
41.95
47.9167
31.0167
24.4833
28.2
41.4667
30.5
33.9833
28.5
31.3
28.2
39.6333
38.5333
32.8667
44.3
54.3667
36.25
10.6333
25.4333
36.5333
32.3833
32.5833
25.8667
66.4667
39.95
50.4667
50.5333
52.2667
57.8667
18.85
57.8
29.6667
49.4167
33.1833
43.85
16.85
53.9333
47.45
32.1167
35.1667
37.4
47.75
32.15
25.8833
43.3833
39.05
50.4333
40.95
26.2333
25.4833
18.95
31.5167
42.3
36.8833
39.85
33.1667
25.35
17.45
36.7
25.3333
26.4833
69.1
35.3167
23.05
39.4833
32.4
37.9667
37.95
23.3833
54.2
48.6167
41.2333
35.9
38.7667
49.3
56.0833
18.3167
58.8667
34.15
23.3167
25.4
35.5
32.25
31.7833
31.1833
44.5
39.65
34.8667
32.5833
46.2667
38.3833
44.7667
42.4333
31.2
44.7333
59.4833
25.9
59.4333
33.0333
20.25
50.1833
49.0667
38.35
32.1167
41.3667
24.15
59.3333
32.6167
33.6167
32.6667
15.8667
37.7167
27.8667
58.45
59.3333
39.5833
49.35
41.8
29.25
18.2167
30.2333
22.3
16.1833
24.5167
31.1833
17.5167
40.35
25.8333
33.65
46.2
46.3833
41.9667
28.95
43.3833
45.45
69.4167
45.9167
17.4333
34
29.75
42.55
49.05
10.0833
36.0833
23.3167
69.8333
65.9833
25.9333
44.1667
40.1333
32.7167
51.1833
23.3
25.2833
38.8333
56.65
39.1
29.8
49.2167
29.3833
22.3167
35.8667
40.8167
54.1
54.6667
31.5833
24.1167
29.5833
32.85
27.1667
32.5667
56.2167
30.95
31.2
35.7167
21.0833
38.2167
35.8333
16.5333
45.7167
24.3667
47.4833
43.9333
51.7667
44.7333
34.5167
56.1667
43.15
39.4333
26.3833
16.7667
35.4167
51.9167
48.9833
48.5333
53.5167
54.75
35.3833
37.5833
45
67.1667
57.75
45.1333
35.65
33.2333
34.75
29.6
30.9833
44.75
33.9
31.2833
49.05
31.3333
34.6667
36.6833
37.0833
55.7833
34.35
24.8667
47.7167
26.2
51.5333
30.8
46.4167
23.3833
40.5
15.6
35.5
37.4667
47.2833
42.7833
35.6167
36.4833
28.75
40.05
45.8
21.65
38.2
42.8
68.6833
56.45
40.3167
33.1833
50.95
58.5167
29.15
24
40.8167
35.4333
48.6833
49.65
24.2833
36.65
30.8667
41
38.2167
54.1833
31.2333
28.7167
27.1
47.35
41.15
35.75
10.3833
22.3833
60.6333
28.7667
41.0167
29.8
25.2333
36.8167
36.1333
43.1333
46.55
31.7167
51.05
30.8333
51.1
61.9333
58.35
32.75
33.75
51.8
45.0833
58.2
30.8167
45.7333
36.65
31.7333
26.4333
25.4833
55.1667
41.7333
23.5167
59.15
39.7833
24.8
27.3333
27.4
31.65
25.05
24
51
32.1667
26.2167
30.2167
19.5333
47.2167
46.4667
41.2
53.2333
27.6
20.4833
42.15
39.8667
40.3667
42.7833
42.6833
25.85
18.35
27.75
32.2667
32.4167
41.9
51.8333
29.6833
29.85
33.15
51.1667
33.5833
48.3167
38.4833
35.7
57.0333
33.35
37.3
29.3833
39.7167
42.2167
24.8833
39.85
25.5
41.0333
32.9167
55.0833
37.1333
42.9167
59.3333
46.55
51.35
42.1333
48.45
39.5667
24.7333
23.9833
60.3333
44.8667
40.2333
50.1
39.1167
50.8333
43.65
52.1667
41.65
40.05
47
27.35
49.0333
53.15
29.1
42.0667
57.5333
19.1167
43
40.2167
56.6
41.6833
55.0833
44.9
26.8167
36
66.2667
37.8333
45.4
32.6167
50.6
70.1833
61.0167
40.15
34.6333
29.8833
26.6833
33.2333
46.3
41.5
37.1
55.3167
38.95
46.9333
47.7167
56.3833
34.1
33.3833
13.2167
46.5
37.8667
29.8167
31.3
39.6833
52.3667
36.45
24
31.4833
49.2667
39.4833
25.0167
52.2167
59.1167
24.5667
63.25
40.5
18.15
49.8667
24.9167
39.35
56.35
42.1
55.2833
65.1167
28.6833
37.3667
19.1167
42.4333
47.3167
42.3167
24.1167
48.3
47.0167
37.9167
54.8833
38.3
41.3
47.3167
41.7
17.15
29.6167
36.5833
17.0167
25.1167
41.15
50.1167
47.9833
17.3833
30.3
42.5667
41.6167
33.8833
19.2667
25.55
31.2167
55.4167
59.2167
53.75
57.3167
54.4
42.95
38.4333
41.0333
32.4167
51.5167
46.0833
26.5167
24.7667
24.1167
25
48.7167
11.15
37.6833
37.9167
18.3833
25.8833
18.6667
53.1667
37.3167
39.4167
62.5333
24.2
23.95
41.6167
30.25
38.8667
17.3833
32.4667
17.9167
57.6667
32.8667
41.1167
57.4167
35.05
10.9333
24.45
23.9333
41.1667
44.6
30.8833
23.8333
19.75
48.3667
31.9833
44.4333
26.5
23.3
31.0167
44.3833
17.1833
47.45
42.15
26.2833
32.9667
37
27.25
34.75
40.4167
32.65
47.7167
28.7167
30.5833
32.9167
18.6167
26.05
43.2167
40.1833
27.5167
32.5667
59.2667
50.55
24.1
32.2333
39.7333
32.45
25.7833
26.65
38.05
51.8333
39.0333
46.7
35.4833
45.7167
47.7333
38.5833
37.65
50.2167
25.6333
50.0667
41.2167
46.6167
46.7333
53.6
47.1333
21.6
37.9667
63.9
41.7667
31.15
32.4167
36.3833
17.9667
34.0167
33.1167
42.0333
30.8
39.45
46.2167
47.9833
49.5833
37.2667
51.9833
60.5333
25.8667
23.9833
36.55
38.8333
35.8167
24.4333
29.95
47.1
35.8333
38.6833
37.0333
23.1
26.5167
32.5
57.8
51.2667
44.2333
42.8
46.35
39.6
36.7667
53.9667
33.9333
33.5833
23.05
38.7333
29.75
28.4333
54.7167
38.5833
52.3833
38.1667
35.4333
42.7667
53.9667
46.3333
46.9667
17.2833
24.8667
55.7667
31.4167
40.1333
32.8
72.65
52.4
53.6167
33.7333
44.9
52.0667
45.55
23.2
37.7167
55.4
45.7
75.8333
51
48.7
39.2
52.1333
54.6667
32.9167
67.15
48.6667
16.4667
50.9333
18.2667
48.9
25.6167
45.1
52.1333
41
61.1667
39.6333
31.8833
42.25
41.3167
56.5667
26.85
53.15
19.3833
35.2
31.1833
42.5167
43.5333
52.1667
59.55
43.2
41.2333
35.3833
18.6
47.8833
26.0667
28
51.6667
36.0833
54.1667
35.2333
33.0667
21.2
25.0667
34.0833
41.1667
32.3833
38.9333
32.1
50.1333
32.9167
43.3833
19.1
27.4667
36.95
50.0833
41.15
40.7333
31.65
30.25
48.6167
42.4
53.9333
31.7333
40.2
51
47.5
36.35
43
24.3167
37.8
19.8333
44.5
33.55
39.8
48.3333
25.8333
49.2667
24.6667
31.0833
43.25
38.6167
38.9167
52.6833
34.3167
41.9167
43.4333
43.0667
52.3833
50.7667
30.6167
50.0667
57.6333
17.7167
33.75
37.6
41.6167
30.1833
59.7333
58.65
63.45
35.0167
31.2833
18.6
41.6167
55.5667
19.2
47.05
43.4667
50.8667
35.45
56.6
65.05
32.0667
34.7667
29.4
47.9833
54.6667
39.4
24.9167
43.8833
41.0167
38.4167
24.6
46.35
43.0667
31.75
42.6167
39.1333
40.9833
31.95
203.6
42.6667
64.8667
54.1167
40.3167
59.4
25.3667
40.0333
48.4833
41.25
45.7667
46.3667
23.9167
38.1667
34.2333
25.8833
23.2333
44.85
41.3667
23.1833
60.5167
32.4
48.25
25.4167
52.3167
53.8333
37.3167
49.05
48.5
22.2333
31.45
26.3667
54.9833
61.2167
32.1167
41.9333
50.05
36.3167
17.9667
52.5333
54.9333
31.6
40.4333
50.8167
10.9167
47.8333
46.2
61.0667
52.0167
25.15
59.7
50.0833
34.7667
30.6
35.2667
32
50.1333
39.85
51.1333
41.2167
40.95
33.05
48.0167
46.6833
43.2167
41.05
36.6833
47.45
42.7333
24.75
64.4333
35.4
52.7667
29.3833
23.9833
24.8
51.2333
33.6
31.5833
10.5
49.5167
16.8
43.15
38.0667
54.7833
26.7333
28.75
33.05
43.25
11.6
31.2167
35.3833
26.35
44.35
43.2667
31.6167
13.8
35.8833
39.95
33.3667
18.5667
49.0667
24.9
24
55.1
40
39.15
44.7333
28.7
29.5667
34.6
30.4167
30.5667
53.5667
19.2167
44.5667
53.4
42.8833
17.75
28.2833
46.4
36.6
36.9
33.3667
35.7333
34.15
41.9333
53.1333
70.8667
36
32.25
31.9333
77.4167
28.8333
41.9667
24.6833
56.8333
33.3667
33.55
41.8167
40.95
25.7667
31.9333
31.85
32.9167
17.3167
34.3
46.35
17.8167
45.5167
28.5
41.6833
35.3667
33.55
37.0667
47.1
45.6333
19.65
44.3333
42.5333
53.15
46.3833
51.4
45.75
18.25
50.7667
53.75
10.8833
70.9667
50.3167
32.3833
37.0667
32.0667
65
39.9167
26.2
46.4
39.05
50.2
49.0667
68.0833
30.8667
18.1833
51.5833
19.6
35.0833
44.7667
49.2667
26.1
74.4667
41.8833
51.3
51.55
58.9833
23.1667
34.2833
27.0833
10.8667
43.3
33.1333
39.4833
63.15
25.7833
36.5833
25.1333
48.9833
35.2167
23.95
40.8667
42.7
23.0833
32.3333
48.65
33.2333
29.8667
23.1667
47.3333
40.5167
43.6333
47.3
40.3
33.7833
36.5
46.4667
56.6167
39.3667
55.6833
43.9333
29.55
58.1667
32.1833
38.3333
19.35
10.6667
38.2833
26.4667
50.5167
55.7
49.5667
26.1
39.3167
18.1167
40.5
26.8167
36
40.4667
25.8333
45.5167
39.25
36.6167
40.1333
53.1667
41.1667
41.9667
51.7167
54.3
36.7833
30.5
31.7667
45.8167
20.6833
24.3667
47.5667
40.0167
31.0167
37.9
51.0833
51.4333
25.8
44.6
50.0833
28.7
29.9
50.1167
39.15
45.7
42.5333
57.7
33.05
39.7333
29.1
62.5333
32.05
37.35
35.05
36.7
32.5833
46.3667
59.85
40.7833
26.1
32.8333
26.4667
24.7667
35.3167
42.3667
31.9667
36.7167
28.9167
19.9833
39.1
25.0333
38.6833
62.35
39.9833
39.9167
28.5167
36.3667
50.1667
49.5833
40.9833
25.1833
53.7167
24.4167
31.1167
23.9167
45.1833
26.05
46.5333
43.9667
40.4167
33.0167
36.5333
31.25
27.0167
32.4167
63.4833
46.95
40.6167
31.95
24.6
52.5167
33.15
23.3667
48.8833
58.4
43.7833
48.15
31.3167
58.35
32.9833
46.9333
53.4333
43.85
37.9167
29.05
32.0333
48.3333
46.55
48.2
66.25
75.0833
38.35
24.4333
25.0833
37.4833
32.5167
25.6167
49.5667
36.7667
33.5333
53.3667
36.5167
29.7833
20.0167
25.7833
49.7833
55.8167
35.9833
55.2667
42.5833
59.6167
45.2833
47.6333
36.9167
31.7167
50.3167
38.8333
56.9833
32.3333
50.6833
31.2
37.1
41.95
41.7667
33.9167
43.8333
43.8833
45.7
38.5333
41.9
32.8333
11.7833
32.2167
51.05
29.2833
36.9333
22.2833
32.6333
35.2667
40.35
22.4
55.8833
10.0167
31.0667
30.95
48.9833
35.25
18.5167
63.25
38.25
31.4167
25.45
22.3
62.2833
32
39.15
19.05
19.9667
29.4833
49.5833
42.8333
37.7833
40.95
34.5167
23.35
16
39.1
45.8167
31.2167
51.9333
24.7333
31.2667
49.2833
44.5333
33.4167
60.45
37.95
29.6167
52.55
38.5167
25.0167
34.6167
23.8833
41.1333
39.8667
45.35
23.7
35.2
42.0333
25.9
15.7167
37.9667
26.0333
24.3833
34.5167
32.5833
35.25
37.2833
43.8333
23.3833
17.8833
37.7667
47.95
52.55
36.5
24.1333
43.5333
23.9667
34.2667
36.2667
24
43.9833
29.75
39.3667
45.7833
51.3167
31.8833
33.3
44.4
24.0667
10.4333
45.3667
68.2333
16.4833
66.2167
24.1
37.1
25.9667
40.9333
61.6667
22.9667
46.75
48.75
25.2333
42.8167
37.9667
50.6
27.55
36.0167
23.9667
53.55
58.85
31.1667
29.6333
23.9833
64.4333
42.1667
36.4833
28.5
18.4
50.0167
34.3833
23.0333
22.4
61.9
25.9667
32.2
29.75
28.7333
51.95
24.1333
28.1667
38.1333
22.75
41.5667
60.6
33.1167
25.1333
34.5333
31.9
57.45
25.0167
24.7167
43.2167
65.6333
41.4667
38.6
39.8333
61.1
30.2
15.5333
41.7667
33.3667
36.1
31.6833
16.6
9.7
38.9667
34.6333
37.15
29.75
19.5167
11.05
37.4833
40.6
41.3167
32.7667
59.85
20.1167
38.7667
19.0167
45.95
33.2167
31.95
27.55
40.4833
36.85
26.5667
50.9833
50.25
38.4167
52.35
18.7667
57.2167
32.5167
41.25
33.6333
43.2333
46.0667
27.0833
48.15
30.3333
25.9
38.0833
41.45
38.8833
44.3
33.9
18.5
39.7
46.2167
48.1833
54.3333
31.1833
32.75
38.0333
57.3833
28.3333
33.6
55.0167
24.75
38.6833
10.2667
47.4667
38.5333
25.6
30.05
30.8833
38.0333
41.5167
55.3333
23.95
16.4833
38.8833
24.9833
60.1667
26.8833
45.0167
44.9833
38.7167
69.8333
33.8667
40.9167
45.7167
29.3667
23.2333
32.6
59.9833
32.6333
64.7667
33.8167
24.0333
40.45
51.55
28.1167
17.2667
29.45
35.1333
48.1167
44.2833
43.0167
21.8833
51.2667
26.8333
63.8
25.9
36.1667
50.4167
43.1
42.4167
33.4167
24.1167
46.5833
48.6833
33.3167
60.3833
40.9667
32.6167
48.1
52.45
25.0833
58.2
48.0333
24.5167
37.8167
30.0667
48.6833
31.7667
44.95
45.0833
48.3
34.0667
39.6833
27.2167
35.2
37.8833
44.3
64.8667
26.4167
25.6
44.7
44.8
30.9
41.1
31.8167
28.9833
34.0333
44.8833
48.2667
38.2833
45.8333
27.9333
33.5667
58.5167
38.3333
41.6333
31.8167
31.6333
45.9833
39.6167
39
33.9333
45.95
35.8167
31.3
35.2667
56.6167
20.0333
59.4833
11.0833
17.3167
17.9
57.3
24.15
47.9
34.5833
32.45
30.7833
59.4167
43.1833
47.7333
31.8667
41.1333
50.05
35.2333
42.1333
26.4167
46.65
32.1167
31.7333
37.2333
43.55
22.9833
31.6667
39.7167
48.1167
18.0667
25.25
42.85
30.6667
38.3833
46.5
40.0167
23.85
45.2167
40.9667
45.05
35.7
37.9833
38.95
55.6833
40.4167
35.9167
32.3833
17.8667
24.9833
61.1167
42.3167
44.95
19.9333
23.3
17.4167
50.3
17.7333
18.2667
50.6833
54.0167
33.55
27.4667
54.3333
48.6333
34.8333
36.5667
56.6
35.45
25.2833
51.1667
33.1667
22.1
29.9
32.8167
57.75
34.3
22.2833
36.5167
36.05
49.2833
40.7833
49.6167
58.9333
71.4
17.75
34.0667
54.05
42.3667
50.1667
37.95
24.6667
25.2167
43.4667
26.2667
24.1667
50.0833
37.6
37.2333
53.1
40.3667
55.3667
42.8167
19.75
32.8
33.1333
34.8
38.1833
32.5667
41.2833
48
37.8167
32.75
27.4167
55.8667
51.3333
64.9
42.2
39.65
41.1167
37
38.9833
41.8
40.5
40.0167
21.0667
38.3
44.7333
40.7
27.5667
40.7833
49.2833
10.4667
44.7333
55.1667
56.1167
75.4833
37.05
45.25
53.1167
22
26.8333
73.0167
41.0667
41.65
30.2667
11.3833
45.75
52.4
45.0667
27.7333
43.9
25.0667
43.85
27.45
39.7333
47.3167
35.7833
42.4667
59.25
27.4333
19.65
51.1167
43.0333
31.7333
44.8
46.9667
25.5667
39.15
38.7
35.1
36.9167
34.9333
50.1
31.8833
42.4
55.75
53.65
15.6333
42.1167
40.0167
40.1167
18.3833
31
41.5333
41.0333
36.55
53.8667
19.25
31.1167
32.4
46.7833
52.3167
40.0167
35.85
22.3667
56.05
61.2167
57.3333
29.6
39.0167
32.9667
40.6333
44.95
30.9333
27.2333
35.9333
28.65
57.2667
28.9167
35.0333
38.05
74.8833
37.1167
52.4167
44.1
46.3833
23.3333
60.2833
54.45
26.2833
42.7667
25.5667
33.5833
36.4667
42.1
19.9167
45.7833
29.6667
38.9333
36.8667
45.9833
40
35.5833
65.1333
47.8833
45.65
25.8667
33.9
36.5833
44.6167
41.5833
35.1667
28.2667
37.6167
33.9
32.7
52.6167
61.6333
46.2833
25
21.8833
34.55
29.2833
69.9833
43.9833
39.7333
47.6333
17.7667
34
43.55
39.5167
57.1167
28.9333
33.1667
46.7833
41.5
26.5667
32.6
47.2
46.6667
54.65
44.0167
46.4
18.3667
38.2167
38.5
52.6
27.4667
26.35
38.9
59.5333
31.5333
39.5
31.9833
30.45
33.9167
22.9167
28.3
36.5167
36.6833
59.5167
36.0667
31.5333
35.3667
25.3333
53.1167
31.35
33.3667
38.1667
40.9333
33.8833
27.7
48.1167
33.15
41.0167
59.0667
37.8667
44.9833
27.85
75.1667
17.9667
38.7333
74.2333
45.7167
45.65
39.4333
44.8333
27.85
29.9
32.0167
44.85
20.6333
46.2667
64.9833
26.75
58.3
38.0833
32.35
45.1333
33.6333
41
18.35
27.15
32.45
41.1667
41
47.8
28.2
17.5833
25.2667
50.05
38.7333
24.3667
36.7833
38.5167
24.7333
35.1333
51.8833
61.6333
61.9667
16.9667
31.1667
30.8167
35.7333
61.8333
26.1667
61.55
40.05
36.5333
23.9833
41.1667
34.0833
45.7667
33.4
25.3167
37
55.45
45.1
31.2167
53.7167
41
24.8333
41.3667
41.0833
19.6833
36.8333
48.6667
34.0667
36.2833
34.5833
39.2167
64.7833
38.2333
64.0833
51.7167
26.8167
41.6833
35.0667
26.1167
35.5333
36.1667
39.5667
40.4
51.2833
40.7
23.9167
37.35
32.7667
34.5167
41.15
42.3667
25.2833
30.2333
47.9833
53.5167
33.9167
32.8167
24.7167
41.85
47.4167
54.85
25.3667
48.9833
43.6667
55.3667
21.4833
47.6833
60.6
35.5167
58.1833
40.8167
55.7667
31.1
53.25
26.45
41.75
41.9667
45.9333
69.4
22.9667
42.9
33.9667
64.25
28.2333
34.25
56.5833
54.4
55.7167
61.0833
40.8
44.0333
41.2
50.2167
52.75
44.7667
47.0833
31.0833
44.6833
32.1
51.9167
43.0167
45.7333
48.6
43.05
64.7167
26.2
38.5667
41.1667
49.2167
31.3167
30.9167
40.8333
25.25
52.5333
38.3833
27.9833
33.5167
37.0667
36.7833
65.6
19.1167
16.55
45.4667
48.1
51.5833
48.5333
29.9167
58.15
30.85
56.75
40.3167
32.2167
25.4333
57.3833
25.2667
53.2
31.0333
61.0833
69.0167
24.0167
43.55
41.2167
45.2167
51.4333
38.2
69.7333
39.65
34.65
35.7167
50.1667
37.8333
31.0667
28.4667
47.5833
61.3167
40.1167
31.1333
35.1333
41.6667
47.8167
24.7833
36.2
60.7667
38.05
50.4333
43.65
38.4333
35.4333
17.4167
47.6333
37.1167
52.9
33.4167
55.25
46.1833
31.2833
30.15
55.4167
46.3167
43.2167
53.0833
35.15
18.8333
17.8833
35.9167
35.8833
32.1
50.4333
33.75
43.5667
59.4
35.55
49.9833
56.3667
44.1667
45
36.9833
46.8667
31.5
65.45
42.4
31.2167
50.75
34.1833
63.2333
31.7833
48.0167
39.75
41
61.0833
43.8
44.8167
37.85
40.4
37.85
44.5667
40.8833
26.2333
55.4667
52.4833
45.7333
32.85
53.3
26.4
47.8
42.5833
24.5
26.4
45.75
38.95
29.9667
43.85
33.6667
37.7667
30.7167
24.55
17.4167
27.4833
17.2667
39.4167
18.5333
41.2833
37.3333
24.8833
29.7667
47.7667
46.25
42.2333
41.8167
65.6833
32.7667
31.2167
38.5833
50.2667
43.1
29.7667
37.25
50.5333
30.2333
17.65
50.35
30.1667
28.2667
39.5833
31.1167
46.75
38.9833
39.6
26.15
31.4333
41.1167
20.9167
44.5667
43.1167
41.2
45.3
33.8667
41.8
56.0667
33.35
25.9167
45.7
32.9667
44.15
39.2833
56.0333
27.9833
29.3333
36.55
39.9
27.7
37.2
47.3167
35.9667
36.3833
49.2167
48.7
68.1833
25.4667
19.4333
22.1333
56.3167
31.0167
30
37.6667
42.9667
40.0667
33
31.5167
36.5
47.4333
36.3167
37.8333
37.95
43.9667
39.7333
45.6
37.8167
45.3167
44.8833
66.9667
31.9667
44.2667
33.05
39.6167
25.0333
45.8333
49.5667
49.4667
45.7167
44.5333
23.0833
44.95
44.1333
33.4
43.05
40.3167
43.05
49.2333
24.8833
20.0833
37.3833
32.0833
43.8167
22.9833
26.1167
26.4
17.6
30.7167
48.1333
42.4167
56.6
39.6833
26.0667
31.1167
18.3167
44.9833
31.6333
30.6833
37.0333
45.2333
31.5333
22.6
23.5667
28.6
37.35
38.7167
45.1667
19.6333
38
33.2
37.1333
46.3167
32.2667
36
36.5
43.25
31.9333
24.1167
31.5
24.2
50.1667
35.8667
36.2167
31.0667
36.85
36
38.9333
44.6
18.35
47.1
49.1833
43.2833
36.0667
43.2833
56.35
29.4833
55.5333
26.6333
29.55
40.05
31.7333
47.0667
52.3333
62.9
17.1833
31.7667
41.8
16.1833
24.1333
31.8167
46.2833
48.9333
33.05
56.2667
31.1333
36.05
27.2167
40.2833
47.7167
39.9
48.3
56.55
63.05
75.1
40.8
44.1167
24.6667
44.15
39.5333
45.6333
33.0167
34.45
44.55
44.9167
56.5667
31.1333
36.1833
41.65
29.0667
23.15
38.5667
33.4833
35.8
28.2667
28.4167
31.35
61.5167
34.7167
59.65
27.35
28.6667
21.0833
32.7
47.25
38.25
46.9
38.2333
39.8333
41.85
24.8
29.85
50.0833
31.9333
54.15
37.7667
37.3
19.3167
43.4833
51.6667
52.3
34.1333
60.5667
43.8167
62.1
31.15
41.8
38
34.0833
50.35
34.4833
18.0667
48.65
48.2167
40.5667
59.3167
37.7667
53.7
46.3333
38.8833
44.85
42.95
51.1333
38.6333
58.15
53.85
36.25
49.9833
18.3667
51.8
42.4667
47.0667
32.3333
26.8
53.2667
31.4167
32.2833
40.9
47.6833
66.55
30.5167
32.15
38.55
39.1167
53.3667
50.5
45.95
67.1
50.0833
45.9
52.9333
32.85
42.95
48.6
22.9167
38.95
25.1167
56.9333
44.7
70.0667
18.7
23.35
53.5333
23.2
53.0167
51.7333
32.7667
53.9
64.3167
17.75
42.3333
48.5167
43.8833
32.8833
45.5667
55.4167
50.0333
29.3
40.9167
40.55
49.3667
42.6
48.4167
23.5667
53.4
16.7167
61.7333
42.25
34.5167
48.25
35.65
38.1167
36.2667
42
33
42.45
56.0167
37.7333
50.3667
47.9667
59.85
50.5167
49.95
37.35
39.35
26
38.0667
54.4667
46.7333
41.1833
33.1333
22.7
45.25
36.8167
69.75
16.55
47.3333
50.9667
49.9333
18.9
26.0333
41.05
32.2
54.2
29.6333
59.5333
47.2
57.6667
42.75
25.85
39.6
40.5833
30.2833
47.6833
32.55
48.5
50
46.2
30.8833
40.2833
30.15
29.35
46.05
40.8667
41.5833
67.3333
30.85
42.4
43.7333
50.95
51.15
31.15
48.0667
46.2333
33.0333
32.5333
67.5833
32.9
18.5333
11.0167
17.1167
47.2167
33.9667
35.2833
64.8833
39.5333
36.5333
38.5333
69.9833
11.75
43.8833
17.9167
43.5667
31.0167
53.6667
37.25
30.05
22.95
56.0333
50.85
45.6167
53.8667
40.4167
30.2167
50.7167
39.1333
38.2333
42.1333
38.8167
30.4333
23.2
17.5167
41.2833
18.3167
48.95
40.9833
22.7167
28.3
44.65
20.85
29.4333
50.5833
33.2167
32.6667
28.2333
26.8667
34.3167
41.6667
55
48.6333
27.8167
47.7333
60.2167
53.2333
25.1667
28.2167
36.9333
35.4833
35.3333
50.05
39.1667
33.55
33.75
39.3167
47.7667
50.5
37.25
48.8167
30.1167
25.4
50.4667
47.2667
50.4333
17.5833
57.65
47.4167
32.3667
33.8
46.3333
44.9167
19.3
44.0833
22.7167
30.7167
32.3333
58.8
39.75
31.3667
50.2667
33.0667
26.0667
60.5
25.2167
33.1833
18.4
28.5333
31.25
44.65
44.05
71.5167
36.5667
18.5167
43.1833
39.15
58.25
40.3333
42.6333
38.7667
57.0833
59.6
50
40.25
37.9667
28.4667
29.8667
46.3333
47.0667
33.4833
43.4833
37.25
22.85
37.7333
41.2833
55.7833
41.7833
33.8167
55.3833
37.2667
44.0167
29.9667
48.2833
43.3333
25.4333
41.6667
58.3167
33.4667
36.5833
10.8833
31.7333
35.7833
33.5
50.45
39.8333
45.6333
28.8667
41.6333
30.9
34.1167
42.5667
41.2667
32.05
39.7167
64.9833
31.7167
31.15
48.1833
54.3833
38.75
48.9
39.35
40.4333
42.9667
39.9333
42.35
28.7167
24.95
17.95
49.4667
43.3667
32.5
50.0333
41.4667
58.9167
44.6333
44.7167
17.9833
39.3333
39.6333
52.0333
28.2333
46
63.25
32.2333
28.1
19.8667
29.3167
39.6667
41.4
36.5833
36.9333
23.05
51.5667
24.7833
51.6333
40.9167
21.9167
52.3333
56.95
30.7167
24.7833
27.6167
45.75
24.7
36.7167
31.3667
35.3
33.1167
42.2
36
48.45
46.9333
47.0833
63.05
33.1167
52.1333
48.5833
31.6333
32.05
31.75
26.0333
20.7667
58.3167
25.4333
45.3333
26.1667
39.4667
41.2833
41
21
24.9333
29.6
48.0833
35.15
28.7333
32.55
37.1833
38.8
54.0667
37.3667
42.2667
36.6833
51.7833
23.9667
38.7833
73.0667
42.9667
25
54.3833
46.6833
43.5667
44.8833
50.15
44.9167
51.1
38.8167
18.7
43.9167
25.7333
51.3667
40.3333
29.7667
50.0833
32.65
40.25
32.3167
57.0667
48.95
35.4833
44.4833
42.9167
17.6833
24.5667
62.7333
25.75
34.2
31.15
38.6667
40.1333
42.1667
27.1333
56.0333
31.45
39.2333
36.8
39.8833
59.75
41.5667
26.2
34.2
36.85
33.6
42.8
32.5167
28.3167
28.4
30.85
55.5333
31.7333
58.8
55.1667
40.9333
26.75
31.9833
37.2833
53.5667
34.55
34.7333
69.95
46.2667
55.2167
18.2
48.9833
41.2
38.6167
61.0833
41.6167
24.5667
50.1333
39.6667
34.65
46.7667
24.6
26.7833
30.9833
44.55
34.3167
46.6333
58.1833
32.0167
26.15
32.0833
49.05
64.4667
43.1667
38.2833
48.6667
38.6167
24.6167
48.3333
35.6
42.9167
49
44.9
42.3833
66.3333
25.75
19
34.1833
39.7
42.0667
47.7
31.3
28.0667
48.05
33.3833
56.1167
24.5333
47.8667
48.5833
36.8333
40.1167
49.7833
61.7167
35.3167
40.95
33.35
51.35
44.3833
25.2833
62.4333
40.2
58.7833
18.2833
24.65
40.9
50.0667
42.7833
45.6833
31.7833
36
40.6667
27.7833
62.6833
40.1667
51.85
18.5
44.8
18.7
43.6
27.3167
60.4833
40.4
37.85
38.7667
64.2667
45.7667
42.8167
33.3167
58.9667
30.7333
19.3833
29.45
33.4333
39.1833
28.95
33.3333
44.1833
39.0833
57.5333
33.35
51
65.8167
44.7833
18.7667
33.05
36.15
33.1
10.6
27.7
25.3833
39.8
60.2667
58.7833
31.9333
49.5
55.9
52.15
42.3167
18.1667
47.6667
31.55
17.1833
23.2
23.9833
36.6
33.6833
36.6
39.9833
38.7
39
47.7167
23.3667
40.2667
31.0667
34.0333
31.5667
58.8167
40.6167
31.8333
23.9
54.1667
38.65
29.15
23.8667
42.4333
17.8667
31.15
23.9667
62.4333
33.9667
45.9667
26.05
28.4
38.9333
32.2
33.25
69.7667
50.2
28.95
31.7167
30.25
36.5
39.7167
50.35
43.2167
18.0333
31.7167
33.7833
37.7833
46.7833
55.75
51.8667
35.2
45.8167
34.7
40.2333
42.5833
52
24.1
32.5
40.7667
38
34.1
26.05
30.5
23.8667
39.5667
40.4667
54.0833
42.9333
27.1
42.8667
37.7
61.05
28.4167
41.45
17.5667
55.45
26.05
31.15
48.4
36.05
45.6
28.8833
24.95
46.25
48.5833
30.2833
25.4333
62.3833
36.5333
26
37.25
43.5833
34.1833
26
29.4833
39.8667
29.2667
25
62.85
51.2833
50.05
39.3667
24.7833
11.35
33.8167
33.8333
44.8
42.4
49.9333
33.1333
25.9833
18.1
35.9333
36
56
38.8
33
53.1833
32.5667
53.7167
26.2667
24.9333
24.2333
31.2
42.25
50
23.35
58.1
37.8333
39.8833
39.9
38.4333
32.15
30.8167
48.9167
35.25
47.6833
38.7167
44.1667
51.15
49.7333
31.35
31.2
39.8333
51.7833
36.75
41.05
23.3667
32.3333
53.2
51.6167
29.4333
63.2667
47.5167
34.4
43.45
39.6167
48.0833
26.4167
37.6833
46.7
38.9167
31.1
17.25
29.6667
43.7
38.1167
24.4667
19.8333
45.6333
37.4
18.6167
42
18.25
53.7333
24.15
38.2333
48.5333
24.9333
39.75
48.9667
48.1667
31.1833
35.1167
42.2667
39.8167
41.7333
22.0833
41.3833
63.2833
58.1667
36.6167
39.9
34.3167
35.3667
44.6167
64.8
32.25
45.05
33.2167
42.4
38.1833
46.25
63.2667
35.7
50.7667
44.6167
43.9667
61.3833
39.8833
58.9667
59.7167
38.1333
11.3667
32.4667
60.65
33.6667
40.75
25.9333
59.7833
26.5667
60.0167
27.0167
32.9
30.3333
66.0833
29.2333
26.6833
39.8333
41.75
42.7333
44.6667
50.6667
33.7667
55.7833
25.7333
47.85
59.75
43.75
20.4333
42.4167
58.7333
53.75
26.25
48.1833
53.3167
39.55
34.9
43.6833
41.1333
39.0667
26.7
35.65
23.4333
63.4833
58.3667
39.6
17.3667
72.0333
26.8167
46.8833
33.9167
48.1167
33.45
41.0833
42.2833
43.5
46.1833
31.9167
41.4667
57.0167
46.65
55.8333
33.4333
48.4
27.2667
36.6333
41.1333
24.55
23.95
44.8
57.25
39.2167
45.7333
54.7667
40.1667
43.75
46.4667
18.6167
19.3167
41.6167
41.7667
46.3
40.9
31.8667
27.2833
41.2333
49
41.5167
23.2667
37.8667
49.5167
34.0333
49.9667
77.65
47.5833
19.9
42.6667
26.2667
46.9833
34.1833
44.45
22.9833
13.7
35.65
35.4833
32.3167
57.3333
33.8333
32.7167
32.5
33
18.0833
45.6
30.4667
41
19.2667
60.3
49.7333
60.6
17.95
54.8333
18.75
34.1167
46.8667
50.1
58.5
38.85
45.6333
25.7167
40.45
24.6167
36.9833
24.6333
59.85
33.4667
42.3167
39.8
42.9833
39.0167
45.65
50.6333
30.3667
38.55
42.75
44.7
39.45
56.2167
31.3833
31.4167
24.8333
33.95
49.1833
56.45
29.7333
25.2167
55.8167
35.0333
35.2
63.0667
33.6667
19.15
32.0333
41.65
33.4
26.8667
43.4667
53.0833
49.5333
50.8167
43.4333
39.4
41.6333
39.3833
33.75
40.7667
40.8333
61.8667
57.3333
27.35
40.9667
36.1333
36.8833
27.4167
26.6167
60.1167
51.9167
19.0833
37.7333
57.5667
47.9667
31.0167
18.5
44.6167
42.55
37.4667
46.3167
41.4333
32.1333
38.1667
43.2333
51.9667
23.9333
32.9
33.8333
67.8
40.9833
26.05
41.6833
11.5333
63.35
31.6167
42.6167
25.95
26.85
60.5333
34.4167
34.1167
41.2833
42.15
33.25
54.2833
29.3833
50
42.4167
53
51.95
42.2167
36.7167
32.3333
40.5333
38.8
47.05
43.5167
32
25.4333
40.9333
31.6833
49
49.3333
32.5167
60.05
21.45
55.6
48.8833
59.3333
34
34.2167
51.25
12.3333
25.7
59.7667
25.7333
32.5167
45.2333
33.4833
39.6167
41.4667
45.6833
58.7333
33.5333
57.6
42.7167
39.0667
24.9667
52.35
23.2833
44.4167
41.2833
23.8833
31.0833
64.9833
46.2667
40.8833
52.1333
32.5167
65.6
56.5
32.5167
24.4833
32.6333
66.9333
23.2
34.0667
36.5
26.45
43.0167
33.4
46.6833
58.6333
51.65
46.4
32.9167
20.4833
38.4833
35.2
46.5
42.25
46.4833
46.2667
39.3333
42.55
53.2833
34.4167
36.3667
53.3
55.8833
51.9167
66.5833
35.4333
55.0333
35.25
38.1
35.55
37.0667
42.85
36.8667
37.9333
35.1167
58.7667
62.4833
27.2167
36.0167
53.35
43.7667
59.2333
32.6667
42.9167
27.4833
27.4
18.0333
44.2
25.5833
39.2667
64.3167
41.9833
41.7167
40.7333
30.4667
75.8833
50
49.5167
57.2667
50.85
42.5
44.9
22.7667
24.4667
30.0333
45.75
18.2167
46.75
42.6167
42.7333
54.15
63.7333
24.75
31.7333
49.5
27.4833
54.65
38.8167
32.8167
25.7167
51.3167
44.4667
45.6667
39.7167
54.8167
39.5333
26.4
20.1667
72.35
25.8667
42.5833
35.2167
32.6667
17.5333
46.9667
32.7333
41.6333
24.35
42.4333
51.5667
54.4
44.7167
31.2167
31.4
49.9667
19.6333
46.4
37.25
40.4667
30.7167
35.15
41.4333
41.7
70.2833
44.9
51.45
33.8167
51.8167
28.7167
42.5833
30.3833
54.95
43.3333
27.7833
31.45
30.9333
46.35
53.6333
50.2667
54.1833
31.9667
55.5667
62.6833
47.45
33.5333
26.5167
47
50.7667
52.5333
39.6667
30.1167
38.15
39.6167
39.2167
25.1167
40.9333
33.1667
40.0833
44.1833
33.0333
40.3667
17.7
78.2333
58.35
52.3833
39.4333
42.1833
37.9167
25.25
42.9167
56.05
36.5167
26.6833
31.3333
18.6333
35.9167
41.5833
53.6167
55.0333
39.4667
53.2667
58.1833
54.1
47.7167
46.5333
33.3833
52.3
35.5333
24.5
43.9333
30.0833
42.6667
44.1333
33.05
50.4
45.75
33.65
33.8
31.1667
34.0167
40.6833
50.4833
41.5167
66.9667
33.1
41.3667
40.1667
41.6667
25.8167
33.4333
29.3833
36.9833
35.65
29.85
33.65
32.5167
39.3667
33.3
44.35
31.6667
31.3667
33.8333
56.6833
49.9667
24.4833
36.5167
29.35
20.4333
44.1333
50.2833
24.9667
27
41.4833
47.0167
24.3
39.75
70.3
38.1667
44.8
28.9667
44.65
46.4167
39.1833
31.5333
31.7833
46.35
34.0167
55.8333
47.4667
41.6833
35.15
20.1667
51.1667
35.55
32.2833
73.7667
24.1667
46.7333
39.2667
43.4333
40.0167
58.8833
64.3167
38.7167
53.4833
30.0333
49.1167
26.0667
33.5333
37.3333
11.7667
19.65
31.9833
46.5667
59.2667
61.0167
32.2167
18.3167
28.6333
28.0667
36.9
42.2
38.1833
39.45
37.1
31.05
33.45
49.2167
20.1333
42.7
33.9667
42.55
19.5
19.7
26.4833
47.6167
61.0833
30.2
32.75
51.85
33.9333
54.4
30.8667
39.15
39.2167
38.7667
42.3
35.8667
51.8167
56.45
40.9833
28.8167
33.05
27.2
44.6667
42.2
20.9
40.8833
29.4667
25.15
19.2667
38.3167
33.8167
50.3833
65.2333
18.1667
38.6833
39.1833
45.5833
46.3167
32.8
44.2833
50.1667
31.1667
36.3333
39.75
43.4833
40.2
32.5167
39.9833
46.7167
41.6667
43.9333
58.6
30.0333
22.35
42.15
26.75
43.8833
47.6667
34.35
34.05
45.6667
31.4833
40.4167
52.3167
43.5833
19.05
54.3833
34.7333
42.1167
42.9167
52.85
25.6
43.0833
31.6
39.0833
11.3167
20.45
66.1333
62.8333
35.2
47.7167
51.4833
55.15
32.6833
32.2
41
43.5833
39.7
19.8
40
23.85
33.1
36.85
29.4333
47.4167
33.1667
26.0333
40.9833
43.0833
45.5
43.45
19.75
64.7833
37.2833
38.7167
42.05
31.7333
32
30.2
28.7333
42.6833
24.1833
29.6167
51.95
40.7667
40.0333
31.0667
21.4
54.0667
45.6833
39.25
73.3667
32.85
26.65
54.55
44.6
48.35
47.1167
35.4167
49.2333
80.3167
33.3
64.6167
38.4167
26.35
32.5833
62.6167
36.3167
29.4167
31.3167
38.1667
41.85
29.4667
48.1333
35.2
49.2
32.8667
32.4833
61.8
25.8833
53.35
58.5667
24.8167
53.3
25.7167
45.9333
59.4833
45.8667
41.6167
24.7167
43.6167
69.9333
25.8833
54.4167
24.1167
33.8
74.0667
70.8167
24.0167
36.5333
43.25
37.3667
25.6
46.2667
25.5667
39.6
45.65
40.5167
35.3333
50.1833
40.1667
41.6333
29.2333
41.2667
56.2167
31.7833
25.7
35.3167
41.2833
53.7667
44.85
45.2833
48.1667
43.1167
54.6667
38.8
40.4833
39.65
42.75
41.25
59.5833
32.2
55.3833
43.7833
52.2
19.7667
35.9333
41.9833
59.9833
41.25
19.2167
27.1833
58.7333
52.5
43.7
17.2333
46.85
50.05
37.95
47.5833
44.9833
48.4833
41.8
19.8
65.4833
31.55
33.0667
38.85
23.8833
38.55
24.0333
39.8667
56.5833
41.45
50.4667
46.1167
30.9
65.4667
19.3333
38.5833
36.2
18.9667
49.9333
39.7333
49.3833
23.8667
39.8
36.4
29.75
40.9833
47.1833
44.9833
47.7167
39.8833
46.5333
38.5
69.0667
33.7333
31.0333
42.0667
45.0167
31.7333
24.6667
32.6333
76.7
51.9333
27.2667
33.4333
24.9167
27.1667
23.8
16.45
45.6333
31.4333
32.3833
39.0333
32.15
30.3667
43.9667
22.3333
24.0167
53.65
41.2833
17.8167
45.0167
38.1333
31.2
44.2667
51.8833
39.85
32.2
58.9833
39.0833
43.15
31.7333
32.8167
53.3667
39.9333
48.9167
30.85
41.7667
46.5667
47.6333
30.9333
31
38.5167
24.55
40.9833
22.0667
29.25
27.6667
24.5667
49.1667
39.95
56.8
37.8667
39.35
42.85
65.15
33.7
43.4667
48.7667
68.7667
38.6
49.7333
35.9833
32.45
26.8
64.1
44.1
62.4667
57
35.3667
18.15
26
42.3833
39.2833
46.3167
36.8167
39.9667
25.65
23.8667
48.2167
50
24.95
25.7167
30.55
60.55
30.8667
33.15
36.5
45.9
24.5833
26.8667
31.2667
43.5833
36.95
55.3833
20.5333
45.1
57.3667
66.5833
47.9833
63.15
36.5167
46.7
39.2
43.9167
38.6
34.5
55.2
76.6
28.4167
38.9333
42.9167
53.0833
19.5333
46.75
37.7
32.2333
28.55
50.7
31.2833
32.5667
27.8667
28.3
67.15
59.5
37.9167
26.2333
44.5833
19.2
26.6333
10.9
44.2667
34.6667
35.6833
36.6
45.65
36.45
40.7333
60.3
43.8833
48.05
42.9667
48.1667
39.2
17.6667
25.2
37.8167
41.9833
35.4333
42.15
36.5833
32.5333
39.4833
39.6
39.9
37.6667
61.05
26.5167
47.0333
42.7833
51.55
56.5833
35.6333
32.4
41.05
26.1667
39.9667
19.5833
20.7167
52.5
32.8833
53.1833
47.1333
40.7
31.9667
39.0667
42.9833
35
44.3
24.7333
47.2667
40.95
67.05
53
10.7
50.25
42.3833
82.75
44.6667
28.2833
53.9167
29.6667
47.85
36.2833
50.25
35.2833
32.3667
53.2167
50.1
32.5167
32.2
42.7667
29.5833
36.4
35.45
19
43.9833
33.7167
74.0667
38.0667
25
35.35
41.9333
35.5
47.3167
55.75
39.6833
54.7333
46.3167
36.4167
53.45
39.25
46.8333
41.2
38.75
33.9333
42.4833
59.3333
39.45
44.2333
75.2333
36.9167
69.5
59.05
11.8167
56.8833
32.45
40.9333
39.3167
36.5
45.8333
55.8833
33.5667
36.4667
20.4333
47.2667
37.45
53.1333
45.6167
62.05
33.1833
43.0167
44.1833
35.4833
40.7167
42.6667
29.4
41.7
31.9167
43.8667
52.0167
31.4833
30.3667
33.4833
32.9167
46.5167
30.9333
39.6833
44.0333
18.1833
51.1333
39.3167
48.25
32.0667
36.2667
51.5667
25.15
41
31.9333
29.2833
30.35
50.3167
34.05
57.1667
44.2
22.6667
36.8667
38.8833
28
54.4833
37.85
36.1167
37.6833
29.65
56.1667
32.7833
17.7333
32.1167
36.75
56.1167
23.9667
18.5833
35.0333
56.45
37.4167
42.15
46.95
51.95
38.2
43.05
42.5833
38.4
33.9333
43.6
46.6167
24.3
43.9167
33.7167
38.95
42.45
44.55
39.2167
33.0667
46.5167
32.9833
26.5333
38.5667
31.1667
12.2
19.25
41.5
24.7667
40.9167
31.6333
34.05
26.25
65.0833
33.8667
61.95
24.6167
27.2167
37.6
46.4833
33.15
40.7167
39.05
38.95
45.5
46.2167
39.4333
48.25
34.25
27.3
38.7167
53.05
53.6333
50.15
46.95
55.2
36.9833
41.7
37.2833
30.8167
32.9167
29.9167
24.5833
35.4667
42.05
20.05
41.1833
17.8833
48.3167
55.6
42.3833
42.0333
55.2667
32.8833
45.2833
50.3333
23.85
55.5833
34.45
56.3
56.2667
49.9667
56.4167
33.0167
35.2167
42.6333
41.2
37.0833
59.3167
11.2667
51.9833
56.5167
23.8333
48.8
37.4667
57.7167
39.6833
19.0167
50.95
26.1167
43.15
23.2667
32.4333
50.0667
25.7
54.9667
34.1667
46.7167
37.9667
63.4167
47.2833
19.8167
20.55
52.7333
46.8833
54.0667
40.6
38.0833
54.8167
53.3
57.7
58.9667
39.3
28.1
33.05
50.15
54.9667
43.55
46.4
32.3167
43.4333
32.1667
42.0167
18.8833
39.2333
37.2167
23.9167
34.95
37.7
27.1667
39.8833
30.7833
26.6667
61.2
49.9833
72.9
45.5667
32.05
51.4167
45.1333
72.8833
35.15
35.1333
60.0667
61.3667
46.6833
32.6333
46.9333
28.8333
33.2833
47.5667
30.2
39.0667
48.85
43.3833
35.4833
41.0667
51
24.3167
40.0833
53.0167
21.3667
40.9333
35.3667
34
65.9667
50.3833
41.4833
42.3667
19.7667
43.9667
47.8333
33.9167
23.2333
50.5333
43.35
56.0333
41.8833
56.6167
57.6667
54.5667
45.8667
30.6667
20.3167
29.65
51.9667
44.5667
44.6333
54.1833
55.6167
35.4333
40.15
44.2667
52.2167
43.7167
50.2167
69.8833
47.8
44.2667
56.7667
32.75
53.7167
19.0333
41.1167
49.55
28.45
44.2167
19.0833
52.1833
34.6667
28.2
37.4667
26.05
13.1667
47.4
56.4167
42.7
38.0333
35.4167
43.5833
20.2833
33.85
21.2833
40.35
42.4
41.95
55.5833
46.35
65.9
60.8833
83.8333
51.7333
28.7833
27.3667
65.2667
45.3167
24.8333
49.95
46.9333
62.4
39.0333
44.3167
54.2667
31.4833
42.05
44.8333
31.3333
38.1
30.1333
31.1167
43.4333
17.3667
53.0167
36.3333
33.9667
26.3167
26.6
35.8333
31.1
25.1
19.0167
38.1333
47.8167
58.0833
47.9833
28.7333
25.75
29.9167
46.1167
32.0333
40.9
44.1333
47.3167
30.65
30.9167
53.6333
46.15
44.6
44.5833
45.15
32.0167
41.35
25.9667
33.4
39.9833
38.1333
43.1667
38.4667
68.8167
25.0167
54.9167
35.9833
25.25
41.5
25.35
60.95
32.9167
36.4333
38.2167
51.2167
38.5667
44.8333
38.7667
36.3333
26.3833
33.15
25.6667
39.4667
43.6333
12.1667
33.5833
31.1667
54.0167
30.35
39.2167
44.0833
45.9667
37.95
18.4833
18.6
41.7
49.95
50.6167
68.2333
43.4333
35.8333
45
62.9667
40.7833
45.1
34.3167
33.2333
39.6167
47.8667
50.6333
22.65
41.7333
33.4167
50.9167
45.05
44.65
52.6167
29.4167
30.7667
33.0833
36.1
31
40.8667
29.7833
44.4833
61.0667
42.1667
32.15
25.5333
47.1
28.6333
24.6667
32.4833
38.1833
19.0833
52.7
46.8
19.9
32.5333
60.65
42.4333
53.6
52.0167
41.1333
51.0833
29.5167
43.35
39.5
33.1
39.3833
38.7333
51.9833
43.9667
27.2
62.95
27.25
40.5167
27.65
27.95
32.6667
58.05
44.6167
36.4
26.0833
61.9833
25.6333
37.0333
50.6
25.9167
35.1833
38.3333
40.35
43.0167
45.1
52.6333
41.1333
55.4
59.1333
23.2833
23.9
18.8333
25.6
52.4167
24.9833
25.6
46.2667
56.9
37.15
31.8167
47.5167
59.35
47.3333
63.3167
39.45
53.5167
43.0333
32.7
28.3167
58.5833
45.0667
31.9833
38.9833
64.85
19.4667
54.7167
25.7667
25.0333
30.95
32.35
26.8667
43.5
49.9333
46.35
25.7333
32.0167
28.35
58.55
25.7167
39.6333
23.2333
26.0333
43.85
36.4333
48.9
41.2333
35.25
27.85
42.1333
27.8667
37.25
19.25
33.0833
34.1833
36.75
41.6667
34.1833
32.1667
33.6167
26.95
25.9167
25.7
62.05
27.3333
28.1333
41.7667
31.15
35.9833
40
39.95
39.5667
46.75
35.9833
31.75
39.4667
40.3667
34.2833
28.5667
21.7
36.7333
33.1333
25.9667
19.3
41.0833
50.35
52.4667
39.1167
36.2167
26.4
44.5833
24.8333
53.25
38
47.4167
46.5667
49.9167
41.35
44.6333
34.0333
50.8667
34.3167
38.3333
44.7167
43.4333
47.2167
56.05
57.65
43.2833
61.25
52.8333
40.7667
19.5
54.45
26.8833
43.2667
32.4833
13.1
32.6667
26.45
57.0333
55.9167
34.15
41.3333
40.8
43.7667
52.4667
49.0167
57.5
41.8833
56.1667
54.1833
25.9167
42.9667
43.5667
37.0333
26.05
50.3167
35.65
40.3833
25.5333
58.2167
41.6667
51.0333
25.7167
42.1167
54.2833
29.8167
40.9
12.0167
44.65
44.3833
41.1333
44.3167
32.7333
40.8667
30.1833
20.2833
38.1333
44.0667
38.1833
32.7
48.2833
47.0667
43.65
54.0833
25.7
34.4833
39.1833
34.2333
42.3333
17.2667
39.4833
32.0667
28.1333
26.1667
33.9667
32.6667
52.0833
48.3167
54.0667
46.2667
25.3
55.1
42.1167
37.85
36.7
41.7333
33.7167
38.6333
34.2
46.4667
48.2167
32.0667
61.0167
47.7833
46.6833
47.75
49.9667
56.1333
32.0667
11.6667
54.1167
50.0167
18.6333
32.9167
51.0833
42.4
30.0833
25.6833
41.7667
39.9333
33.3
31.8833
27.2333
63.1333
44.5667
27.4333
32.6167
36.5833
61.3
19.0333
53.5333
47.9167
39.1833
40.4333
38.7
43.7167
45.5833
35.0167
50.1167
31.0333
29.8
18.5333
43.2833
19.5
27
55.1167
30.8833
61.2833
25.55
45.5333
44.5
52.1833
47.0667
31.55
38.9833
52.4
42.1167
40.55
28.85
43.2
32.6833
42.9333
31.7333
59.4833
33.7167
41.8333
47.0333
29.65
43.45
50.05
44.4
51.6333
55.9
34.0167
50.9333
24.9667
44.7333
44.0167
53.0833
41.8833
34.5333
75.5167
62.4333
33.3833
27
47.0333
51.5167
30.7
45.6167
36.85
57.0667
35.15
47.1333
36.6167
53.7667
38.9167
54.85
51.05
73.7333
25.3667
41.8667
47.8667
37.9333
31.0167
43.8
54.3
40.2667
47.7167
44.5333
41.3167
48.65
38.2667
48.8333
56.75
13.25
50.5
35.8667
27.3667
33.1667
13.2667
37.3167
31.7667
32.2
39.2167
49.25
51.0667
51.7
69.7167
27.3
37.3
53.45
47.4
64.1667
35.1667
38.6
61.9167
53.0167
41.9667
27.6667
55.7
54.0333
42.1833
35.4333
40.7667
70.35
72.9833
34.8167
40.5833
37.7667
49.9333
48.2167
61.9833
70.9333
44.7667
43.3833
38.6333
22.9667
78.15
48.2833
51.8667
27.9167
36.55
35.8833
24.75
48.2167
41.2167
50.3167
61.15
66.6833
40.5667
48.5833
54.05
31.0833
53.7333
45.3833
41.35
54.4333
65.9667
46.2333
29.6667
51.8667
29.8833
51.1
35.6167
32.45
34.4
36.7
51.55
79.4167
37.15
33.4333
31.3667
48.9
27
38.6167
47.6833
32.8833
53.4167
28.4833
33.9333
37.7
56.5167
47.4
53.7
24.45
39
19.1
25.6667
44.7833
47.1667
61.7667
33.3167
27.3167
38.1167
27.6167
42.6833
11.5833
49.3
38.2167
22.4333
56.25
35.1167
54.5
38.8167
33.7833
32.7833
33.2167
45.5833
60.1333
19.8167
32.3667
47.0833
37.5167
24.5167
25.6167
46.6333
36.6167
48.85
23.9
45.6667
31.0333
48.4333
66.0667
19.6667
30.9667
26.7333
63.3167
44.7
34.1667
39.1833
44.2167
69.9
28.7833
31.7
41.5167
39.9667
44.5333
28.8
40.5333
38.5
39.6667
39.55
26.9667
26.2
57.4
46.6833
49.9667
47.8833
34.2
25.0167
51.8667
25.7333
27.8167
54.5
47.2
27.0833
32.8667
51.3833
29.3
38.8333
42.8333
38.0667
28.15
48.5667
44.7833
42.65
23.2167
32.6667
30.9667
56.5167
46.3167
34.1167
27.2333
58.2167
24.7333
42.9333
27.2833
21.1167
55.5167
33.8167
26.0667
30.1167
38.55
25.7167
55.8333
42.7667
23.2
45.2
41.15
33.8667
43.15
55.2667
23.2833
31.65
55.5333
31.1333
42.9333
39.2333
40.85
31.05
33.1167
33.6667
48.0333
65.1667
52.0667
62.8167
34.0667
47.05
34.5667
31.0333
37.9833
45.5667
19.8167
18.9333
28.6333
53.0167
26.5167
34.5833
29.95
39.75
49.4333
52.8
54.65
45.4833
22.5333
35.9833
46.4333
58.4667
39.25
30.2333
32.6667
51.8667
36.8333
38.8333
21.2
38.3833
47.35
33.6667
40.9333
45.5667
55.5833
25.8333
38.4333
48.8667
38.1833
20.25
27.4167
36.25
33.3333
19.0333
42.35
49.55
40.3167
41.1667
37.75
36.4833
43.05
27.6
40.5333
53.6667
13.0833
39.5667
50.3167
32.4667
38.5333
49.3
47.5833
35.7
61.8167
50.8833
25.5167
27.1
34.65
55.05
41
33.0167
26.8667
36.2667
40.9
52.1333
32.4667
29.9167
48.1167
34.8833
35.3667
50.45
47.8
32.3167
58.0333
60.9
56.7167
58.2833
36.3167
20.9333
50.0333
41.3167
27.9833
51.9833
43.9833
28.9167
33.0167
40.4167
39.2833
31.7833
46.3833
32.4167
55.6167
35.1167
40.0667
43.15
31.6333
39.7
64.75
51.0167
59.2667
34.1333
20.9833
30.3333
41.6833
21.5667
37.7833
49.5
37.9667
38.0333
32.9667
48.6167
50.1167
26.7167
52.9667
46.7333
29.4833
50.2833
69.9167
26.65
44.1833
35.2833
26.8833
45.1667
43.0333
58.2833
34.0333
37.7667
20.1667
47.5667
32.5
56.9667
40.3333
32.4833
55
66.25
32.4667
45.3667
26.6833
28.1667
59.5167
68.5
39.9833
37.8
12.1833
37.1833
28.1833
56.6333
43.8833
71.85
57.35
61.2667
37.8333
52.7167
29.2
25.1
54.9
33.9
49.8833
53.5
27.35
56.5667
51.2
41.3667
41.0167
19.8
33.05
45.8667
46.5
45.2333
12.7333
32.15
43.3833
46.05
32.1833
48.1333
39.1333
24.1
24.9833
30.0167
32.0667
41.2833
39.95
19.25
49.9167
34.5167
31.3
36.8833
23.8167
53.1833
33.1833
49.4667
35.15
65.05
47.1167
54.0167
32.0833
30.9667
32.9833
46.25
41.55
32.6333
60.4333
21.9
36.1167
47.2833
45.6
68.1333
39.45
32.05
40.7167
34.0167
39.9
25.6833
43.4
29.4
31.85
45.5167
97.8
55.15
38.0833
26.3833
58.1667
24.8667
53.2167
41.5167
22.6333
25.6
71
57.0333
43.95
31.4333
36.3
38.5167
47
42.2167
49.9333
66.0333
44.0167
50.5
41.4667
40.6667
23.8833
19.45
19.7333
33.35
39.5167
48.8167
27.3333
28.4
29.9333
56.2667
39.25
31.2833
35.45
26.9833
41.15
40.2667
37.8667
47.6833
41.5167
44.3333
19.2333
46.5833
31.5833
33.65
18.6333
44.95
37.0167
31.9333
51.15
36.7
25.25
51.3167
35.7833
28
31.1333
31.5833
27.5167
31.3333
35.3
55.5
45.7833
52.2333
41.4
30.95
45.0167
32.2167
20.4833
32.9833
52.25
33.3333
51.4667
56.9833
71.35
52.1167
42.8167
40.2833
40.35
44.7
39.8667
41.9667
41.4667
40.9
39.6
41.2667
39.1667
46.1833
27.15
35.25
24.4333
18.6167
24.4333
39.95
34.15
32.05
43.7667
24.4167
52.95
32.6333
49.1667
32.5
33.9167
26.3833
70.65
47.1167
40.0833
40.9167
45.2333
48.9167
43.3
32.4333
19.2667
35.1
29.6167
20.2833
26.6167
31.8333
53.45
54.0167
19.35
66.4667
39.75
56.7667
32.6333
48.1167
36.4333
54.3333
39.8667
51.5
42.9
48.5833
28.35
20.6667
46.2
26.5333
45.7833
20.45
35.15
22.6333
35.75
25.0833
52.6833
46.9
65.7833
26.1167
39.7833
32.5
24.2
27.15
33.4
63.1
37.3167
18.3167
26.7333
47.9
19.65
59.9667
39.9833
37.1167
41.6
49.45
19.75
32.6667
38.3
26.95
46.85
38.0833
41.6
21
41.9
19.2833
48.8
55.9833
28.6333
21.4167
41.7
28.55
40.35
36.5833
43.1667
30.0167
45.6167
43.25
26.25
18.1167
50.8833
41.65
36.8667
22.9667
30.9833
35.4333
18.5167
27.9833
35.6
35.6
39.2667
24.5333
33.5833
50.1167
59.15
33.8333
19.5333
26.5333
44.4667
28.3333
19.9333
19.8333
53.4167
38.85
29.4167
43.3
47.2667
11.9833
52.1
32.0167
36.5833
35.5167
41.6833
28.1
43.2833
40.1
45.15
42.75
49.15
42.9167
39.4667
26.5667
35.7833
36.0833
43.3333
22.7833
53.1833
46.3167
21.8
51.4333
20.8333
30.25
39.7
46.9167
44.5667
33.2333
28.7
34.6833
25.6667
34.1667
34.1
51.1667
51.4167
48.6
34.0667
53.7833
39.4833
35.1333
45.9
38.3
30.9833
31.6167
41.8667
50.4167
42.65
39.05
35.3667
42.95
43.35
34.3833
34.65
20.4167
28.2667
44.55
35.7667
31.65
25.1333
33.1
39.6167
46.2
42.85
11.85
41.3
49.1833
35.8833
29.4
37.1667
50.1167
26.1833
30.1333
33.95
43.0667
31.8333
43.35
31.85
59.5667
35.8833
39.9
20.5167
11.9333
47.1667
50.65
40.8167
46.75
57.2833
49.1
33.9667
25.8833
35.6
19.4
33.5333
35.85
47.1
42.8
28.65
52.9667
32.5167
26.8333
47.0833
29.2833
36.6167
51.9167
64.4
55.8667
40.7333
66.5667
35.65
27.8
36.1
45.6333
48.8833
48.9667
63.35
39.85
27.3167
42.5667
42.2
39.7667
35.9833
46.25
47.2333
35.1
63.15
30.85
27.3833
28.15
30.0167
51.25
28.7167
59.1333
38.9
46.5
55.5
28.25
60.3167
53.3167
53.4667
69.4167
31.0333
49.9667
35.45
32.2
44.3167
55.1833
46.0167
52.65
52.8167
38.7667
47.9667
29.5
27.3333
69.95
41.0167
45.6333
38.6833
44.5833
47.3
58.15
52.5
37.2833
25
72.05
28.9167
67.2
45.0667
37.3167
53.4167
45.6167
39.3667
42.3833
51.35
25.8167
51.9167
44
26.9167
57.7
62.7167
46.6833
58.0167
42.3333
66.9667
24.95
34.8667
43.1833
34.3333
27.1
19.85
40.7833
33.65
75.8167
44
34.9667
42.4667
67.8667
52.9667
58.7833
26.8833
50.7167
21
28.95
47.7167
30.8833
40.2833
44.5667
29.7833
31.9
23.9833
41
33.2167
42.7167
25.0833
32.8333
10.8167
45.9667
30.15
59.3167
36.8833
26.5167
44.6833
41.8
46.95
35.95
36.7667
23.25
46.1833
23.0167
35.6333
37.5167
37.95
79.3667
54.8667
38.1
33.2333
27.25
54.35
30.0167
59.3833
38.45
46.1667
39.0667
32.3333
49.25
32.25
17.5167
24.5167
22.9333
67.7667
41.4167
51.7833
58.6
25.9833
50.15
44.3167
31.5167
33.55
44.6833
45.05
27.55
34.0333
27.7167
44.2
41.15
55.5333
23.85
36.9833
43.9
16.95
41.1
40.7667
47.5833
18.5833
57.2167
28.4833
33
47.5333
47.1667
36.6833
22.6333
32.9833
31.25
50.3
36.7667
32.9
48.05
23.0333
46.4333
36.8333
42.65
44.6833
25.6667
50.5167
35.8667
49.4833
31.8833
41.2167
50.5333
26.4667
50.0167
18.9833
22.5667
26.2167
9.73333
29.4833
41.8667
53.4667
24.7
47.7333
42.1667
53.05
35.75
53.8
39.2
30.8167
49.5
55.8167
48.5333
39.6
61.6833
49.9
39.9667
41.7333
27.1667
34.55
54.6667
68.0333
35.8833
32.15
27.4167
50.8667
47.7667
39.2833
13.3333
57.15
51.3167
57.1167
27.5
40.4667
39.8
27.7
43.25
27.7
58.1
49.1833
35.2
32.2333
51.7
47.2333
42.15
54.1167
69.8
40.4167
56.2667
29.35
46.1833
21.4667
21.1833
36.3833
43.1667
29.15
52.9667
67.5333
50.7
40.8333
28.5333
35.8
39.7333
31.7167
56.4333
15.8
41.9833
47.6833
27.1833
32.95
41.2167
54.9667
49.95
40.2333
43.8
33.0833
50.8833
40.6333
35.1
58.5
40.7667
39.0667
53.95
33.6167
33.9
42.8667
65.0667
61.1
40.8333
41.7667
35.9167
41.7833
48.9333
35.1167
43.7167
37.9
35.2167
49.2167
34.1167
26.0333
57.0333
36.4167
38.9
52.1833
49.1167
56.8333
29.4
66.6667
26.65
39.5
17.8667
30.1833
22.4167
17.9833
19
53.8167
47.9167
35.15
41.6667
10.8667
31.7333
59.6833
44.2333
27.1833
31.8167
32.25
55.1
22.9333
59.4667
71.75
37.8167
48.7333
25.9
42.3833
44.4333
29.6667
19.5167
42.35
37.6
51.6167
63.85
18.9833
18.1
35.5
18.3667
43.8667
43.4833
38.9
61.0833
46.75
33.6167
47.65
48.4833
56.2833
35.2833
49.15
37.9833
39.9667
24.85
38.7833
32.45
39.0167
37.9833
44.9
33.5833
44.7333
64.2333
33.5333
44.8667
11.3
40.5167
23.35
41.0833
34.3167
38.35
53.3
43.55
42.8
49.8833
19
36.7167
32.95
30.7833
51.7667
17.1167
26.3667
30.4167
47.8667
37.8333
51.2833
49.0833
39.3167
25.9333
31.1
49.0833
53.3167
28.15
32.1833
45.95
32.35
32.8
17.1333
53.5
36.1333
23.85
31.6833
39.5167
41.7667
26.9333
32.1833
54.4
33.1667
53.4167
23.8333
24.6833
41.9333
46.8833
27.4
50.5833
28.1667
30.1833
59.95
50.0333
46.85
43.4667
37.7667
28.5
29.7167
27.8167
39.25
41.8833
50.25
33.8833
52.0833
31.8333
42.5
35.65
47.5167
23.3333
19.25
35.0667
47.55
37
31.0333
43.9833
46.1833
20.45
33.4833
33.9833
46.6833
72.4333
47.0833
48.1333
22.6833
35.05
51.5667
42.7167
49.2167
40.5667
34.85
47.2
42.5333
51.5667
19.7667
26.8
39.8167
33.8
28.95
53.5667
28.8167
64.7833
30.95
32.0167
40.8333
36.7333
27.1167
41.0167
46.2167
44.1167
46.25
29.7667
58.65
32.6167
27.6833
43.2333
79.3
29.7167
49.2
36.5
27.05
28.4667
36.8
24.6167
48.0667
39.3833
30.2833
35.0667
56.4167
37.15
59
52.05
55.55
27.8
40.9833
38.6167
33.95
26.95
55.9333
47.45
44.1333
53.6333
53.8167
34.05
50.1
33.05
40.8167
46.2833
33.2333
57.25
44.3
43.5833
41.95
45.6167
39.7167
59.9833
34.5
51.0833
28.15
23.8333
39.7167
49.9833
44.8
47.85
42.5833
50.65
19.05
42.4667
47.9333
61.4833
24.9333
58.35
54.6
56.1333
35.0833
62.3667
34.7167
47
54.75
59.4333
45.6
39.9333
55.6667
35.3167
36.6333
34.2333
27.1167
31.9333
41.95
25.0667
35.6667
55.9167
40.6833
46.1833
48.8
42.0167
49.0833
31.2667
26.8167
54.1833
32.7167
41.7333
37.8
40.8
44.5333
40.55
32.5667
40.6833
58.0667
47.4
18.5167
50.2
36.2167
35.0333
19.5833
44.4833
35.85
40.4167
54.1667
50.0833
19.1
33.2
45.5667
39.9667
50.4167
31.4833
33.1
53.3333
33.7
45.8833
33.4333
27.2167
50.2167
25.6333
37.2333
29.3167
35.9
43.9
27.3667
29.5833
41.7167
67.2833
69
24.4833
32.3167
34.1
31.65
48.8667
53.6667
16.4833
48.8667
41.2167
22.2833
29.05
34.5167
32.6667
42.8833
44.85
56.0833
47.55
45.6
40.75
45.9167
33.0667
55.15
17.6333
45.6667
45.2
31.7833
39.7333
53.5167
37.15
52.0167
39.4167
50.1667
34.5833
60.1833
33.6167
43
47.3833
53.6167
39.2833
58.05
39.3167
41.9
53.7333
32.2
52.4833
43.3
49.0833
45.7167
28.8
25.65
49.2
55.6
48.25
55.9833
33.5667
23.2833
36.8333
54.4167
35.1
25.25
44.3
53.0333
51.75
46.3667
63.95
46.9167
41.3667
25.0333
38.45
42.85
45.5833
37.3
50.0167
41.15
41.5167
35.2333
33.45
69.7
32.6
31.7167
33.8833
19.2167
47.7333
40.9333
39.9
47.5333
17.6667
46.1833
48.4833
47.5167
28.85
43.0167
45.4667
21.8667
36.4333
38.0667
49.6667
61.8
52.2167
32.9167
42.5833
53.65
26.55
47.0167
55.3667
38.9833
25.3167
36.7333
31.3333
26.3833
49.35
39.1167
38.7
35.6333
31.85
24.6
42.15
38.1667
54.2833
38.8333
33.35
33.75
43.8667
46.5
54.9
35.2
68.2333
41.7
37.9
29.7333
49.45
39.4667
22.7
29.6833
18.9167
41.3
49.6833
44.2333
41.15
54.8
49.1167
40.8
36.95
48.2
32
47.2667
49.9167
34.2667
32.3
33.9
46.6333
35.9833
39.5167
46.3333
51.85
30.1167
31.5833
61.8667
45.55
35.7
33.3333
39.7833
42.7667
54.1667
41.4333
53.15
41.6167
41.2333
58.2833
31.15
45.55
45.8333
19.8
21.2
45.5167
65.6833
44.8333
55.8667
44.4833
45.4833
19.6333
47.7
41.7667
32.7667
35.05
27.1667
43.1
66.8333
35.1333
33.0833
34.3
28
24.55
78.4833
41
60.1833
40.8833
35.6667
42.3167
39.9167
38.8167
57.0167
37.2333
39.95
34.35
33.05
44.5833
32.6667
49.6667
62.7833
27.8333
26.1667
41.6833
27.6667
36.8
58.5333
38.25
41.7833
52.4167
38.2667
47.5667
44.7
41.5333
32.6333
26.1167
25.3667
64.5333
41.4833
39.65
44.0333
19.2667
57.4333
29.4333
50.3167
53.2
28.4667
45.1333
54.8167
47.15
43.9667
55.8167
39.1667
27.2
33.75
37.7167
33.85
51.7833
24.0667
57.0833
38.35
40.6
42.2
37.1667
25.6833
50.3333
51.2167
25.1667
44.4333
37.1333
39.55
36.2667
26.5
40.8333
56.3667
54.6167
44.8167
47.0833
62.75
36.1333
49.5
25.6333
22.9833
47.9333
41.1833
31.6167
35.8
40.7
41.5
41.7167
45.0667
40.5333
37.1167
60.0167
36.9667
40.7833
37.75
25.1833
75.35
44.1833
44.1167
51.3833
51.85
20.0167
49.45
57
42.05
82.4667
55.4667
35.1333
45.9167
19.1167
38.75
53.5833
39.1167
54.5333
12.3167
25.9833
41.5333
34.0333
25.05
48.8167
43.3333
31.3167
31.6167
47.2
35.0833
53.85
48.4167
26.8
60.2
32.25
25.1333
48.8
41.6167
39.5167
34.5333
47.15
32.75
31.4833
34.9
49.9167
37.25
34.2167
58.5333
36.2167
48.4833
27.6167
51.7333
45.65
59.6667
39.8
51.3833
28.3333
38.95
41.6
43.45
44.8333
42.3333
42.1167
31.7667
36.2167
25.2
19.65
40.4833
27.5
36.4667
49.0667
25.25
63.8333
37.85
26.9833
27.7
53.6833
19.0667
26.5
31.55
26.75
51.6833
39.5833
47.45
47.0667
58.3167
45.7833
46.1333
41.35
39.7333
37.3667
19.1667
41.4333
43.75
53.65
30.8833
49.3667
27.2333
57.3833
20.75
26.05
40.2333
38.3167
35.5167
44.0333
42.0333
34.4167
39.7667
53.6
25.6
39.2167
49.9833
52.9167
32.65
52.2833
58.7833
43.3833
51.15
43.3667
55.95
36.3333
27.4167
30.85
44.1167
35.3333
31.5167
67.4833
18.8833
48.8833
26.6833
51.3833
25.0167
28.1
41.5667
32.8833
47.3833
54.35
49.4333
28.4
25.4833
42.15
38.85
48.25
35.4167
52.9833
20.6
27.5167
50.6167
52.2
43.8167
26.2667
18.95
25.65
33.3833
43.4167
38.9667
85.1333
58.9333
24.9833
48.8167
39.7833
64.2167
26.15
54.2667
25.3333
52.9333
33.75
45.7667
57.9833
39.15
32.3167
34.1167
52.1333
40.2667
28.25
34.2
43.05
30.6
55.8
54.8333
48.2167
35.05
42.1333
32.4
22.7
30.1833
41.6833
35.25
52.7833
51.5833
51.1667
28.1
46.2667
34.6167
53.2
39.8
39.8
60.65
40.7333
40.75
50.4167
39.6
52.35
17.9
23.9667
53.0667
66.8167
24.45
38.4833
31.7167
49.1
33.1
56.7667
27.0667
45.75
51
45.0333
38.3667
42.6667
52.95
31.65
36.3333
51.9833
33.8
55.2833
37.6667
58.3667
53.9167
61.6167
30.2333
52.9833
47.7833
36.4667
46.2333
47.4333
57.1833
43.3833
26.6333
22.8833
41
55.45
46.15
44.1833
42.4333
27.95
34.2833
34.1167
62.9333
53.8833
21.1333
43.85
36.1167
52.5333
43.8
33.95
35.7833
45.6167
46.35
29.6167
51.95
19.4
25.2333
49.2167
46.1333
36.55
25.6667
47.25
43.7333
25.8667
35.7167
42.0667
41.1167
33.1167
21
56.6167
43.15
51.4333
31.1333
46.8167
61.4167
20.0167
50.4833
39.2333
22.25
49.8833
36.5833
59.6
58.0833
42.35
36.05
42.5333
61.8167
33.4167
60.2833
32.2
74.1167
46.3833
30.7667
39.5333
48.8333
50.5833
38.2833
44.4167
52.9333
27.8333
59.3667
30.7833
43.2833
42.5167
58.5167
39.7667
38.3167
48.3
39.2667
62.6
48.9167
57.6
40.9167
32.4667
58.3333
40.25
29.2667
28.3833
58.95
48.8
43.5833
31.55
31.4167
35.6167
46.3167
39.1833
32.7833
33.6333
32.6167
36.1833
24.9667
25.65
45.9
52.7
36.85
41.2667
47.4333
26.8
27.3833
18.6167
61.5833
52.4833
45.5833
30.8333
52.3333
41.2167
42.0167
62.7167
29.3167
54.95
30.7333
33.1667
31.45
30.8333
51.2833
49.35
18.2833
28.6333
32.5167
38
34.5333
19.4333
63.5667
47.9667
55.3667
19.0667
46.5333
45.8
30.95
18.8667
42.5833
50.2
22.6333
30.15
52.1833
24.0833
43.5667
41.6333
25.6167
42.1167
46.5667
37.75
35.3
36.8833
30.9667
31.0667
77.25
40.65
54.6833
59.5667
47.8667
26.75
36.3833
50.3833
57.1167
57.55
39.8333
20.65
17.1667
24.1833
37.15
16.6333
49.9333
21.85
43.6167
42.05
61.7667
32.2333
43.55
41.8333
40.8833
45.0167
33.85
26.9833
30.0333
24.4
26.25
45.8167
29.9167
30.95
40.95
69.6167
18.1167
35.1167
52.6667
58.4167
46.8
18.1
25.1
49.9
54.4
24.7167
39.4167
34.2
52
49.4333
50.7
33.2
63.7
54.6
53.6167
40.5333
72.3833
48.4333
56.15
35.85
26.9333
48.6667
42.85
40.8
56.6167
29.6167
20
49.8833
29.7167
50.4
43.9667
61.0167
34.5
33.1667
47.0333
37.0167
33.5167
47.65
43.9833
39.0167
45.6167
49.4167
41.35
55.8333
32.35
63.5167
43.7833
63.7167
40.5
39.85
59.2167
42.7667
33.4
56.5333
37.0167
36.0667
47.0167
61.35
39.3
19.4667
34
51.95
24.75
52.5
48.05
41.6333
45
25.6333
41.95
44.9667
44.5
37.7833
46.8667
54.9167
41.5167
38.7
34.3
51.0333
48.25
20.2
51.7333
43.8
23.0167
49.0667
41.7
61.4167
44.1
41.5667
42.7667
49.95
21.9167
31.2833
44.5333
48.8833
22.4833
54.2
32.35
38.1
33.1
51.1333
68.6667
36.9667
41.6833
28.0833
44.8333
64.3833
54.15
43.4333
29.2167
48.2833
30.15
27.35
43.1167
34.3
56.7167
55.4333
33.45
46.2167
33.2
43.25
42.25
44.6
45.1167
55.5167
36.25
57.3
56.0667
58.8167
41.6667
48.4833
38.3333
49.9833
59.4333
32.5167
41.4167
26.7667
30.8333
35.4167
31.65
50.4667
50.0667
35.2667
57.6333
27.0333
56.5167
52.95
48.05
56.4167
34.3833
36.75
47.3167
45.7
26.6833
43.4667
51.3
27.1167
45.1333
20.4333
39.9167
46.1
47.65
43.7833
60.9333
35.5167
54.6167
34.4833
48.5
42.3
66.0167
39.7667
51.6167
21.6667
50.35
20.35
49.8333
58.4
41.7333
27.0333
64.5167
36.3167
41.7
41.6833
55.1167
67.6167
47.4
36.1167
50.2667
52.05
41.9667
33.1833
33.3333
45.5167
54.1833
42.7
36.6833
57.9833
28.2
45.5
34.55
35.5833
41.3333
57.1
48.15
54.3
41.1833
46.7167
32.9167
12.4333
44.15
39.1333
52.5667
35.5667
40.8167
50.3333
32.5833
37.9833
48.25
42.35
33.2167
56.6833
32.4667
39.9333
21.1333
53.4
45.15
34.3833
48.8
54.4667
28.8667
28.3
48.0667
37.3
12.8
48
34.0167
40.6667
18.8167
24.05
48.1333
50.7
18.1833
25.6
20.1167
20.0833
32.5
52.95
47.8333
36.4667
35.6333
39.7333
26.75
32.5333
47.5667
60.8333
56.7
33.8
51.3333
40.2
43.8667
52.2167
24.5
27
33.1667
37.2333
41
42.5
38.0833
58.0333
31.6667
44.85
42.4
58.0667
68.75
49.0833
18.4
43.75
24.8167
40.8
29.3
33.6833
32.9
40.8667
41.0833
36.3833
59.5667
40.7833
47.3667
47.7833
37.2167
40.1833
52.4
39.9667
37.25
47.4167
40.0167
33.1
27.8333
21.3167
28.25
28.8667
56.1167
41.2667
44.1667
43.15
43.6
43.5
53.7833
67.4167
41.5
45.5833
34.1833
37.9667
28.1833
51.6833
60.8833
32.0333
32.75
49.4833
26.65
53.9167
19.85
28.65
45.5667
47.1
47.0167
27.3167
53.2667
26.9167
47.5333
44.5167
61.45
50.35
38.6667
45.55
48.8167
26.4167
32.1333
40.95
50.15
53.35
44.6833
58.0333
19.0667
42.1167
34.5
32.6833
44.1167
53.6
56.4167
28.75
61.2833
35.4333
49.15
33.5333
13.0833
24.5167
39.6
52.2
28.1333
19.1667
32.7167
53.15
32.4667
59.7833
65.2833
75.85
27.65
62.3833
32.8167
35.3667
41.55
31.7833
47.1833
39.5167
59.0833
32.8667
21.8833
49.9833
45.5667
46.55
44.7833
30.05
49.4167
44.1
41.2
48.85
41.65
45.5333
41.7833
69.1333
56.2333
39.6
54.1333
49.0833
36.8333
45.7167
39.95
35.3833
36.3
49.4167
44.3333
32.6
48.75
48.3833
54.45
41.5
44.85
35.3167
47.1
41.2333
40.75
33.7833
35.7667
37.3
32.7333
38.5333
43.3333
39.5833
46.5333
58.1333
61
32.5
40.35
66.4167
51.7667
27.4833
46.25
44.8167
31.4667
47.6833
29.65
29.5333
25.6667
44.2667
48.8333
34.55
36.6
47.5
38.35
20.0167
24.7667
53.95
38
31.6667
36.25
42.4667
50.6833
26.05
52.0167
44.1
50.95
19.75
29.4833
32.45
17.5167
49.4833
33.4
25.6
32.1667
42.9667
25.0833
43.4167
52.9333
25.4
38.15
53.5333
18.5333
51.7667
31.6333
47.25
25.4667
54.6
22.1667
24.6667
27.1333
41.7667
22.5167
32.2833
33.35
40.3
40.7167
18.6
67.0333
55.5
44.4667
18.9333
30.6667
18.4833
35.1333
80.2833
45.6
31.9
48.4667
40.3
24.8333
28
26.65
48.4833
25.7167
32
24.7
55.45
41.5
43.8167
55.1333
38.9333
25.4167
45.7333
62.8
39.8167
33.6333
25.6667
64.0167
50.4667
30.9167
29.65
68.5
31.4833
23.8667
50.0167
26.85
25.1333
46.35
38.1333
40.0167
38.4667
24.4833
32.25
46.5833
43.9833
31.6
38.0833
39.4
45.5667
19.8
40.9
42.9833
44.8833
26.8
53.0167
27.4333
18.5833
31.3667
46.6333
42.8833
39.6
37.9167
29.4333
45.5333
36.65
38.0667
52.9667
58.7667
32.8167
52.05
31.7333
40.9333
51.15
37.4167
39.2333
54.85
27.55
40.8
42.8833
33.6333
60.45
46.1333
39.5
20.6167
28.0333
34.9667
45.8
52.9333
42.6833
27.7667
38.05
37.7167
43.2333
32.1
39.75
48.8167
39.1333
31.2333
20.05
30.2667
41.4333
47.2333
39.2167
32.3167
25.1
90.4667
33.6333
32.2
48.4333
29.9333
22.8333
47.6833
25.9667
24.75
77.6833
31.0333
26.3333
19.45
32.5
51.4667
65.1333
52.5167
38.3
20.3
37.4333
62.9833
43.05
54.2167
25.35
67.5667
42.05
26.2167
64.15
49.9667
26.0167
49.9333
61.9833
38.4167
18.9167
33.3333
41.6833
41.15
27.7167
51.75
11.9667
55.8167
40.2333
33.7
50.4333
45.5833
39.8833
20.5833
34.1667
26.1833
63.1
58.7667
40.1
55.9
48.4
45.0667
51.15
50.95
58.55
41.0167
47.2833
62.65
39.6167
45.5667
41.7833
50.1833
55.65
54.6333
33.5667
33.3167
81.45
51.4333
54.25
21.7167
34.0333
37.0167
18.4833
19.05
33.1
27.7333
44.4833
53.9
36.2167
30.8333
26.1667
41.7667
60.9167
28
40.9333
30.7667
42.85
41.85
57.1167
32.2167
35.5167
52.95
31.8333
42.2667
54.8333
38.6333
52.9333
29.2333
41.1667
40.75
65.25
43.8
35.8667
49.9333
45.1167
56.7667
39.3833
59.5
32.2667
43.1
58.4833
53.1
44.9833
47.4167
30.95
41.05
35.6167
30.8167
42.15
26.3667
36.6833
38.4833
24.2167
45.7
34.8
38.6667
54.1167
38.2833
25.3333
18
44.55
36.35
18.5333
26.3833
44.7667
38.6333
46.3167
45.1833
17.5333
42.45
33.4167
38.7667
42.9167
26.95
31.3833
37
44.6833
59.5
62.4333
27.6
37.5
51.9167
56.8667
40.1667
40.95
26.6
35.0667
35.0833
48.0167
54.15
48.5833
38.0833
44.8333
32.3167
43.8167
42.8333
33.1667
30.0833
44.55
24.8
56.05
59.8667
23.85
66.1167
38.0833
47.5
50.25
23.1167
33
33.3667
19.1167
37.8833
45.2
21.6667
36.4167
32
46.2833
24.4333
35.6
18.7167
35
37.1
48.8333
17.6333
39.7667
44.8167
34.95
44.5667
49.8
50.1667
34.9667
36.6
48.7167
30.5667
23.7833
53.55
23.8833
52.2167
52.2667
23.1667
52.2
17.6667
30.7667
18.2167
48.85
40.8
31.7833
43.1667
32.7833
59.5167
37.7667
74.9333
27.0167
50.2
54.3
33.3
31.6667
36.2833
12.6667
49.4
32.7667
29.3333
41
32.2
34.4167
36.2
27.6667
49.1
41.5167
53.4333
50.4167
27.0667
44.8833
47.1667
38.9333
31.7333
29.6667
36.6167
40.1833
37.75
61.2833
30.9833
41.1833
37.6833
41.7667
51.3167
24.4
27.6333
25.2
12.2
44.3667
50.6
51.3167
26.2167
40.8667
39.75
74.3833
43.7167
39.2333
40.8833
40.85
46.8333
43.05
38.2167
35.4833
53.2833
41
43.5833
32.6833
49.85
34.8333
75.9667
54.15
42.5333
38.75
31.4833
26.65
49.4333
54.3
52.35
36.3833
48.1833
57.4833
48.5667
80.4667
11.85
49.6667
38.8833
39.5667
39.1333
25.5
54.65
39.5333
23.6667
34.15
51.4833
58.9333
64.75
54.5833
26.8667
47.65
74.6667
53.4167
27.0167
32.3333
35.4333
47.45
49.6833
46.15
47.9333
33.6667
48.8167
34.55
25.4167
40.8
56.0833
37.0167
47.4167
40.8833
30.9833
57.9667
47.6
40.8833
40.0167
25.0333
57.9667
45.0333
39.3167
27.2333
43.4667
49.1667
59.2167
31.9833
37.5833
63.1833
38.5833
47.9
49.8667
41.4333
32.6833
41.7
42.2
33.9167
38.85
13.05
37.1667
42.6667
45.7667
40.9667
59.65
44.4
50.4167
33.3
40.9667
25.1667
31.0333
23.95
45.85
35.2667
42.1167
66
27.7833
46.8333
19.35
38.1167
39.8833
53.3667
33.5667
44.5
43.4167
29.1
48.7667
35.3833
38.4667
52.9167
42.4333
46.8667
51.2667
37.2167
55.8833
12.8333
29.9
38.4167
42.7167
32.15
28.4667
64.8
20.5167
25.4667
41
33.3167
30.8
32.3
30.9167
51.6
34.3833
47.15
32.9833
23.7333
46.6833
32.9167
37.0167
33.8
33.2833
29.9
26.9667
34.0833
24.8
36.8
26.25
37.5667
41.8167
37.5
41.9
23.7833
23.8667
51.2167
53.2
40.9167
37.9
42.6833
33.6333
31.2667
54.65
50.05
40.4833
37.5167
67.45
52.25
41.6667
40.0167
67.0333
33.7833
48.9833
32.95
23.9833
19.9
47.1333
46.55
33.1
48.2667
32.7
27.4167
29.15
31.0833
41.7333
43.4333
56.15
46.1
43.8167
41.0333
59.65
36.1333
39.7333
59.6333
35.1333
53.9833
46.4
48.0333
36.8
46.35
43.1167
36.75
34.0333
55.1667
51.9667
49.1
49.1
53.5
42.4167
34.1
20.4
49.4333
28.6667
33.55
18.4
42.2667
32.55
52.1167
24.9667
61.65
32.3833
46.35
50.0167
50.8833
33.35
22.55
59.85
26.2667
29.2667
52.4167
43.7833
49.0333
27.5167
18.85
43.7167
31.3667
33.25
47.6333
53.1
41.2333
39.4833
56.45
52.9
63.3833
47.8667
44.15
41.2667
26.6833
48.7667
28.2
40.7333
43.3333
58.6
34.7167
45.7833
48.3
33.6667
47.7167
32.4667
52.9
33.15
68.4167
33.3167
42.5333
26.3
32.5833
41.5833
56.8333
33.0333
45.5167
17.3833
44.5667
27.3833
30.8833
30.25
74.15
38.7833
53.2333
32.45
56.7167
29.55
28.3833
49.2833
22.0333
57.6333
34.0667
31.9667
60.8667
52.35
11.6833
48.4333
63.2833
50.35
32.8833
18.0833
38.0667
64.95
39.0333
51.3167
34.1667
38.0167
40.75
30.8167
63.15
51.1167
40.85
40.9667
25.05
30.35
42.9667
48.7833
41.05
39.45
25.5833
33.6167
34.0667
82.8
58.4667
30.8833
45.1667
44.5833
57.2833
41.65
44.4
52.35
19.95
51.6
38.7833
29.0833
39.8667
42.0667
49.4667
37.7333
27.0333
46.45
58.85
32.15
62.6333
46.7167
45.9667
27.2333
27.9833
58
26.9167
27.9333
30.2333
33.85
24.4
76.7667
46.4833
49.3833
37.7167
58.6167
38.9167
39.8667
32.1167
51.4167
26.5333
55.8
47.9167
53.55
61.15
23.0667
41.3333
52.5667
20.8667
64.7667
43.5833
59.05
46.95
27.6
32.9667
47
37.2167
40.1
39.85
54.2833
55.9
46.1
41.45
50.35
37.35
61.85
54.2667
62.2667
58.8
41.8667
51
28.1333
63.4
64.6333
18.8833
47.6833
36.65
45.9
35.8167
65.0833
69.6167
39.0833
31.3167
47.0833
41.6333
42.1
56.9333
36.6833
59.7167
48.4833
56.3833
22.0667
35.5833
70.7
43.5167
52.2667
59
27.6667
28.2333
55.3167
34.2833
32.3667
35.0167
63.8
49.0667
60.05
38.9333
49.6
60.3333
32.7
46.3667
40.85
54.1
48.8
20.0667
43.4333
49.85
34.9833
46.2167
61.8667
37.4
54.6333
38.7833
43.5167
43.8167
50.2667
39.9167
53.25
49.1
43.7
28.5333
29.6667
33.6167
49.8833
72.8833
36.65
67.3167
51.8833
60.0667
57.3833
54.3667
59.2167
48.1667
24.45
46.5333
25.85
53.6
18.3833
25.1167
39.9167
27.0833
46.2
39.2167
18.7667
38.3333
40.2
23.7833
38.5333
42.5833
25.75
30.9333
48.8833
31.4333
35.2333
23.05
41.6833
50.0667
43.75
47.2833
53.3333
25.05
32.4167
24.9
54.3167
31.9333
47.0333
48.05
41.3167
53.5
46
42.3333
46.5167
45.4667
53.4667
44.8833
30.1667
40.9667
39.7333
27.1
59.05
41.5167
42.75
67.2667
38.0667
43.05
51.4333
31.4667
58.75
48.5
42.4833
27.2667
33.5
58.1167
39.4833
78.0333
34.8667
29.8667
35.4
26.6833
27.1667
42.2333
48.9333
60.9667
19.55
32.6667
28.0333
25.0833
67.2833
32.8167
31.5
25.3333
55.6
44.0667
52.3333
32.0167
33.5333
22.4333
22.7167
33.6333
37.5
45.5
58.8167
29.9167
38.1833
41.0167
41.2333
39.45
53.8
46.8333
24.3
38.6667
65.9833
53.8833
38.0333
40.2667
40.2333
26.2333
37.3333
44.8333
53.2
24.7333
52.3667
39.5167
50.7167
42.1667
37.4833
34.0833
25.6833
57.3667
38.6333
25.8167
45.5167
56.1167
48.35
52.0667
51.3333
45.4833
32.7833
48.8
40.5833
35.6333
28.8667
39.0667
51.6
42.9167
19.2833
54.5167
42.1667
32.8333
19.4333
44.15
48.4167
42.0833
54.7167
26.6333
47.1667
39.9167
24.45
19.1
37.3833
38.4667
60.0667
26.2833
35.5667
48.5667
33.1333
27.7
45.4
25.8667
64.5333
56.3
38.5167
37.55
48.4
40.7667
30.55
48.4167
41.8
20.6833
40.15
47.5833
42.3833
31.65
36.7833
74.1
48.1667
74.5
35.0333
20.1
53.0833
40.65
48.45
26.9167
31.6667
37.8833
45.5333
27.55
42.3667
44.95
24.9167
40.9
38.3
34.9833
44.8833
29.85
32.2167
40.0333
41.8
27.55
51.4333
35.0333
61.3667
41.35
35.7833
38.8833
51.0667
62.8833
37.3
43.6333
30.7667
51.9
29.4167
64.9833
32.3
41.0667
46.3833
33.6167
26.0667
44.2667
56.9833
46.0333
53.7
33.95
52.8833
32.4
33.5167
45.45
24.45
35.8667
60.4
66.7667
36.0667
44.7
40.0667
55.5333
32.2333
21.8667
33.5167
40.3
49.9
10.5333
52.3
25.5667
46.25
46.7667
39.1
42.7833
26.6833
18.8667
47.2167
36.0333
36.8667
36.0167
49.3333
37.6833
32.2833
35.6667
44.2
19.2833
63.8667
44.5667
44.6167
42.2667
53.6667
38.7167
35.2833
39.5167
23.8167
31.8333
38.5833
38.8167
47.4333
29.2167
29.6
57.9
66.7167
31.0833
52.2333
38.0833
27.4833
47.3833
23.85
36.3833
23.8667
49.7
34.1167
51.3167
30.2833
17.2833
30.0333
39.15
43.85
43.0833
31.3167
28.2667
38.8167
39.4
48.0333
27.8167
29.9333
39.9
38.5833
27.4
24.4667
34.75
63.7333
37.8333
38.15
38
42.4667
52.4667
54.9167
42.8333
115.283
73.2167
45.45
24.7667
29.5333
37.6333
50.55
26.2333
43.65
25.6667
28.2167
53.5
28.5
60.9333
33.3
43.4333
51.3
34.2
37.7
44.8833
46.9
41.2167
45.8333
40.1667
30.2667
34.5
47.95
36.1
57.8667
35.55
47.4167
50.3167
28.2833
42.2
46.1167
27.4833
42.1333
37.4333
37.1
40.6333
38.8167
26.2167
33.8667
53.6833
62.2333
46.2
43.25
47.5167
11.6
42.15
32.9333
20.9833
43.5833
43.0833
27.5333
28.65
18.05
27.95
42.3667
11.9833
35.35
65.75
40.7167
56.6
35.05
39.15
30.7833
47.4667
28.8167
35.2667
43.7167
55.7833
22.0833
41.1333
74.7
35.6167
44.3333
57.2167
40.8833
42.9167
46.9
42.3667
34.25
50.3
22.8167
56.2833
35.8667
55.5333
51.35
60.0333
53.8167
34.7833
41.0167
27.9
35.85
43.6
47.5167
31.1833
36.6667
43.7333
30.4833
36.2167
40.15
36.95
17.4833
50.7167
34.1
38.0667
28.5333
36.0833
51
27.1
35.1333
27.1
43.3667
43.5667
28.5333
40.75
31.9833
53.2
69.7333
43
32.15
22.2167
45.5
29.85
30.7
31.9167
58.0667
35.2833
41.8167
40.5667
30.3333
20.9167
10.7167
17.4
16.3667
37.8833
44.25
30.2333
54.3167
30.8
23.7167
24.2667
27.15
33.0167
56.6667
41.3333
48.2833
30.7333
54.1667
54.5
45.8
43.8
47.4333
17.4833
67.7833
53.8833
21.5333
34.7833
17.0167
10.5333
29.4
29.7667
48.7
26.7333
16.6333
46.7
57.3833
50.6667
30.8833
29.8167
31.5333
23.4667
28.9167
41.2833
32.3
45.4667
54.4167
48.5833
37.6167
46.85
22.3333
47.3833
35.2667
53.8667
52.05
32.0667
24.7
40.8667
52.3167
18.9333
44.3
39.2333
25.05
69.3167
37.9167
26.2667
52.6833
25.5167
51.75
38.5
18.4167
53.6833
23.9167
29.9667
43.1667
40.7833
51.35
32.65
39.5667
24.4333
52.0667
51.25
34.9167
40.8167
40.7167
37.7
32.2
24.8833
34.9167
39.5333
15.8833
38.65
48.05
34.3833
30.75
19.7833
32.5833
25.35
39.6333
31.1833
51.4833
43.6833
41.8167
47.2833
36.6667
50
31.95
44.25
32.7167
51.15
36.9167
30.8333
35.6
45.9
51.45
27.1167
26.4333
38.0333
17.0333
45.9667
31.8167
33.3333
39.3667
50.2333
10.85
28.45
34.9833
33.0833
36.85
26.3333
25.4667
27.9
29.1833
27.2833
46.8
32.5
31.5167
39.4833
32.4167
44.1833
63.4167
31.5667
44.8
38.9
47.6167
49.1167
49.7667
52.6833
41.3167
40.7
38.9167
40.2833
52.4833
19.2
37.7167
33.8667
47.4167
18.3667
40.6
16.95
38.9333
56.4333
40.6
40.8167
43.7833
31.3167
9.81667
17.0167
25.6167
68.1833
24.6833
35.85
36.5833
43.0167
43.7167
47.4833
40.55
28.7167
51.5333
27.6333
51.0167
29.45
51.8
23.0333
38.2333
35.4667
31.5333
35.8
50.1167
51.4667
38.25
30.2833
35.7667
24.7
31.8833
46.3
46.05
36.0167
15.9167
65.4833
30.95
31.0333
25.3667
64.3
35.8167
48.2
39.2333
41.7333
50.1833
45.35
41.6
33.45
17.75
22.35
34.6333
50.8333
28.9
30.2667
23.4833
48.8
35.8833
31.0667
24.6833
31.8167
28.9667
29.7333
32.9833
38.3167
60.1333
38.4833
34.8
38
39.2167
34.7167
65.4167
55.2833
25.8833
52.6833
40.6833
22.4833
31.25
53.2
31.6167
31.3167
17.35
26.9667
38.1167
51.0167
31.35
40.85
30.7333
24.7667
40.7167
56.8167
30.45
46.2667
25.9167
59.3
44.1333
23.4833
39.5167
31.5167
21.6833
22.7333
33.8167
37.55
63.35
31.2
43.4167
54.4333
41.7333
59.0167
61.3
21.85
37.7667
41.3667
40.7667
39.9
57.7167
68.2167
30.75
38.8333
41.9167
32.6333
32.3833
57.0833
29.7333
32.7667
38.7667
41.5333
41.4
34.9
33.4167
32.5333
16.05
18.5333
42.9167
36.4833
11.35
23.5833
31.7667
43.2833
25
30.8333
44.5333
37.75
44.25
50.2833
39.75
26.2333
26.9167
37.4
35.3833
34.6667
49.4667
49.65
70
49.95
43.3
43.8
49.4833
31.95
35.6
44.4333
58.9333
18.6333
36.7
36.3167
48.5
43.7167
40.6833
35.65
30.9833
32.7667
19.2333
41.6333
36.5167
44.5
71.3333
39.7833
54.7
42.4667
71.0167
47.3833
52
47.8667
64.2667
44.85
48.75
33.8333
56.9167
68.5833
28.9167
61.5833
56.2
43.7167
29.3833
24.5
50.5
27.9167
33.85
24.8
40.4333
43.05
38.1
38.6667
27.8833
53.55
20.7
51.35
38.6833
31.9
47.6833
38.85
36.0667
32.4
46.2167
42.6167
52.6833
38.45
36.7167
40.75
40.6833
45.1
33.2667
43.7
38.8833
56.8333
53.8667
47.3667
41.6
25.2
47.85
48.4
23.4
32.8
49.5333
41.4833
25.8833
40.2667
31.9167
64.9
41.75
53.5167
48.3167
57.5667
32.9833
37.9167
28.9
44.7
41.4
24.2167
25.2667
40.65
32.1833
31.9833
58.0667
50.8167
42.6833
63.8
32.0333
47.3167
58.05
48.9667
56
71.5333
37.75
38.8833
11.7167
66.9667
36.3333
25.7833
185.25
44.75
28.8
36.75
27.5
35.8667
25.4833
38.3167
43.4667
36.8167
31
39.9833
39.8
38.1667
42.2667
44.0167
40.3
49.4833
22.25
47.1
52.6333
59.4167
46.8667
43.0167
34.55
29.7833
38.1667
43.75
38.8167
30.85
39.5333
53.95
36.75
16.1333
32.2833
23.3167
24.2
60.1167
62.5667
45.7833
51.9
46.7
41.1667
51.3167
57.4833
46.3333
52.9
39.8333
40.4833
38.8167
30.2667
33.5833
54.2
33.65
25.2167
29.1667
45.0333
52.8833
27.2
33.8
40.6167
33.55
58.9667
31.3
30.4833
31.7833
50.1667
30.55
32.3833
72.1167
18.3
60.8833
75.0333
45.35
31.5167
52.4167
30.3167
11.4
31.3333
41.0333
25.25
24.6167
42.9833
50.3333
39.0833
35.3
47.6333
11.0833
31.2667
39.65
38.0167
41.8
37.2
38.9333
41.0333
33.1167
30.2167
56
31.1333
54.0167
50.0333
45.0167
56.8667
53.5
27.2333
20.4
23.9667
20.4333
47.1833
39.35
26.8
61.2167
32.8833
27.95
57.4333
34.8833
45.1333
43.0833
55.9167
47.2833
26.15
24.8
20.6833
54.2333
45.75
26.3833
31.9167
49.9333
23.9167
35.6
58.9833
42.9333
45.3667
33.3833
50.0167
57.0833
24.2333
42.4833
46.05
35.1167
25.0667
45.5333
43.5167
38.8667
21.9
27.6
24.4167
18.3167
42.85
52.4667
36.5333
40.35
41.0667
37.4667
53.6333
29.3667
28.15
32.3833
40.5333
51.45
35.5167
42.35
42.0333
30.95
30
40.6333
48.45
45.2
32.5167
49.5667
46.2167
39.65
30.4167
32.3667
34
24.0833
48.85
43.8
35.2167
32.0833
41.7833
54.9167
30.3333
35.1667
21.1167
52.3667
40.9667
45.0167
54.4833
39.6667
20.2333
33.0167
32.8167
51.7667
38.6333
30.7
47.3167
41.7
37.4333
38.2667
17.4
26.5333
30.7667
54.1833
24.4833
31.55
42.1333
49.7
41.5667
44.0667
38.6167
58.4
24.0667
63.7167
31.0833
46.9
17.6333
52.85
39.85
18.5833
21.8833
23.9667
77.65
41.5167
17.5167
39.75
32.2667
31.3333
30.8167
24.5333
44.15
16.75
43.3667
29.5333
55.3833
47.4833
72.4833
31.9833
19.2833
16.7667
24.5833
25
76
21.85
45.9333
42.0667
43
38.4667
54.9167
27.7333
45.5
32.1167
43.85
51.65
66.3167
52.3667
50.2667
38.7
49.5
18.4167
43.9667
48.5667
23.6333
37.5833
31.1833
45.7667
25.7
38.95
53.1833
35.95
50.7333
9.86667
25.6
33.5667
32.1667
28.2833
53.8833
28.65
48.2
20.5167
41.5333
31.45
54.2333
20.9667
37.8
48.2833
45.1333
45.5667
39.95
24.1
63.45
46.4333
32.2
15.8833
35.3667
17.7167
53.1
21.0167
73
40.7833
49.3333
39.1167
22.9
37.6667
40.2
51.3833
32.7667
55.95
40.35
32.1833
42.5333
37.8167
33.0167
17.2833
51.4
27.8333
42.7333
40.9667
51.1667
43.1333
42.15
17.6167
45.55
16.6667
47.6333
37.9333
39.0333
35.4
45.8833
33.7667
37.9833
30.95
46.3667
48.6
41.9833
26.1167
35.05
32.6667
33.0667
27.8333
24.9667
52.55
38.3833
25.8833
27.7667
57.6833
39.0333
33.8667
28.9333
55
56.0667
10.9833
52.5667
29.05
37.6333
24.9
55.2333
41.0833
41.0167
30.4833
44.1667
47.0833
41.0333
30.35
17.25
31.4833
50.4
37.75
34.4333
18.35
35.1833
33.7167
23.3
40.1667
25.75
40.1333
40.1
25.2
49.6667
23.15
51
53.7333
30.3833
39.9667
30.4833
48.2
33.75
53.3167
23.3833
30.9667
36.3
39.6333
40.3333
17.85
42.6667
51.05
30.4833
38.4333
25.0167
30.8333
44.2167
39.9333
31.6
45.6
45.4
19.6
32.7667
22.7333
33.6333
30.45
38.6667
33.3333
47.6
44.9667
52.55
43.7833
52.55
18.1
38.65
55.0333
46.7667
44.9833
47.3333
25.05
30.3333
34.9833
35.0833
34.4833
25.0333
23.8333
27.0333
50.85
45.5167
45.95
36.5
19.5833
35.6833
32.0667
31.0833
43.9167
41.75
30.7667
43.2833
49.8
30.1167
56.45
37.4167
26.85
38.6667
44.2667
26.1833
33.55
26.7333
46.7
56.6833
25.6833
64.1333
48.15
33.9
40.25
26.65
73.1667
44.3
33.2333
33.4667
41.5
18.6833
52.15
47.8167
37.7833
44.9833
25.6333
30
32.1167
34.6833
41.8833
26
35.2833
50.9
26.0667
59.3667
53.2167
46.15
21.45
25.0167
51.05
36.4
32.8667
62.85
33.7
40.3
27.0167
44.9333
23.9667
60.3333
17.35
19.2333
44.0167
47.15
46.1333
45.25
40.25
41.5333
40.7833
46.85
42.4833
38.4667
60.9833
10.9333
52.6167
46.1333
35.5167
45.05
59.5167
41.3167
48.6
33.0833
41.8167
11.1167
30.9667
38.4667
41.2
35.2833
38.95
31.75
47.0167
30.1333
40.9
41.7833
70.0167
49.3167
50.2667
38.6333
50.7833
46.8333
43.35
40.95
45.05
27.9167
58.45
34.5333
46.5667
41.6
32.6
52.3
35.4
75.7167
26.5333
39.5833
45.4167
40.8667
48.5167
44.95
46.6167
35.45
40.2833
54.2667
65.5333
19.0667
60.3167
37.7667
53.1167
47.7
34.6667
54.0333
21.15
32.8667
20.5833
34.6167
40.9333
44.5
62.05
33.5333
26.8667
48.1
49.2333
47.8333
27.1833
16.6667
31.85
26.05
45.5667
30.6833
46.3167
40.7667
40.7333
49.55
33.6667
39.1167
67.1167
29.2833
24.6
40.7167
61.8333
33.05
75.1667
37.4167
48.75
45.7667
37.65
31.45
26.3833
48.4333
51.8
30.9333
38.3833
55.2167
25.0333
78.1333
25.7833
52.4333
46.2833
43.4667
39.8167
41.6333
33.45
25.25
31.9
61.8333
23.5167
43.85
74.45
33.7833
34.3667
28.1833
37.1667
56.4333
38.85
37.55
59.0667
30.55
38.6833
37.2
37.3333
53.7667
59.5667
38.2167
38.9833
55.9333
35.7833
29.2333
37.0667
44.5667
57.05
18.0833
25.05
41.4833
55.35
48.15
31.2167
40.9333
35.9333
34.5333
42.7833
51.6833
47.3333
54.2
30.1833
25.2
36.0167
26.9
22.1
50.7
26.95
52.6833
45.1
16.6167
41.7667
49.85
39.6
30.25
45.5833
38.5167
43.9
19.4
53.8667
22.3167
45.05
44.85
39.4833
39.05
26.1333
24.9333
38.05
59.3333
33.3667
28.85
17.2833
53.0333
49.75
42.0167
47.45
47.7667
9.65
60.7667
22.2833
39.2
39.6667
30.6667
36.1333
38.4833
38.2333
36.9333
32
31.7167
37.4667
31.3
57.9667
30.5667
30.6333
50.1167
39.4167
17.95
40.1333
51.6167
40.0833
49.2167
29.8167
44.85
67.1333
41.05
38.9
39.1167
52.05
34.4833
28.95
34.8333
38.6167
40.7667
30.0667
38.65
37.5667
44.9333
25.2833
61.3333
42.2833
31.2833
48.1333
38.6833
48.1167
35.0833
53.6833
53.7167
31.6667
49.8833
39.2667
52.6833
20.55
61.1333
39.3
30.2833
36.4333
29.9
31.8
57.5333
53.8333
40.0333
39.05
75.5
58.1167
42.55
36.55
44.5167
39.8833
51.4167
27.9667
34.6833
55.6833
53.5
55.9167
38.6
32.8333
50.1
42.4
36.05
77.4
33.9667
30.4167
49.5
38.6
44.55
39.1667
46.9333
16.0667
46.4833
49.9667
30.8167
26.25
41.5667
17.25
70.0667
68.3667
34.9833
33.25
76.3
43.55
48.4
16.0667
53.7
33.0667
46.2167
54.2833
47.65
45.2
37.5667
40
53.0333
25.45
10.4667
42.4167
41.5
45.0667
19.25
34.8167
19.0833
64.55
16.7333
40.6833
40.15
18.7333
47.35
49.9
34.7833
31.1333
25.55
46.4833
48.8667
48.7833
39.1833
37.2833
83.45
49.8833
26.4333
34.7667
29.9
26.7667
47.6833
36.1333
54.9167
17.55
31.8333
61.3
43.3667
54.8167
53.4833
72.2333
61.8167
32.3167
42.0667
31.4167
17.8667
55.8
61.3
18.3667
43.5833
34.25
23.7
32.7333
37.7667
36.9333
42
40.2833
36.9
42
57.7
18.5667
24.4167
20.3167
22.0333
51.3
36.85
36.95
32.25
39.1333
40.6
35.4
16.3
47.75
40.9667
39.7
48.0333
16.6167
49.3167
42.2667
44.5
31.1167
18.8167
56.9167
38.6
53.2
32.4333
28.7667
44.5
32.0833
26.3
35.7
42.0167
24.4833
25.2
32.5667
53.2333
52.45
54.5167
25.75
30.3167
22.85
17.9667
16.3
29.9167
42.1167
44.5
39.7167
53.6667
49.4167
22.7667
42.5
40.9333
35.0333
23.7333
44.5333
36.8833
36.6333
29.1667
17.3
35.4
32.2
29.7833
30.0333
26.75
19.5167
49.8167
34.2
50.1333
40.4833
28.4333
29.7167
23.95
41.3167
31.2
33.0833
44.4833
31.6
54.9333
19.1833
36.2
39.7667
53.0833
39.7667
53.5833
43.5
28.2833
40.9333
34.8167
55.0667
36.8167
27.5833
58.9833
22.9833
24.2333
36.45
42.15
26.4667
18.1667
25.4833
36.6833
42.5333
34.7
58.8333
16.9333
40.6
51.9
50.2667
39.7167
46.95
52.3167
23.6167
24.1667
40.15
43.4167
30.6833
53.9333
51.8333
39.2167
40.1333
41.35
47.7
46.65
44.9333
31.5333
41.85
57.2833
40.6333
52.8
32.8333
40.5333
40.8333
49.5333
43.8333
43.4167
47.3667
50.5667
48.9333
29.85
47.9667
58.5
26.0333
34.55
64.8667
33.0833
18.3333
46.2167
45.1833
29.7167
49.65
21.6333
40.5667
34.4667
46.6333
29.9167
58.2833
55.5667
52.1333
30.4
57.8333
40.1167
38.5333
39.5
31.8833
45.1
41.7833
49.2833
47.45
53.3167
40.6167
42.7
47.7333
41.9
36.5667
40.75
47.7167
32.7667
38.3333
47.3667
35.4833
33.1
33.4167
27.05
66.3333
30.85
58.8667
42.5
46.3667
32.2667
49.35
31.8833
34.8667
37.8333
42.2833
51.3333
22.8333
57.1
46.6667
40.9167
40.9833
49.2167
17.2
49.9167
49.4333
31.8667
38.55
47.2167
63.6667
45.1
46.2333
22.45
41.1667
39.1167
59.7
51
52.5333
65.7333
33.9667
45.5667
30.75
25.5333
32.2833
54.95
48.9
48.2333
54.8667
35.1167
39.3333
49.45
39.5167
34.6167
37.3333
28.0833
38.7333
53.1333
47.1833
63.9667
15.7667
46.55
26.4833
57.1167
37.75
33.9
25.8667
34.8167
30.75
47.5167
48.6
31.7167
58.95
46.4833
37.9833
33.2833
40.1333
38.2333
17.2167
45.7667
41.5667
63.6667
19.5333
37.3833
56.7833
31
41.3667
43.3667
26.0333
39.05
47.5333
27.5333
51.4833
24.6167
34.4667
24.85
32.25
53.2167
40.05
63.5167
27.3667
28.7333
44.5667
31.7333
36.4
26.5167
27.65
39.5
15.45
53.8333
9
34.1667
41.2333
34.85
56.2167
32.3333
54.9333
35.0833
18.6
48.05
29.8667
37.9
43.65
18.0333
54.7333
42.2833
44.95
33.0833
37.25
33.1833
29.8833
24.75
28.1167
41.9333
24.5167
23.9667
32.85
22.4333
31.8167
30.4333
24.2333
38.9
41.7667
32.15
34
16.6833
25.3
25.4333
36.05
46.45
32.1
72.7833
50.8667
25.05
51.6833
46.3833
18.1
27.0667
44.6833
17.7667
51.55
23.05
43.15
25.8167
40.8833
17.7333
39.3167
44.4167
60.9833
28.75
63.0333
41.2
17.05
24.8833
52.3667
10.4667
39.8667
53.7667
30.1833
51.6
40.0333
45.25
42.8167
18.6667
38.8167
40.1667
49.8
37.75
59.5833
24.7667
56.6667
42.5667
43.1833
50.1167
31.5333
23.0333
37.4833
40.1833
51.7167
26.05
52.7
22.7333
43.2833
37.9167
30.6667
44.1333
40.5333
28.2167
45.7667
44.3667
32.35
31.2167
55.9833
38.7667
42.2667
48.5167
37.95
42.0833
42.45
29.8
23.9167
41.05
44.3833
49.3
42.5
58.4167
31.55
39.6167
42.3333
25.2667
32.4
50.5167
38.8
34.5667
24.1167
48.55
67.55
38.6
37.6167
46.1167
40.5333
49.55
46.8833
40.4667
41.3
28
54.1667
37.4667
36.0667
34.2
51.6667
36.5167
26.15
23.2833
41.6833
42.3167
28.0833
42.8667
41.2333
54.2167
33.8333
25.9667
48.3667
28.6
32.3333
36.4833
32.8667
24.3667
54.2667
51.0333
31.95
44.0167
31.1333
46.8667
24.8167
29.55
45.7833
37.6833
37.85
26.15
30.55
30.4833
40.9167
36.3667
29.5167
36.0833
62.9
19.8667
35.75
50.85
42.0667
26.3
42.55
39.3167
48.9333
48.5667
27.1333
42.3333
37.7833
39.4
39.0333
41.8
17.7667
35.3167
48.3667
49.0833
43.05
44.3
39.7667
39.9833
39.8833
20.5167
24.1667
42.95
37.8667
47.3333
32.5667
44.5167
38.1333
50.6667
38.5
40.3167
28.4
39.1833
39.3833
29.5333
26.15
34.7833
11.8167
48.3333
40.9
34.6667
49.75
26.7333
17.4
25.8
40.0667
25.45
52.9167
36.25
53.95
36.0833
40
18.7667
25.8833
56.4333
44.2
52.2333
77.7333
34.65
45.7667
42.9333
42.6
27.6167
40.3833
17.3667
63.7667
39.7667
40.6167
23.25
30.1167
56.4333
46.0333
19.9833
71.6833
72.6333
31.2667
40.4833
30.5667
55.0167
46.9333
31.8333
30.7667
56.45
25.2833
17.1333
47.0833
57.7167
36.3667
45.1
49.2167
39.6167
49.8667
41.3833
54.1333
17.2667
30.3
54.4167
45.3833
27.8667
39.1833
30.0667
31.7167
29.1667
41.4167
39.6667
51.35
32.95
40.0833
52.25
45.55
29.2
61.2833
33.4833
38.2333
50.55
38.8167
39.4167
33.7333
48.75
39.3333
50.5167
47.3
24.1333
27.6833
39.3167
38.9833
29.3833
48.6167
25.4833
26.4167
30.8167
54.3333
48.25
39.9167
46.8167
50.8833
44.6
40.85
41.0667
48.7167
21.3333
9.3
38.3667
39.4167
36.8167
34.6167
50.1333
35.9833
36.6
41.3167
44.0667
23.3
41.3167
24.2833
42.4167
46.0833
40.65
24.2667
30.5333
31.7833
35.0833
26.4667
39.4333
42.75
22.3667
50.4667
17.4833
22.1167
43.5333
48.9667
43.4333
55.0167
50.9333
36.9
58.3167
41.2
38.6333
53.25
48.45
39.45
53.2333
17.7167
29.6167
16.8
31.4167
23.5833
43.9333
39.3333
47.5
37.6
39.1833
27.4333
56.9333
57.75
45.4333
54.3167
22.4333
53.5333
62.3
52.9333
22.85
23.8833
30.2
62.4667
57.3833
31.1833
23.7833
30.2167
29.35
38.1667
24.7167
62.6833
35.5
25.8667
37.4167
39.7833
30.3333
40.7167
26.5
43.95
17.0333
34.7333
38.45
35.6333
29.2667
30.8167
30
52.0167
34.4833
28.1
31.5667
19.1
30.45
23.0667
56.7667
61.6
41.8167
41.6
45.4667
40.85
45.1667
23.5
24.9
35.4
51.3333
22.0833
55.9333
43.8333
18.0167
44.8167
40.4333
36.65
37.7333
32.05
29.6833
45.5333
52.2333
19.8667
48.45
43.0667
36.4833
43.9333
31.6833
44.2667
30.05
23.15
29.5
34.7167
40.3667
31.4167
10.9167
48.2667
24.6667
42.9
42.7667
22.3
47.9333
34.8
53.15
27.4333
30.1167
36.4833
39.7333
18.7
48.2
31.5333
8.58333
17.3333
34.0167
24.65
37.8333
44.25
29.3833
34.0667
56.3833
29.4833
53.2333
32.6
24.4833
31
36.9
23.0333
34.5
44.75
55.8833
31.5667
20.6333
26.35
36.9
63.4167
24.2833
52.9667
17.3667
32.9667
36.2833
30.0167
37.1167
42.4833
29.95
37.1
31.7
36.3167
20.2833
41.6333
47.4333
36.3833
37.55
55.8
29.8333
15.8333
23.2833
48.2167
64.7167
53.45
54.7833
17.35
32.25
35.2167
40.9167
50.9667
24.5167
25
43.1333
51.2333
40.7167
36.9667
44.6667
9.65
41.6833
45.7333
36.2
39.3
45.6333
35.2
45.8167
33.5333
25.2667
41.7833
45.2167
49.8833
16.5167
36.2
46.55
46.1167
25.3833
37.45
45.65
40.65
29.55
26.0667
42.9833
30.6333
36.9
18.7333
39.6667
22.0333
31.7833
36.2667
39.9667
39.0333
30.9833
38.5167
23.3833
32.65
52.55
49.6333
50.0167
38.0333
29.95
26.35
36.9667
51
52.1167
40.05
42.15
16.9333
48.55
29.2
18.2833
32.9
28.1833
31.8
31.8167
25.4
23.35
33.9167
22.15
31.3167
16.4333
53.7167
49.5833
38.8333
32.7333
42.3667
38.1
33.85
40.8
56.2833
43.1333
36.1833
32.5167
32.25
20.0667
25.6
37.5333
33.9833
25.5333
35.55
51.15
39.2
31.6
45.5
42.85
34.9833
38.45
48.1
31.05
37.75
37.6667
61.55
16.8167
29.6
59.4167
44.4
46.5167
20.8167
29.9833
45.2667
53.1167
35.3167
28.1667
32.4
48.15
38.7
27.4167
46.7167
38.45
44.7333
48.1667
28.5333
36.95
26.2167
47.3833
40.1667
30.0833
36.3833
20.0167
37.6333
39.3167
40.3167
33.45
33.6
33.5167
38.0167
22.85
22.1
46.0167
39.9167
66.2167
57.25
53.2833
59.7167
35.25
79.7167
31.15
36.7167
32.65
25.05
48.65
41.7833
40.8
18.6833
46.7167
45.1833
65.2667
49.3167
41.7167
52.6833
32.3667
46.7333
28.2833
45.5333
46.7333
37.0333
34.3167
40.15
38.6333
43.2333
52.8167
57.7167
39.8167
51.8833
24.4833
44.95
37.85
55.1667
54.0833
32.1833
40.3333
48.7
45.9667
42.0167
38.5833
48.8167
29.3
59.1833
37.1667
30.3333
37.0333
43.4167
46.0167
44.6167
42.4167
41.75
40.5833
48.0667
40.0667
55.1167
35.0667
43.7833
37.5833
47.3333
24.6333
34.5333
45.55
33
33.55
51.95
49.4
16.6333
74.2833
45.55
29.25
56.25
41.8833
41.05
23.3667
44.3333
44.9667
26.85
29.7667
30.75
39.5667
58.3667
40.9333
40.5333
63.3167
29.3
57.5167
41.85
23.5333
47.2833
39.0667
45.05
22.9167
66.0667
34.0833
29.6333
47.6833
38.0667
44.8833
24.3333
41.7
19.0167
45.9667
37.7167
9.58333
20.4667
32.8333
47.2833
48.1333
30.0667
50.45
39.1
55.1167
33.3167
61.7333
47
35.9
61.2
41.35
41.8333
47.6833
45.65
34
50.7333
44.6667
45.4667
46.4333
51.65
30.9333
18.0167
39.65
49.5167
24.6
33.55
44.6667
37.8833
26.85
43.45
38.1
36.35
27.2333
35.8167
44.35
48.6167
26.05
51.3333
23.0667
32.7667
39.7333
38.0167
30.6833
58.6833
26.3667
39.2667
54.65
44.7167
36.0667
51.4833
11.2667
23.6833
39.4167
34.0167
51.35
49.1667
54.25
76.4
40.7333
48.5667
47.5667
34.65
40.6167
31.7833
26.2
43.6833
52.05
34.6667
54.65
17.3833
16.8167
29.5167
35.8833
49.2667
23.2833
54.3667
38.7
36.2333
27.4333
31.7
42.7
53.9667
27.25
29.6
42.7
29.75
27.4667
48.15
50.9667
51.6
16.8167
39.5167
29.2833
55
49.85
37.0167
23.1
26.4
39.7
39.0333
40.5833
56.9833
40.2833
10.7667
47.2833
24.1333
47.8667
53.35
27.9333
39.9167
38.1
41.85
34.55
27.9333
39.4833
29.8333
86.65
30.5333
32.6333
37.25
29.9667
52.4333
22.7167
44.7333
35.3333
48.1667
44.35
37.3333
48.2333
37.1667
26.0833
33.5
53.4333
24.1
57.15
35.75
63.3833
44.6333
43.4333
41.8333
40
50.7
47.1167
39.9667
48.8167
38.3333
35.5
26.7833
24.1667
55.55
22.8833
32.8167
40.1833
40.1333
24.1333
38.5167
30.9333
18.05
46.65
32.1667
28.9667
39.2333
37.7333
41.5667
28.9
35.6
41.05
29.8667
23.3167
51.0833
22.1
44.9167
45.0333
49.2167
61
46.5
9.81667
19.5667
31.15
33.1667
57.1333
30.1333
43.7333
38.05
61.1333
29.8
39.85
39.15
38.8833
37.7
29.55
31.1833
60.4
35.1333
65.6333
39.3
58
61.5667
44.7167
42.6667
27.7833
45.65
37.8667
44.85
19.2
33.2667
48.0167
16.4833
34.2833
33.4167
38.9833
31.8
30.2
37.6167
33.1833
45.3333
45.8
42.5333
43.1333
24.7167
55.5167
48.5333
25.7333
25.1
51.8167
44.3833
42.2667
44.5833
25.3833
39.4167
23.9
53.4
51.55
34.2
42.65
57.8667
39.05
39.6833
57.7
39.55
43.6
34.15
32.6667
46.25
35.1833
9.81667
59
47.35
51.15
36.1833
49.35
29.8
40
70.5
24
42.4667
25.9667
48.3667
39.9667
23.0667
51.7667
38.9167
31.7
10.3333
34.95
33.95
56.7667
49.5833
38.1667
37.35
41.85
47.9667
33.6833
37.7
41.6167
41.7
46.25
64.5167
36.3
45.1167
45.1
39.9667
25.25
17.35
61.4667
38.2333
30.4167
45.0167
50.6
30.5667
45.9333
30.85
57.8667
25.1833
48
28.7333
31.6
57.0333
43.6667
18.75
16.6
42.4
38.9
21.8667
52.2333
29.1333
29.9167
51.7833
17.85
31.6333
31.3167
22.95
48.0167
33.1167
52.7167
41.95
43.0167
30.1167
32
27.0167
57.1
30.7833
49.4
26.4167
63.4667
38.8833
15.7833
41.8333
39.3167
55.5667
68.8
45.5333
45.6333
51.0333
60.3667
31.9667
37.7333
35.7667
41.6833
55.0833
35.8833
106.083
32.2167
28.8667
41.1667
37.8333
46.7667
36.45
47.0333
34.2
16
21.9167
29.75
30.8167
35.7667
27
18.5333
24.4167
18.35
39.8
16.95
10.0333
50.5333
33.1333
36.5667
56.4833
29.0167
30.3167
53.0333
39.0833
35.95
36.75
29.7333
39.65
33.3
43.2667
21.0667
55.1
42.8833
49.4
45.8667
35.9667
32.7
33.4167
32.5333
38.2333
50.2667
25.0833
66.15
31.5833
41.9167
44.2667
27
32.1333
35.7333
40.55
62.8
47.5
39.6167
31.7167
41.8833
19.2167
31.2833
53.05
48.9667
56.5167
17.6167
30.9833
38.0667
22.6167
25.35
26.05
35.7667
29.2333
43.6667
41.6333
29.0333
36.0667
31.7333
42.7167
37.8833
23.6667
23.7667
36.9
45.3167
23.4
30.5833
55.1
36.8667
40.2667
30.4167
39.95
54.8333
51.0167
50.4
36.5833
53.7333
40.7
17.4833
38.8167
40.4667
26.1167
26.0333
46.8833
22.9
25.7333
51.05
26.4
32.7167
42.8333
37.0333
23.6833
48.5667
29.2667
25.9333
40.8667
41.05
44.9333
42.3
24.7833
30.7167
37.65
47.9167
10.3167
33.0833
51.3667
45.5
46.3667
28.2833
32.5167
30.3667
38.9
38.8667
31.1833
51.1833
36.85
39.25
42.65
51.6833
48.85
29.1833
44.9833
37.9833
34.1167
25.7333
25.5167
30.7
39.85
28.2333
49.5167
39.7333
37.9667
59.4167
38.0167
39.9333
41.3833
37.65
39.0333
37.9333
46.2667
47.55
39.1167
26.6833
47.9833
65.5
33.7833
53.1333
30.95
30.7667
48.2333
24.5667
38.85
26.2167
24.9833
31.5
36.65
29.4
46.3
40.7833
53.95
37.6667
43.7167
18.3667
33.0667
55.3167
52.8833
34.2833
45.6333
31.8167
52.65
41.45
39.8167
64.0333
32.1
50.4167
33.2833
39.6
48.0333
39.7833
42
36.85
55.15
60.6333
45.0333
40.7167
42.05
42.5
62.9667
42.0167
39.2667
47.1667
31.3167
35.1833
41.4
52.6833
51.0833
48.3
46.5833
25.75
38.9
33.9
33.1
35.35
25.25
18.0333
31.75
42.6833
31.7167
41.0333
32.3333
35.3333
32.9833
53.7
31.3
42.65
45.9833
51.0333
57.6833
41
42.8
31.0833
26.6333
42.3667
45.95
22.9667
37.4333
26.9667
26.3167
25.4333
24.0833
55.4
38.2833
35.15
32.5167
43.1333
39.85
52.05
30.4667
36.7333
31.5167
39
39.0667
43.0667
33.8333
24.8833
51.4667
46.9667
44.2333
25.6833
57.0833
26.6
58.3167
40.2667
45.85
44.55
40.6667
32.35
39.8833
34.65
24.3333
26.5667
41.35
49.0167
38.4
23.7833
31.9167
54.9667
58.2833
47.1667
43.9333
46.1667
38.6167
47.4333
52.0833
38.7667
20.5667
41.8833
45.9833
47.1167
22.5
47.5
50.3167
39.0333
71.3333
49.1833
29.0167
56.1167
22.6833
53.5
50.25
24.8667
43.3667
48.8333
64.8833
33.8333
25
44.8167
11.95
25.7667
25.0167
52.55
52.7333
41.8167
39.75
44.5
30.5167
45.6667
24.35
42.6
41.8833
48.65
26.45
16.3167
18.2667
34.1167
36.9833
24.2833
39.0833
36.2667
25
54.0833
26.2
16.5833
38.4833
44.05
30.4833
43.1167
20.1167
38.85
32.5167
36.5667
23.6833
16.1
25.7167
17.1333
60.8167
56.9167
41.4
51.0333
45.8167
30.0333
40.6
63.15
49.9833
57.5333
44.3
28.2833
42.45
29.7333
43.0833
49.2667
61.4667
18.2667
16.3667
24.2167
23.6833
58.3167
40.5333
42.1333
39.45
18.75
76.7333
49.7333
31.8
26.7833
31.35
34.95
19.5
27.2167
32.3667
29.7667
54.2833
29.5333
36.85
36.2667
36.9333
28.95
61.9833
52.4167
37.8
28.0167
51.6667
38.2667
40.7333
58.9
51.7333
32.0333
38.85
50.3667
18.4333
51.4667
36.6667
23.65
24.9833
30.3333
43.6833
32.5833
37.85
48.4
30.45
31.8167
25.9667
50.1
16.5667
41.0833
47.4333
55.75
40.4667
46.7833
40.5167
37.8167
45.0667
31.6167
22.7333
25.4667
11.8
31.35
31.6
48.0333
29.7667
29.0333
45.25
29.9167
38.4833
33.1167
34.2
42.1167
36.7
38.9
18.6667
28.85
45.55
17.5833
40.8333
43.2667
48.0167
32.1167
51.7333
33.2
59.4
29.8833
46.8333
52.2167
33.2
32.2333
30.3333
48.1333
40.3
31.6333
26.55
45.25
42.35
27.65
40.2833
29.5167
43.9167
39.4667
48.0333
39.35
32.1833
45.4333
38.25
17.6833
41.8
26.75
27.3167
46.9167
25.45
24.6667
39.1
55.2
57.75
39.3
43.05
33.75
50.65
48.6667
38.6833
32.6
36.1333
51.0167
25.8333
18.5833
26.5333
52.0833
34.8667
46.4167
24.3333
45.7833
27.7167
53.5167
59.4167
23.6667
25.0167
23.5667
40.6333
49.6667
57.15
28.1167
42.0833
27.5333
29.8167
27.5
40.3333
31.55
52.5667
53.5
39.3833
55.8333
67.5
35.7167
26
29.7833
22.3833
32.0167
15.2333
38.2333
30
27.35
21.65
51.2167
53.0333
41.2
39.65
38.6
45.6167
21.8833
30.0167
34.0667
31.1
46.1833
42.95
29.3667
41.5667
29.15
30.8833
25
47.8667
35.0667
31.25
35.9
45.5833
30.4333
30.2
34.5333
65.0167
25.1833
32
52.1333
17.3167
53.2833
31.0333
15.8
41.2
23.8667
46.0333
40.1
37.1667
34.0667
31.0833
28.2333
18.1
32.2167
43.75
40.7333
23.15
42.5333
44.7667
31.4167
31.75
53.4833
43.2
51.45
71.7333
40
32.1167
63.6667
46.3333
46.75
59.4
25.7333
45.7667
50.15
51
37.5833
53.95
37.7333
48.6333
16.6333
62.1333
16.5333
33
41.6167
53.7333
42.9
46.7333
58.3333
40.2167
33.1
43.6667
27.5167
45.45
39.0667
26.2333
45.9833
33.2333
31.8833
17.2333
56.0667
17.2833
30.0667
23.55
10.3667
44.9333
24.9333
35.5833
37.6667
23.6667
31.55
9.86667
40.7
37.8167
33.05
19.75
47.1167
36.1
31.15
40.6333
48.0667
22.5
26.75
52.2333
52.0167
30.9667
30.75
29.2167
38.6667
48.3667
43.7
37.8
48.05
38.7833
32.3833
39.05
46.3333
38.3167
23.5
41.7167
42.2
36.6167
53.1667
33.8667
32.4333
30.0167
51.35
47.9333
34.6
39.9667
23.7
51.8833
36.7833
29.45
51.1833
46.9833
49.55
61.7833
58.4
29.0833
18.5667
30.4167
51.6333
43.85
31.6667
31.6333
23.9833
48.5667
16.5833
17.75
32.2667
40.5
33.3
39.6833
39.1333
50.95
37.9
47.6667
30.9333
31.75
39.55
32.3833
25.5
22.7833
51.2833
49.05
84.3333
25.3667
48.4
36.8833
37.6333
42.5833
31.6667
38.6833
54.15
29.7833
28.1
43
31.4833
56.1333
66.6333
34
26.05
38.7667
45.2333
25.4167
17.3167
18.1667
29.6167
16.4667
25.85
38.7333
35.9167
48.15
47.4
33.2333
44.9667
42.4667
30.35
53.4667
62.2333
44.6167
36.9333
29.6667
42.5667
24.1
30.6333
36.75
43.0833
51.1833
50.9833
63.0167
48.2667
46.9333
55.35
38.5833
46.0333
43.75
24.5333
43.1167
43.9833
38.3667
42.3833
24.6167
22.7333
19.6667
10.1333
21.9167
17.2833
43.7167
41.2167
30.8833
42.95
49.2
28.1833
23.1333
21.75
17.7833
10.3333
42.6667
22.05
59.5333
48.4333
18.5167
50.2167
25.2833
48.4667
52.75
29.4333
29.8667
56.7667
25.8667
50.0833
27.4333
36.1
40.1833
28.6
53.4
30.65
45.1667
50.9333
37.0833
57.65
41.05
44.9167
44.1167
27.0833
44.3167
31.7667
28.6
21.7667
41.75
43.1667
52.3833
49.2
22.5167
38.9667
24.9167
46.7667
51.3833
39.0833
41.4
49.0333
45.4833
52.05
52.4833
51.9333
34.5333
33.05
58.75
23.0333
37.65
32.2667
39.6333
19.4
39.2667
43.0333
42.6
45.1667
49.6667
46.9
36.7167
23.6333
34.8167
23.5167
45.0167
18.8667
36.9167
44.8667
33.05
21.8667
19.5
59.85
38.7667
48.45
10.9
34.35
43.7667
54.0333
47.9
47.1333
56.1
17.2667
56.6
23.6333
18.3833
26.2667
24.25
38.9167
25.5333
28.8833
31.3
57.7333
45.0667
30.4333
31.2167
56.4167
40
45.3667
49.4167
39.5833
38.1833
34.95
50.9
17.35
40.35
43.0667
52.2167
39.4
25.8667
44.0833
45.3333
11
39.1667
44.3667
35.05
37.8667
24.2
22.3667
31.3
23.7
36.65
26.65
48.55
41.2833
56.0167
32.05
43.6167
39.4167
49.7833
55.15
51.4833
47.9333
26.0667
37.8833
63.8167
11
25.8167
46.75
51.6
38.4667
47.0333
25.45
23.05
32.9833
33.1333
51.7
24.35
44.7333
25.3167
40.0333
33.25
44.3
31.6
47.85
41.7667
41.5667
51.5667
53.5167
45.3
41.8167
63.0667
31.6167
34.75
48.3167
24.5667
42.5833
52.3333
30.8333
42.35
47.3833
27.9833
32.5333
42.1167
31.5667
19.2833
45.55
50.4833
54.8333
30.0667
44.8667
32.95
10.4
45.6
23.8833
36.7333
37.5833
38.1333
27.3667
36.9333
33.8667
24.1
42.9
30.65
20.6833
41.65
41.2
41
26.5167
28.2167
50.0167
50.8667
23.85
30.7
23.0333
45.1167
37.6667
26.5167
38.8
18.1833
36.2
23.4667
45.45
36.0667
41.4833
17.5667
33.25
46.6833
31.15
34.1833
41.7
25.6333
39.0833
25.25
31.1333
42.85
56.0167
22.2833
31.9833
31.1333
46.9333
33.1
35.4833
42.9167
68.2833
59.5167
33.5833
47.8
28.6833
36.6667
44.1167
65.4667
30.6167
16.4667
74.4667
18.8333
40.65
39.9
34.2833
38.95
40.55
23.6833
18.8667
33.0333
29.6667
44.6333
24.9333
74.45
34.8
20.0333
41.6833
42.75
38.7833
40.55
54.0833
48.3333
33.8333
29.25
17.65
23.2
36.5667
36.7833
39.05
25.2
64.2667
52.6167
29.85
36.2833
17.7333
22.65
29.6667
54.4
31.15
45.7667
40.4667
30.95
37.75
38.7833
31.1833
47.3167
24.7667
42.9833
50.4
58.8
51.5333
63.6167
32.5
32.7
23.6333
39.2833
26
30.55
44.3167
49.4333
36.2
35.85
48.25
31.1167
47.85
41.5333
39.7833
39.3667
40.2833
52.9333
36.6167
45.45
40.85
22.55
17.35
30.8667
49.8333
37.1333
15.55
62.3833
53.9333
39.65
38.0167
24.15
45
50.8667
48.3333
43.4833
45.1333
45.15
49.8167
28.5667
22.2167
47.3833
43.1167
27.5667
38.6667
47.8833
27.9333
31.3333
50.9667
30.3333
63.6333
43.0333
23
31.2
38.7667
36.4667
25.1167
46.0333
22.3333
37.4167
27.5333
43.2167
47.1167
31.25
18.0667
24.3667
39.0333
36.8667
52.5833
26.4833
30.2167
49.5
61.1167
49.9667
44.3667
51.55
26.75
21.6833
16.7167
56.3667
24.1333
31.0167
41.0833
42.2833
29.55
37.9
29.2
17.6667
58.4833
37.7333
34.2167
30.0333
40.1333
30.4
44.9
46.4167
29.3833
35.4
39.6667
47.7833
31.2667
37.5
44.45
29.7167
31.4667
40.6833
26.6
32.1667
26.2167
28.6167
18.8667
37.5667
39.35
17.9333
45.0333
21.3
47.5333
16.1167
35.9167
51.7333
25.25
55.8833
53.05
41.3167
61.8167
19.2333
46.4333
25.8
47.0167
31.4333
31.5
43.6333
36.5667
43.85
41.7833
21.9833
42.3167
23.8167
61.6333
25.5667
27.4667
40.2167
35.6167
23.6
29.3333
29.1333
56.0333
39.3833
18.8833
34.1333
32.3333
26.3167
55.4
17.2167
32.75
53.05
58.1833
38.6
38.75
46.6833
30.3833
39.5
39
53.4833
43.0333
60.9
27.3
60.9667
42.3
42.5667
32.3333
31.1167
30.3333
48.2167
46.75
24.5333
27.3
49.8333
41.3833
30.7167
53.6667
19.5167
39.0167
41.0333
38.75
63.0333
52.2
21.7833
40.1667
18.7
58.2333
26.4167
46.7667
48.1333
37.9833
49.8167
31.35
33.85
31.4667
42.7667
64.6833
45.6
32.85
38.35
50.0833
51.1
17.7
41.65
58.8667
44.8333
42.35
48
46.3833
50.4833
27.65
47.9667
49.6667
31.05
40.1
47
57.9333
49.3333
47.8
27.4833
60.4667
45.25
22.2667
46.5833
26.55
58.8
74.2
39.75
30.1667
57.2833
19.2
51.1333
32.2
23.9333
35.5667
57.2833
43.45
53.0833
24.1
57.55
25.2667
52.85
51.7333
33.7333
32.2833
34.6833
31.3167
31.9333
21.75
34.55
35.4667
30.7333
23.4833
59.0167
17.5333
42.95
30.9833
23.2833
32.1167
22.8667
42.7167
26.2167
30.3333
30.1667
54.2833
64.6667
31.9167
46.7333
34.35
46.35
30.45
38.9
46.3833
37.6167
45.7667
26.4833
43.0167
37.5167
36.95
89.1
9.96667
34.75
36.7333
53.5167
25.3
68.5667
18.9667
46.95
18.6667
24.9
22.9833
32.3
46.7167
38.8167
34.2333
50.1167
42.6833
30.8333
23.0333
23.8333
23.9
28.4667
45.3167
47.7333
29.2
44.9667
23.4833
27.85
37.1833
53.9167
46.2167
35.4833
53.1167
39.9
32.8667
57.5833
51.0167
49.0667
44.3833
34.0167
47.05
42.3833
45.0167
45.4667
49.35
38.1667
54.4
49.1667
57.8833
37.4667
34.3333
40.1833
36.8167
46.3167
49.5
30.8833
53.95
21.8833
57.5833
31.9167
34.2667
38.1333
35.8333
30.2167
40.7333
59.8
51.9333
31.6667
45.0333
45.4
33.2
40.85
31.9167
32.3333
23.5333
47.6833
43.9833
67.5167
65.35
22.9333
32.05
39.9333
50.3
65
48.0833
37.6833
25.3
43
28.9333
26.1667
44.2667
45.2167
36.6333
44.6167
33.2833
31.25
15.6167
36.9333
27.8333
54.3667
35.65
16.85
32.2667
25.4667
44.5333
38.25
49.45
40.45
36.0667
38.6167
27.6667
37.9
31.5833
51.5333
34.7833
37.5833
56.2333
40.4667
42.25
39.95
47.7333
71.0833
10.7833
30.35
16.65
46.7667
38.7167
46.25
37.3833
25.75
44.6
30.6167
56.5333
38.6833
28.5167
43.9167
35.8
41.8167
48.8667
31.1167
37.3833
22.5667
28.5667
31.3
32.2667
25.0667
30.3667
49.5667
44.5
34.1
22.0333
25.1833
48.9
32.2333
25.15
22.7
54.4
30.2333
37.0333
36.8167
36.2333
45.7
48.6
26.9667
35.9
35.7333
39.9667
43.25
44.7667
26.8
49.7833
67.9
37
41.1833
39.25
52.8667
47.6167
45.3
32.1667
24.4167
24.9333
29.8667
23.55
61.55
35.4
37.5667
39.3833
46.1
32.7
29.2833
37.9
39.15
33.3667
55.4833
23.5167
52.25
32.7333
17.6667
40.4833
16.9333
47.5167
31.85
38.9667
32.6333
40.6333
33.0333
48.6
47.9667
52.5333
39.8667
35.2333
44.8833
31.0333
32.9667
49.5
44.8167
39.8667
53.95
25.55
38.5167
24.7833
39.2833
37.9667
50.6667
40.55
40.9
37.2667
50.55
29.1833
45.3833
50.9167
43.9833
26.95
33.2
47.0333
39.0333
40.0833
44.2
17.95
45.0333
46.6667
46.6333
55.0333
56.4167
55.7833
55.6
22.3
32.65
54
51.25
42.1667
18.0833
44.7333
39.0667
40.2
40.1833
34.65
49.5333
24.2167
22.3167
52.8333
35.9333
58.4
23.5833
32.75
32.6333
46.4833
25.2667
32.55
37.7
43.05
47.4833
54.9833
37.1333
36.2
29.05
43.3833
46.6333
53.6333
34.0333
31.5333
72.65
40.0167
38.75
45.0333
51.35
39.2
59.55
52.85
31.75
38.8167
31.3167
53.3
41.15
41.85
57.0167
31.4333
24.6667
42.4
28.2
56.1833
30.25
30.05
22.75
23.6
26.5833
41.8333
41.9667
37.6667
57.7333
35.25
61.2833
42.0333
32.4167
34.9667
35.2833
35.0833
39.7333
44.9
33.6167
46.8
44.15
32.8833
35.55
40.4
49.95
35.05
32.4833
33.0167
28.5
42.35
29.0333
37.6
44.4167
34.0333
35.6667
51.2167
14.9333
40.9667
55.6333
36.3167
47.9
37.2667
27.0167
32.45
18.9667
32.5333
27.9667
29.2667
26.9667
18.7667
26.8833
56.6
34.7667
42.95
17.7833
26.2167
38.1
26.8667
24.8833
37.55
35.8333
70.1
41.2
42.5667
33.1
45.15
49.25
32.8667
35.7
59.7
49.9833
42.2833
41.3667
40.9167
10.6167
64.3833
24.95
50.7333
61.8333
52.6167
17.6667
19.35
24.6167
36.2333
24.0667
18.2667
28.2333
20.4
27.15
19.5667
28.8667
22.7667
40.5667
40.1167
55.95
38.6167
23.6333
44.6
29.5333
38.45
28.95
23.0667
48.6667
31.9
22.6833
10.1333
54.3167
32.4
23.5667
34.1667
23
37.0667
58.25
50.55
18.8833
51.15
30.0333
38.7
39.6833
14.7167
36.2833
29.4333
47.4833
46.65
30.1167
35.5
43.1667
23.0833
29.4667
32.55
49.35
49.15
29.1167
15.9167
36.6167
21.75
38.0167
32.4333
31.45
28.6667
45.5
15.65
14.5667
22.1167
46.0667
14.4167
38.9167
29.35
56.1833
9.05
35.6667
42.3167
38.95
35.9833
47.3167
21.3333
61.2833
45.5667
31.1667
50
24.0167
14.7667
45.8167
28.9167
46.6833
60.2
27.85
50.5167
24.6333
50.4167
60.2
51.6
36.05
27.3333
28.4
41.1333
43.3667
26.8167
43.0833
35.5333
40.9833
34.5333
50.2833
33.35
30.35
17.65
23.3833
27.6833
36.3667
28.1333
29.75
25.2833
44.0333
48.3833
32.0167
45.0667
45.0167
56.2333
49.3667
40.3667
55.1167
46.2167
43.0833
51.6333
27.6833
30.4667
37.4167
54.35
23.6333
34.6
44.9
65.4
55.0167
37.9667
39.6667
30.1667
15.9667
36.5333
29.6333
37.5
25.6
53
54.7
45.2167
63.6333
45.15
33.1
57.3
34.2667
28.9167
23.9833
44.3333
35.2667
50.8333
38.4
43.45
45.5833
28
36.7667
33.2
23.6333
15.1667
23.8
55.9833
48.75
35.6833
29.25
25.9333
36.6167
37.0833
26.3
42.05
49.3
29.7833
23.7
28.8
52.0833
57.3667
51.6167
25.6333
45.15
37.4333
33.1333
16.3333
46.2333
56.9833
37.05
22.8
25.75
35.85
43.2167
46.2833
35.4167
31.0167
64.2833
48.9167
33.3667
54.4667
40.8
44.0833
23.3667
15.6667
32.5667
47.6667
55.0167
37.3167
35.9167
45.9667
52.8833
36.8667
49.8333
32.5
51.4
15.5
54.05
50.2667
37.2167
29.4333
39.4833
27.4
27.0333
30.8333
30
47.9833
36.5
40.6167
28.4333
36.35
15.5667
37.7333
58.65
34.1333
16.0167
32
48.95
43.0667
25.8833
44.3833
50.6167
43.9667
40.7667
50.1
32.4667
25.8167
43.3667
18.1167
40.05
46.6667
39.7
38.8
33.8667
30.7667
38.4
39.1167
9.03333
48.3667
39.3833
54.2667
28.55
29.0667
24.7667
48.8
51.8333
34.15
38.2333
38.0833
68.9167
43.45
39.05
53.8667
9.56667
16.05
35.4167
44.5667
32.3667
46.4333
58.2
39.4333
23.5333
53.6333
36.4
60.9167
64.05
32
62
34.8
52.8333
48.7667
31.7667
52.55
49.6167
25.05
56.2333
24.2667
56.1833
63.0333
38.9167
38.7
31.7
39.4
39.5333
32.45
52.2833
31.2
55.0833
47.15
29.7833
42.9667
23.6833
14.95
48.75
30.8833
43.9167
32.7167
40.8167
43.25
37.3
49.2333
59.3667
33.5167
52.1833
24.75
38.9333
8.88333
29.7167
58.55
39.3167
46.4667
33.4
24.35
24.8667
50.6
28.3167
38.8667
42.6
37.6667
50.2667
24.6667
32.0833
38.7833
39.7667
21.2167
37.6833
34.8833
26.5667
78.4833
38.0833
52.95
35
64.25
29.2
55.2667
32.4833
50.7333
30.5167
35.0833
51.2
44.9167
50.0833
42.6667
8.65
45.7667
55.5333
41.4
24.0333
24.3167
43.9
26.1333
39.95
37.1333
27.4
14.6167
30.8167
48.75
31.1
38.4333
41.0333
23
22.0333
44.2833
30.65
34.2833
15.7333
43.2333
53.55
57.2
44
31.2333
28.7
15.8167
44.5667
45.4
43.75
49.8667
17.7333
37.65
36.25
31
26.1667
16.1167
41.8833
34.3833
49.7667
29.6
46.0833
29.8
53.0333
41.0333
57.4333
42.5833
48.4
34.4167
37.4167
23.1167
37.7833
38.8
36.8833
28.3333
43.65
31.9333
25.2833
33.95
21.8833
55.0667
38.0833
25.9667
22.15
39.5667
29.85
21.9833
54.1
42.5667
37.75
31.9667
40.7167
30.4833
42.3833
59.9167
38.6167
20.3667
29.0833
36.9333
46.0833
35.5
47.6667
44.0167
53.75
30.3
21.2
40.4
22.9167
40.4333
40.8667
8.65
62.15
33.6833
31.6667
56.4833
30.7833
33.35
17.2333
51.2333
44.8833
30.25
44.5167
50.3167
11.85
30.3167
17.15
23.75
37.6333
44.9
41.0833
25.4667
26.9667
39.8333
47.35
40.3
43.4333
50.2167
8.65
34.2667
30.0833
35.9333
28.5833
16.9333
32.95
41.5333
45.5667
30.4333
41.9167
57.6667
17.6833
50.9167
54.25
46.0167
44.5667
32.3167
35.0833
52.05
30.3667
57.15
42.9667
23.1
46.7
51.3167
30.4
43.8333
35.55
48.8833
36.2333
31.0333
38.2667
49
50.25
30.1667
46.65
16.6
23.2167
40.5333
57.1667
23.1333
53.15
29.0667
23.2833
19.05
53.1333
44.4
35.55
57.5667
54.9167
24.8167
21.45
26.75
50.95
34.2333
37.25
52.95
37.95
30.6167
29.8333
33.1333
39.95
48.1667
44.3
44.1333
61.8
49.15
40.6833
42.7667
34.45
36.65
58.4333
39.1
40.2667
41.1833
40.1833
28.55
23.8167
57.3167
41.6
40.6167
47.2333
39.35
32.2167
41.3333
60.3167
37.3667
15.9833
37.8
49.4
49.7833
35.7167
50.6667
30.4833
44.9167
22.3667
27.8667
40.05
37.2
48.7333
42.6667
26.1667
27.1167
31.7333
26.8
38.4333
24.7833
46.6
28.8333
25.2833
23.8
37.5833
27.5833
30.4667
25.2667
27.65
48.9833
23.1167
41.5833
42.25
36.9
50.35
36.6
31
44.6667
60.4667
35.25
21.35
48.1333
39.7333
46.85
51.7833
59.45
70.9333
35.9333
43.5833
30.3667
26.1333
29.5667
31.95
29.3167
38.1167
36.1667
38.8
42.1167
44.05
60.2333
60.3167
43.4167
50.55
39.6
38.1833
37.0333
26.2333
34.1
45.6333
16.95
29.6
45.3
21.9167
49.2333
37.4667
64.9167
41.5667
31.1333
52.7333
28.4333
36.6833
48.75
42.8333
22.75
26.3
36.8
36.9
32.2333
61.4167
38.9
59.7833
37.8
34.7167
29.6167
39.1333
35.1333
38.9
42.1333
24.6667
43.7333
32.95
43.4833
37.4333
42.75
36.2333
48.5667
16.3333
37.7333
62.8
40.9167
38.5333
22.8833
47.4167
36.75
36.4167
39.8
39.0833
21.65
57.2667
48.45
59.4167
35.5833
17.6
31.5167
40.7167
44.3333
34.7833
22.2167
41.1167
31.5167
30.0833
53.35
40.0667
33.2833
43
47.4667
63.75
52.75
31.1333
24.7667
39.7
32.3
30.7333
23.1333
58.0167
41.6333
28.5833
58.25
38.7333
41.85
33.3167
47.5167
31.2167
44.6667
16.3833
44.5667
32.3833
24.0833
39.1333
37
37.55
10.9333
52.3667
42.7333
28.4833
36.6667
44.55
39.6333
24.9833
33.9833
27.7
39.8
48.7
38.3333
40.7167
35.95
57.6167
42.3667
48.7667
43.45
37.8167
45.2667
57.4333
23.7333
36.3
37.4
30.65
44.0167
52.3667
54.9833
22.2167
41.9
56.4167
50.1667
30.6833
15.8333
34.5333
33.7
39.4333
37
35.1833
22.4833
37.15
33.9333
49.5333
36.7833
34.1833
44.1167
50.9
30.65
44.5667
26.8
37.45
48.7667
42.2167
29.6333
24.4
35.85
48.85
35.3
48.5667
27.6167
53.05
27.1667
30.5833
23.3667
40.65
38.15
12.0333
30.25
25.0667
49.7167
29.75
55.25
30.7667
21.3167
47.2167
24.6167
22.1
28.1167
44.1
29.0833
35.8667
24.5
22.85
29.3667
49.0167
39.95
24.5833
26.0833
40.0833
48.6167
33.0333
23.3333
29.5833
63.5667
24.3833
15.3
37.0667
36.5667
36.9
31.8333
23.3
29.5167
38.9833
34.6667
33.9833
24.7333
38.7333
34.5167
37.3333
24.2333
31.4667
41.4667
34.5833
35.7667
55.3833
35.7333
22.85
33.1333
41.15
59.3
38.2667
57.5333
24.2167
8.93333
31.9333
25.4167
27.65
22.2167
17.5667
57.65
20.8
14.7
47.35
35.5167
47.6167
29.9
50.5833
35.1167
16.0333
33.9667
41.9667
38.1
25.9333
47.0167
35.0333
31.4833
25.1
45.3667
17.4833
50.9667
32.1667
31.8167
43.4167
40.5667
22.4
58.9167
62.9667
45.0167
40.8
33.7
43.9667
21.6333
35.9167
23.6833
35.8667
46.4833
52.75
33.0167
33.7
28.7167
63.9667
46.8333
28.5167
32
23.0167
38.55
35.0333
55.2
36.8
43.7167
25.6167
8.71667
30.0667
24.4
48.7167
37.7833
31.6333
47.55
46.2833
34.85
51.2833
32.45
29.5167
39.3667
37.15
25.25
39.9667
27.2
30.45
27.5833
15.9667
31.95
35.15
69.5667
35.7833
30.9167
39.0833
36.25
45.3
40.0167
46.65
21.8333
43.1833
16.4
51.5667
34.4167
45.7167
16.6333
54.7
25.8333
38.3333
23.2833
18.4
29.35
26.6667
40.8
24.4333
25.2167
23.35
45.8
29.1167
49.1833
47.65
55.05
30.3
24.5667
37.4667
45.75
38.15
45.3833
30.3667
36.3167
17.8167
37.95
27.4
38.85
42.7667
36.9333
29.25
36.7333
36.9333
35.1333
36.5333
37.6167
45.4167
27.6833
53.35
26.4667
54.7667
28.5167
52.4
41.8333
36.45
48.3333
45.4333
24.8167
34.7167
24.05
23.35
43.3333
53.4333
26.9667
42.8
55.0833
36.65
31.0167
33.9333
51.85
61.2667
37.9667
35.45
24.95
52.5
50.4833
29.4
24.7833
29.05
39.05
30.8833
62.6333
47.05
42.5833
30.2833
27.2
30.5
25.0167
47
45
17.7167
36.7
28.6667
26.4833
33.4833
44.15
64.1
59.0333
16.7167
34.3667
49.1333
32.65
48.7
32.85
64.95
37.0333
43.7667
29.6333
35.85
32.1333
17.6167
23.5833
55.7333
29.2667
33.3167
47.7333
15.8667
36.9
34.1667
47.6167
20.8
34.2333
43.7833
37.3833
29.2167
40.2167
25.3333
36.95
42.0167
41.6667
21.45
36.4167
44.8167
36.1667
40.7
39.5333
32.8667
19.3833
33.9333
35.15
48.2833
50.3
28.6833
33.6667
43.75
29.85
18.1333
35.9833
56.0833
54.9
35.6667
29.6167
26.5667
30.9667
31.3333
52.8333
24.2833
28.2833
44.8333
43.3833
7.83333
51.1333
17.4667
52.4
16.7
38.4167
28.4167
53.3
29.4167
52.8667
45.3667
50.05
30.9
43
28.3833
35.9333
19.2667
17.4
36.0167
52.6
23.9
28.7667
19.5667
34.5667
52.7667
49.3333
24.6833
30.6167
27.0167
29.7667
43.1167
41.5333
36.1
29.5333
31.0333
39.4667
26.7833
31.3333
54.7833
23.1333
26.6833
31.5667
36.0167
34.4333
39.9833
44.75
36.4
54.4667
44.9667
25.5667
17.0667
35.2667
28.15
43.2333
41.5333
37.1833
33.05
36.05
42.8833
24.25
68.4667
36.1333
39.4833
55.6167
42.2
42.7167
16.2667
53.7667
54.5667
49.4
18.3333
27.6
10.35
36.35
50.7333
35.9333
29.7833
44.1167
64.4167
17.55
45.45
44.1833
46.2333
23.85
37.7
29.0667
8.76667
24.55
63.3
49.3667
60.1667
62.6
26.9667
45.1667
51.1333
35.6667
31.7
53.0167
23.15
50.2333
30.9
37.45
43.0333
42.9
44.6833
93.4167
35.7
51.2333
41.2167
16.3167
47.9333
17.5667
23.9167
43.1833
38.1833
51.45
64.6667
38.4833
22.7
40.0167
35.2333
35.05
42.6667
40.2167
30.7833
39.25
54.4167
63.7667
40.2167
24.05
44.6333
67.2833
48.95
40.85
49.1167
43.5333
51.0667
34.6
44.85
50.6833
22.3833
34.5667
21.1833
29.7
47.0833
53.55
14.5333
32.75
41.8833
17.8333
54.1333
51.2667
10.0667
54.8833
29.6667
31.6667
39.0333
30.2667
31.7833
45.1
62.2167
41.5667
50.0333
44.2
37.5
34.6
23.7333
57.0833
43.9
36.6833
33.6667
29.9833
43.15
49.2167
17.2
47.1
53.3833
27.0333
29.6333
47.5
16.7667
25.0333
49.5167
73.3833
37.9167
21.6167
36.6667
59.7
30.55
43
65.9667
43.85
40.2
46.3667
23.3667
38.2333
52.75
49.9667
22.4833
34.4
42.8833
63.8667
42.0833
36.7
47.0167
34.9833
37.2333
58.6667
37.9833
33.6833
37.4
29.0167
50.55
28.2167
25.5667
59.25
18
35.5167
30.2667
54.7333
56.5833
28.9
45.5833
36.9667
42.7167
52.1333
42.8
45.1333
42.8167
44.2
40.3833
34.3
43.9333
26.9167
27.8333
23.5833
27.9833
31.2
26.8833
38.9333
52.5167
26.2667
42.25
17.0333
41.4833
49.7333
56.3
24.0833
52.2167
48.4
43.5333
36.75
40.1333
31.3
42.9667
46.75
31.3333
8.68333
22.6833
40.5667
30.6667
16.3167
54.5
30.2
46.2667
23.1667
46.4167
42
50.8667
39.1667
36.7167
34.2167
53.85
39.6333
35
36.9
40.9167
42.35
28.2167
43.6167
25.3833
26.6333
25.85
38.8167
57.05
9.63333
39.1333
34.1333
32.8167
37.1333
30.25
32.0667
30.0167
55.5333
24.55
28.1333
24.1833
18.1167
31.7833
9.58333
36.2667
44.05
30.5167
26.6
38
25.6
39.4667
26.1167
59.1333
52.9167
9.13333
29.9167
43
20
24.85
28.6167
42.8333
22.8667
42.1833
23.75
34.5833
31.8667
39.8
32.75
42.05
50.8
30.9667
39.0167
39.9833
31.0667
34.95
43
48.6333
29.7833
50.65
23.85
41.0333
24.0667
39.1
28.7167
29.85
54.7167
39
43.7167
41.2167
44.9833
43.7167
32.3167
39.05
55.75
34.8333
39.6333
45.9833
30.7833
25.4333
26.6
59.5667
38.9667
51.8167
34.8833
30.3167
50.0833
40.5833
28.5167
53.6333
33.8833
52.95
20.55
45.3
40.1667
34
36.0333
39.2
31.6667
42.75
16.7667
24.8333
32.0667
29.9833
46
43.4167
54.4833
42.5167
33.3333
37.3667
27.35
56.0333
40.9833
44.65
37.5833
27.9833
56.8
77.9667
30.25
40.8167
38.2
21.7833
16.5
36.1
23.1
43.1333
58
30.95
17.8667
34.4
56.0333
24.3167
36.2667
60.9833
36.7
56.75
40.9
58.1833
47.15
29.5667
42.5
52
23.9167
40.8833
23.4667
46.3
38.7167
16.9667
44.05
53.6167
55.1
41.7
40.8667
52.1167
47.4833
43.3667
17.8833
36.7667
49.1333
48.4
30.0833
48.2833
38.2667
39.9
37.75
42.4667
39
54.8333
35.5
30.7333
24.0667
16.4667
39.8667
35.9167
8.86667
41.85
38.8
31.4167
23.9
51.8833
62.5
73.6833
42.95
47.8167
16.5833
39.1167
24.25
32.7167
43.45
69.7167
23.4667
39.35
44.2333
54.2667
39.8667
32.05
36.3333
40.2667
57.8
32.0667
46.6833
49.0167
37.7333
24.4333
46.3833
34.5667
30.6667
42.2167
36.4667
35.95
31
40.5
16.1333
38.0167
26.0167
45.0333
38.5167
43.0667
25.25
37.3667
44.85
31.6
43.15
43.6167
33.6667
42.9167
15.3
44.6667
54.0333
25.1833
25.0833
45.5833
38.65
53.7
29.8
42.85
39.2167
32.1667
42.7333
40.1
53.4333
44.6833
49.2667
31.8167
66.05
37.95
23.9833
42
24.8333
29.8167
53.65
42.8667
33.3333
30.35
32.1167
22.3167
29.15
18.9
39.7667
84.85
30.6833
35.0833
30.2333
25.0833
37.7167
54.3667
34.65
56.6167
64.4333
31.3667
29.5167
17.8333
27.9167
27.5167
25.7833
43.5833
34.1833
23.8167
20
47.2167
36.9
42.3333
8.66667
51.7667
38.9667
23.5667
30.1167
29.2833
22.9833
48.2333
41.7333
23.0167
42.8167
36.0833
42
29.25
57.95
28.65
22.65
40.0833
35.3
52.9333
28.2667
42
34.4167
31.5333
82.5167
47.0667
41.0667
29
46.6667
29.9333
25.6667
41.4
50.9333
48.5167
26.2667
33.05
53.5333
18.3833
50.0667
53.7667
38.0833
25.5
44.2667
55.4167
45.7333
37.7167
53.3167
43.1833
32.95
26.5167
35.4333
31.55
38.05
38.3333
37.9833
54.0833
43.1333
35.3667
35.8167
34.9167
48.6167
31.2667
39.4333
29.8333
35.7833
45.3167
30.5667
31.1167
21.5333
43.7833
45.7167
9.3
42.2667
36.4333
43.5167
44.9
36.8
29.25
39.6333
34.8833
20.5
29.25
28.7833
32.1
32.95
63.6333
28.9
29.9833
28.95
41.65
45.0667
48.7167
31.85
36.3333
18.2833
33.55
35.4667
53.8
61.1833
29.6
64.3333
44.15
44.8333
37.8167
35.5833
67.4833
34.95
48.8167
24.3333
40.6
21.3833
31.9167
18.7667
43.8833
55.05
26.3167
35.3667
38.15
18.45
38.5667
35.8
17.3833
51.3833
54.4667
64.1667
31
37.8667
48.0333
39.8333
25.95
25.7
35.9167
54.2833
40.9333
46.5833
46.5167
28.4167
37.2333
36.2833
25.3833
37
52.8667
56.9333
15.95
29.8667
37.1833
44.25
25.2833
28.6833
50.8667
49.95
44.35
25.0667
38.3167
38.5333
29.6833
35.8667
39.7667
28.25
38.75
46.85
37.6667
40.3833
23.5333
39.2833
30.8
40.5
41.8
24.9667
26.45
34.4
39.5667
18.5833
41.4
21.9833
40.3
44.3333
32.2833
25.1333
32.3
25.2
29.3333
58.6
29.8333
31.1167
29.5333
37.7833
35.1
36.1667
29.5
37.2
30.0167
41.4833
19.0667
33.6833
48.8167
39.7167
18.4
58.5167
53.15
29
24.75
69.7
37.0333
53.05
30.35
29.0333
18.8333
17.8167
58.4333
44.0667
40.0833
31.4833
30.4667
25.6667
40.4833
37.35
56.4
15.8333
50.4167
62.9
17.4667
29
28.2167
43.9
28.9333
30.4
17.9333
17.15
44.5333
55.4
39.85
31.9667
28.0667
47.05
41.95
23.6667
21.0833
52.3167
59.0667
64.0667
15.7667
22.7833
37.9
40.2
28.3167
50.4333
35.0167
28.8
40.85
39.4
33.9167
26.5333
23.5667
27.1167
16.65
53.35
43.7333
34.7667
9.35
22.6667
30.1
43.1833
32.1333
32.95
47.4333
48.1667
40.5667
29.25
52.15
30.1167
43.5167
40.7
29.65
50.3833
57.5
34.0333
17.5667
24.85
24.9
24.9167
43.95
38.0667
36.3833
50.9667
29.0167
27.55
61.9
31.0833
29.9167
31.65
54.0167
37.1667
31.0167
41.1833
53.7833
44.2333
51.85
16.45
40.8833
51.15
30.9167
34.05
51.9
25.5333
60
28.4833
54.6667
37.3
22.7
33.6
48.2833
46.4167
47.4833
34.9
44.8167
36.65
27.3333
38
34.2667
52.9667
46.0667
32.8667
22
55.7333
30.7833
24.3333
33.3
23.4833
35.4
42.2333
44.25
52.8667
22.2
30.3833
24.3333
33.0833
30.6167
47.7833
22.55
40.8167
33.9167
37.5167
43.2167
24.1667
19.1833
31.2167
36.1167
45.8833
16.0333
44.7333
54.3833
31.3
72.4
27.1333
41.65
29.5333
44.05
37.4667
52.1167
21.5833
43.9667
37.7833
43.2333
32.6
33.4
35.7167
28.7
27.05
52.95
37.0833
51.0667
48.5
38.1333
33.4833
54.1167
36.1667
17.7833
21.0167
36.9
63.0833
45.0833
40.4667
48.9
38.3167
43.3667
26.5
36.4167
42.2167
37.95
28.15
28.8333
29.3833
44.9
29.8333
47.15
30.2333
60.6333
34.3
24.3167
39.4167
37.35
30.3833
24.5167
38.85
25.9167
56.5167
28.5833
21.9667
33.3333
23.05
46.5
33.9
54.0167
34.7667
47.8167
34.9167
38.2667
24.9
22.4833
23.15
17.45
32.35
39.2667
45.65
47.0667
53.1167
24.0833
42.25
34.6333
34.5167
43.15
33.4833
47.4833
39
33.25
34.3333
34.9833
35.9
31.5167
29.3
33.4
36.0167
47.65
37.6167
51.2167
26.4
33.0667
38.75
38.7833
49.1
34.5833
68.8333
33.8833
35.5167
16.3833
22.9167
37.15
32.3833
34.9167
38.7667
22.1167
41.2667
40.1333
44.3
27.6667
33.4
43.5667
58.6
33
35.6167
41.0833
59.4833
32.45
25.1333
21.2833
36.0833
16.1333
47.8167
52.5333
28.1333
17.9667
39.7333
40
23.85
42.5
60.3167
23.1833
28.45
27.5333
29.3
51.8167
42.4833
45.9833
30.5167
27.45
42.4333
52.15
39.95
28.65
21.4
52.6333
23.35
28.2
32.2333
32.6667
37.4
37.9333
24.0833
24.5167
41.2167
53.4667
45.4333
36.1833
36.6333
46.8
48.8333
37.8667
40.95
23.0667
47.4333
40.0667
38.45
43.0667
25.3833
59.2667
43.25
28.3333
28.6833
18.1
37.4333
24.0333
45.35
56.7333
41.1667
28.1
37.45
42.9333
53.9333
32.35
49.8833
36.1667
29.9833
35.45
26.3167
30.9167
40.5333
55.7
43.3667
50.7333
28.8667
32.0667
40.2167
38.6333
32.1833
18.7833
23.35
23.4333
45.3
28.75
37.5833
48.15
21.7833
32.9
45
29.3
60.9333
44.25
32
43.8667
31.65
49.1333
26.8333
23.1333
43.6667
27.0167
37.4667
47.65
42.0667
21.5667
25.2833
24.3667
29.85
37
56.75
36.9167
49.4167
28.85
41.3833
37.5667
50.3
50.6333
43.45
42.5667
36.9167
35.9
25.8
37.1
36.2167
17
33.75
28.95
33.3167
24.2333
46.5833
39.6667
36.9667
37.2667
51.75
29.5333
32.9667
52.2167
61.8667
32.4
72.6667
23.5333
36.1
45.7333
28.05
22.3833
35.85
36.15
44.0833
54.8167
29.65
44.8833
28.3
48.1667
20.8667
16.9333
23.0333
35.75
40.15
38.35
55.4
36.6833
56.3
33.5833
49.4167
34.0833
32.6667
27.15
45.2
44.5667
38.15
14.1
43.5333
35.7167
36.5833
52.2
35.2333
54.7
35.3333
11.3
41.7667
37.1167
27.0333
36.4167
50.05
42.7667
53.55
35.1667
47.9667
31.2833
24.9833
80.2667
30.7667
47.5167
57.9167
40.1
38.3333
53.5167
31.9333
23.65
43.45
36.8667
37.4333
40.4
46.5167
31.8667
44.05
36.1667
54.45
14.1667
40.8667
44.3333
36.2833
36.8
19.3833
40.3
37.6
21.6833
28.4167
42.9333
31.95
33.1667
51.5
100.417
23.9
42.45
42.95
44.2167
49.0333
27.0833
44.0333
50.7
32.9
32.7833
50.5667
30.4
44.6667
47.0333
52.3833
35.95
36.3
62.1667
50.4833
39.3833
40.55
33.15
22.5833
38.1167
47.9
36.6333
21.4667
34.4167
30.3667
46.8833
34.15
34.1333
11.6
28.8667
56.8667
43.4333
40.85
15.3167
18.5167
22.4667
55.9
37.3333
35.15
43.75
30.4667
41.15
28.6667
32.7167
40.9333
33.15
29.95
45.4333
38.0167
72.2667
29.7167
10.1
27.25
41.7333
30.4333
48.35
42.2167
30.1333
35.9833
58.95
60.0833
10.4833
48.8
24.6
28.0167
29.45
43.7167
39.9333
38.85
39.25
41.6667
32.45
51.55
32.55
22.7333
45.4
53.1667
33.3
45.3167
30.7833
23.5167
63.2
40.5
45.3167
52.5833
22.4167
38.2
19.15
53.1
34.8667
40.65
27.0333
31.75
23.0333
49.1
42.6833
27.25
29.3
26.0833
17.1
38.15
53.2
49.6833
35.1667
46.2167
38.4667
43.1833
23.8333
34.4833
24.4
34.25
21.25
37.75
19
59.4333
42.8667
40.3
43.1667
18.6333
39.3167
39.9167
36.6167
27.5167
34.4333
23.55
23.45
29.1
52.9667
36.4167
44.5
51.35
19.4167
54.3333
28.4
21.8333
49.8167
28.5833
60.7333
37
54.15
28.3333
22.9833
25.8833
25.0667
34.3333
33.65
31.1667
36.7167
31.2167
41.2333
44.0833
17.9667
50.35
19.0667
30.8
22.5167
30.5333
26.6833
38.2167
63.3667
17.45
32.45
38.6833
39.0333
27.3833
47.4667
26.65
39.4
41.3667
56.7167
28.7
31.6
50.8333
43.6833
36.8667
39.3667
27.65
33.0333
32.6333
34.5167
35.3667
48.3833
29.0667
33.1667
28.9333
33.8167
38.4
35.65
51.9167
61.3167
16.4167
25.35
55.7667
49.0667
34.9
27.4833
30.3833
22.9167
43.0833
50.6
35.1333
24.1167
32.5167
26.1667
41.4333
43.7667
23.3167
44.1667
42.0667
37.4833
30.0333
57.9167
59.95
35.8167
31.0667
28.6167
15.2667
47.1333
45.25
29.9833
39.6
38.9667
41.4833
26.9667
63.05
21.7833
23.5333
35.8167
52.15
31.9667
23.6333
47.5
29.2333
28.3167
38.05
29.6333
45.6667
37.9333
30.8333
35.2333
35.7833
30.9667
25.1
17.35
41.4833
28.7833
43.05
44.6667
38.05
47.9333
44.8667
38.7167
40.1333
28.65
44.6167
27.0667
39.6667
37.3333
38.2667
51.5167
36.8
30.2167
22
24.7
36.6167
21.8167
50.4333
23.3333
25.2833
22.7167
64.1333
30.1667
25.35
29.2333
50.3333
21.7667
37.3667
29.7333
50.2
44.15
11.6833
21.75
29.4833
31.7167
37.9
33.1333
36.65
41.75
28.85
49.15
21.75
65.1667
32.1667
23.4833
27.9333
29.2
46.9167
56.9333
47.4667
41.0667
35.3
52.5667
57.95
47.7833
34.25
40.9
17.0667
30.1167
33.3
29.3667
43.95
41.4667
34.4667
54.45
29.6
46.1
47.0167
50.9667
32.9
21.7667
35.4
31.0833
29.9333
22.9167
37.1333
28.85
50.2333
19.85
39.9333
56.3833
37.1167
40.1167
31
48.7667
40.3167
43.1667
33.4
31.0667
34.2
44.7833
26.95
42.9833
38.7
36.15
24.2833
61.6833
27.7667
34.9833
37.3667
35.4667
30.4167
23.3
35.6833
30.4333
37.65
40.5667
44.3667
40.4333
31.9167
54.3833
37.3167
41.1833
52.6
23.3333
22.9167
22.5
37.9167
35.1167
22.4
46.9333
43.2167
37.4667
34.1833
44.8167
40.5167
69.65
40.6333
31.4667
40.8667
33.6667
38.9
44.65
49.8667
30.5667
40.7667
39.7333
41.4833
53
63.0333
55.4
29.4
22.2333
35.6167
28.6333
31.3833
42.9833
41.7333
43.0333
38.9833
18.4833
26.1833
30.6833
41.1333
55.3833
36.3833
46.6667
28.6167
35.2
27.6167
37.4667
45.2667
30.65
50.1
21.6833
25.1667
29.0833
19.95
36.4833
17.05
29.3833
31.5333
31.8667
45.3333
48.3333
29.9833
29.9333
30.4
15.9667
64.9833
34.3667
69.4667
46.8833
37.6833
22.4667
32.0333
29.6333
37.1
39.6167
24.05
37.3167
15.65
47.7
24.1833
39.05
31.8667
23.9167
57.7167
37.5333
46.4
37.4
40.45
32.2333
33.65
52.1667
56.5
26.7333
15.2
16.5
35.8167
34.0667
28.7
54.3167
39.6667
17.9
23.6167
76.7833
31.3333
22.3667
50.85
31.1167
38.4167
39.1167
23.6
28.9833
31.3833
22.2833
23.4
39.7333
60.5667
24.4667
39.9833
26.7667
40.7167
52.6333
38.7833
46.1667
36.9667
40.2
38.2667
23.4833
31.7167
16.05
49.45
22.6333
32.2333
25.0833
22.6833
34.5667
37.2333
47.5667
46.7
43.5
67.9333
26.8
45.4333
22.65
10.5667
39.45
18.6333
45.4167
48.4
41.95
37.1333
33.2167
39.7333
42.0167
57.9667
16.9667
23.1333
64.0667
31.6167
42.8167
51.7333
43.2333
23.0833
22.5333
15.5
33.55
42.1833
51.2333
49.9
29.5333
76.55
33.9167
39.8
65.15
49.4
44.85
43.4333
38.3833
68.7667
35.4833
29.3833
36.0833
53.1333
29.7833
35.35
48.1
35.7
23.2333
35.8667
45.4167
36.05
41.3167
35.7167
32.2667
47.1
40.6
30.0667
41.9
57.4833
33.8167
16.1
29.8833
29.6667
28.2167
15.75
46.25
42.65
23.85
21.9667
30.1833
53.5833
47
65.2
49.1167
30.65
23.8833
31.8333
51.3167
20.7
40.3167
35.1167
37.6
42.55
65.7667
44.2667
50.5833
37.6167
44.2667
16.6167
41.0167
24.8
23.85
22.25
40.6333
16.85
31.0667
39.0667
33.0167
33.7
18.4
35.0833
27.3167
55.5667
17.25
22.0833
32.65
38.5167
36.45
27.4333
28.5667
33.1333
37.25
14.6333
30.4833
11.6
16.4167
41.4833
44.1167
63.0667
22.7
34.3667
57.2333
47.9
39.9
53.2167
22.8167
34.4167
37.0167
45.5167
53.2
57.85
45.5167
29.2167
29.1
40.4833
48.5167
40.9
35.4333
29.3167
50.8333
68.2667
25.55
18.55
44.0167
38.3667
10.9
54.25
25.5333
36.5167
37.1667
33.5667
31.3833
39.4333
52.2833
19.5
69.3333
42.85
43.4833
49.7833
30.1
46.2167
33.95
21.5667
42.3167
24.3667
34.1
37.4
21.1333
24.3833
31.9833
43.3667
35.5167
50.5167
22.4667
42.3333
28.65
18.55
36.8833
29.2833
39.6667
55.05
29.3
18.75
47.0667
37.15
46.2667
22.2
51.7
43.9667
48.25
51.3
51.1833
56
40.4167
30.9667
29.65
24.3167
22.9667
26.5667
37.1
42.2667
38.95
44.7667
23.5167
46.25
20.9333
31.2333
42.5
32.7667
30.1833
49.5667
42.3167
32.5667
28.8
48.2
46.8
23.2167
33.85
30.55
50.9167
36.1
47.1167
26.8667
47.4
47.8167
41.5
63.2667
28.9
23.0167
35.9167
36.6333
39.85
40.15
48.8333
30.2
38.8167
47.2667
29.4667
19.0167
16.3
23.9167
42.8667
48.6167
55.45
35.7
36.3667
43.4333
39.3333
34.15
28.8
23.0667
25.4333
24.5167
44.0167
60.3167
23.6333
24.8833
30.2667
62.5167
46.2
36.25
51.7833
30.8
49.3333
31.2
40.3833
58.9833
43.8833
34.25
31.15
23.1833
44.7167
67.3667
24.8167
48.75
62.05
45.7667
17.9167
26.9167
31
32.5
28.3167
35.3667
54.9
35.4667
54.9333
52.6833
24.8333
21.7667
30.2
43.3667
27.8167
30.1667
39.9667
22.1833
41.5833
34.8833
32.9167
35.6667
40.1833
24.5667
33.7833
18.4333
41.2333
42.5
41.15
41.9
46.75
47.5667
52.15
30.5333
58.6333
40.0167
36.4333
21.7
25.4
15.9333
29.8667
28.2833
36.6
50.2333
22.5167
23.4667
28.9833
33.35
39.1
45.7167
31.2667
34.2333
35.8
26.5
37.1833
22.2667
30.1167
28.6
23.0667
25.2333
24.1333
32.35
28.7333
45.3
44.85
42.1167
36.5833
39.4
33.3167
32.6667
27.9
33.5667
31.3
29.7333
54.5167
11.85
33.5333
49.7
64.1333
37.7333
42.75
31.7
19.1667
45.9833
45.3167
32.0667
36.7833
49
44.8
34.75
22.6167
37.5833
55.0167
54.3
22.5
33.2667
46.2
63.2333
43.9
24.2833
24.75
16.7
30.1667
42.4333
42.8333
27.1667
36.3333
24.1167
50.55
44.7167
29.4833
40.2333
48.6667
29.8833
49.3
37.2333
25.75
23.9667
31.9833
37.55
49.8333
30.5167
43.7
22.9667
56.3
26.2
34.1833
36.7333
44.15
30.7667
75.15
39.1
10.7833
46.4833
47.2833
38.2833
30.9667
41.6167
30.7
29.7333
53.55
41.2
36.6333
47.25
28.3
37.1167
18.4
45.8333
57.25
33.2667
48.8
33.7833
35.9667
49.0833
32.1
31.1667
32.95
76.4667
54.05
46.6167
28.9
43.9333
47.3167
60.15
29.6333
35.7667
40.3667
21.4167
37.7833
27.3667
27.5833
31.8833
30.8833
42.9333
33.2167
46.75
22.9833
22.2333
40.05
30.2
44.4333
41.2667
23.3
39.1167
28.0667
24.3333
43.55
36.3333
29.8833
34.9167
49.95
50.6167
51.8167
22.8667
46.0333
35.5
17.3333
27.7333
49.7167
9.31667
20.8333
59.0667
40.75
41.9167
23.5333
46.4333
44.25
30.9667
43.5
41.8833
38.5
52.35
28.6333
29.5
48.8833
50.2167
44.0667
9.28333
30.8333
29.85
23.8167
33.2667
22
25.4333
28.3833
23.2667
27.6
40.55
21.0167
38.5833
34.8833
55.2333
38.7667
29.75
35.5667
22.6333
53.4833
24.4167
35.3167
38.5
45.0167
39.2333
21.1333
39.2833
41.3333
17.7833
34.4833
17.15
52.35
39.8333
21.2167
41.7667
42.9167
46.85
43.4333
56.6167
59.15
35
43.45
33.5667
47.9
57.8
23.8167
41.85
56.7833
30.1833
57.9
39.9833
50.6167
33.5833
44.3833
42.6
37.0833
23.7667
48.7333
25.7833
30.5
50.0667
16.2333
48.8
47.4667
48.4333
52.8833
51.3167
45.65
34.6333
34.4667
29.35
23.75
36.3
29.5333
35.9
34.5167
50.65
39.85
25.6667
29.0333
36.35
44.05
24.3667
21.0333
32.0167
37.9333
40
36.2333
29.6
38.2667
23.6333
41.0167
38.3167
36.45
51.4
39.1167
34.0167
64.0667
30.8333
21.3833
46.1333
31.5833
29.1333
27.65
29.4333
62.8667
31.0167
41.1
30.75
40.3
38.4
23.05
33.95
51.4333
33.9167
37.2
38.0167
23.7
30.4667
41.3667
41.6833
31.35
27.3
28.9333
31.6333
45.1667
21.9
57.1667
24.25
18.2667
66.75
31.45
39.1
39.6667
49.7833
41.6333
24.8
44.8
30.5333
30.5667
16.1833
40.3667
22.3833
40.5833
28.85
22.9667
43.2833
30.1667
54.8833
61.4333
41.0833
39.4
24.25
59.9667
44.1667
43.3
30.5333
31.5
24.8
29.8667
52.2167
42.25
35.6333
30.8667
37.9667
39.2833
28.3833
36.8
35.75
25.4333
17.8167
35.1167
21.5333
36.6333
22.1333
52.0667
42.85
45.6333
43.9333
47.6833
33.5667
50.9667
49.0833
23.75
36.2667
56.7167
53.35
42.65
18.95
35.95
54.25
44.8
19.85
34.3333
17.95
31.35
35.3667
21.85
44.4667
24.0333
22.4667
21.7
33.3667
42.0667
31.3833
37.25
31.1333
37.2333
31.1667
35.35
32.7333
37.05
42.4167
55.0667
28.4167
36.1833
18.15
58.5667
56.8667
47.5833
29.55
53.6
20.65
18.0667
34.5667
35.8667
47.4333
40
61.7
54.6333
20.9
45.2167
23.4667
46.45
49.3167
24.6
17.3
29.9667
37.5167
34.9833
32.0667
41.4667
16.5833
45.9333
54.1
29.75
50.6333
53.5
31.5833
43.55
22.55
53.7833
39.7167
35.5667
64.3667
33.2
37.4167
37.4833
43.8167
43.1667
52.0167
44.85
32.05
43.0667
48.9333
23.9
38.7167
52.3333
16.8667
19.35
24.6333
32.95
30.8
22.6833
23.5833
43.5667
23.0833
48.6833
41.35
38.45
30.3
45.8333
34.3
16.4
44.3333
42.3167
22.9833
31.4333
28.3167
8.85
22.6167
60.9667
35.4833
25.3833
36.3
43.1
43.3833
32.6833
22.8
24.45
30.8833
42.15
54.55
30.1667
69.4
38.55
22.4667
50.5333
43.0333
41.2333
57.8333
49.75
38.1167
29.4
35.5833
48.2833
37.0333
45.2
41.6833
25.9667
44.15
43.1667
34.0833
17.5
28.4833
30.2
16.4333
28.4667
27.5833
33.95
35.5833
18.3
39.6
36.05
49.4667
32.9333
23.2667
44.95
16.1667
33.6333
31.1167
30.55
51.0333
41.2167
28.1333
30.3333
16.6
42.9
36.2
17.7
41.6
26.1
48.85
51.65
30.3
19.95
29.1667
18.3833
33.6833
34.45
24.0333
49.45
23.7667
36.9333
17.9667
33.2333
16.7167
43.2
66.4833
32.3667
45.3
29.45
47.2
37.2833
29.7333
42.9
40.7833
57.9
64.7167
22.9333
34.7167
33.05
35.9833
40.5333
33.2667
52.1167
48.9833
53.6167
64.2833
29.15
64.2167
31.8833
27
41.55
36.05
18.25
27.3
54.7333
47.25
21.1833
43.3833
22.1167
36.05
30.2333
47.95
30.7833
22.8333
26.6333
38.8833
37.7333
21.8667
24.9333
43.05
29.6333
46.8667
28.9333
29.7
23.85
27.9667
32.3167
26.4333
36.2167
29.8833
41.2667
55.7
43.0333
30.4333
35.8167
27.3
28.9167
42.8
51.7
44.2333
50.4667
38.2667
30.2833
43.9167
42.0333
30
38.8833
36.45
42.2167
75.4
36.6667
22.5167
36.8
19.0833
27.6667
28.0833
40.6
21
46.2
51.6
36.8833
35.6333
31.6333
32.3333
58.9
35.1833
30.4833
25.85
35.95
61.3333
35.65
45.5667
64.9833
33.2333
42.1833
27.2667
35.9667
35.9333
37.5167
29.0667
51.5333
31.3333
40.5333
42.0167
56.75
27.9667
42.75
28.6167
37.5
32.2667
52.6833
37.55
22.4667
21.3
44.8167
25.7667
42.0833
34.3833
32.1167
29.5
23.4833
16.8
46.5
25.2833
50.0333
53.9
59.2167
28.7333
29.4167
65.3833
31.1167
24.1667
51.7833
44.9833
35.15
37.6833
18.35
42.7
29.95
23.0833
38.2333
35.35
36.75
43.1167
29.0333
33.5833
28
17.3333
41.8167
54.8167
48.1667
33.05
18.3333
33.4833
39.2167
34.6667
19.1
39.3833
29.2667
20.75
44.6333
43.6
47.5
52.4833
47.9667
17.35
34.9167
48.7833
44.1667
24.55
36.15
27.9667
45.4667
36.45
56.7333
60.6333
15.95
63.3333
54.5167
30.2
51.5833
35.65
25.9667
35.95
47.5
24.6
23.4833
24.6167
51.4333
55.55
21.7333
44.1333
42.8667
52.4
40.0833
22.4333
24.1333
44.2667
48.4167
40.25
32.5667
58.3667
45.7333
41.3667
29.9667
40.6
63.1667
42.8167
30.6333
36.9167
34.2
60.7833
35.0167
45.3833
31.25
29.1833
39.2333
51.6333
53.95
45.05
30.8833
54.05
55.3
30.8667
42.5667
49.8333
16.4
44.0833
36.0833
43.4667
36.7333
54.7333
24.45
27.4167
50.25
28.8833
39.5667
36.5
69.4833
29.8333
39.9667
48.75
41
43.4167
23.5833
31.4167
21.7833
29.4
62.25
16.95
28.35
18.7667
37.05
33.6
43.7833
39.1
37.2333
49.2667
17.5667
50.3
34.3
36.7167
23.3833
60.4
42.05
41.4333
29.9833
32.1333
22.55
28.0167
35.1667
46.3
23.25
9.03333
31.5
32.4
24.1333
50.05
16.9667
17.2667
16.9
37.65
37.8167
44.9833
23.9833
41.6
18.05
45.3167
28.3333
33.7
28.8833
32.9
27.1
43.35
20.2667
31.1333
11.1
57.0333
45.5333
22.8667
26.9833
43.7833
33.4
34.5833
22.8333
49.4333
42.9
22.8167
23.2667
37.0667
32.9833
36.6167
17.65
35.3833
38.65
18.8167
54.6333
32.25
49.4333
29.25
32.9667
17.15
22.5333
28.4833
41.3833
43.3333
35.55
35.6667
26.25
28.45
39.65
33.5333
48.05
51.8667
32.0333
23.9
40.4333
36.2667
60.3833
29.4167
41.1
41.6167
27.2667
42.4333
32.55
31.9667
38.9667
41.55
18.4
38.6
10.35
32.1167
25.6333
66.8
44.35
17.5667
22.7333
31.2167
32.4167
19.5
29.75
22.7833
22.7333
33.7
34.5
22.2167
37.5833
42.85
17
80.4167
23.9333
43.8333
16.3333
59.0167
36.2333
16.6667
25.4167
45.6167
45.35
28.8167
44.2833
41.3167
47.7333
21.8
33.4
35.0667
48.3167
45.9
22.35
45.1833
35.15
33.8333
23.05
33.7
34.9667
39.4333
57.8833
29.7
38.9167
45.2
34.6833
34.85
16.9167
37.2333
35.5
43.0667
43.4167
40.8
63.0167
17.5667
45.75
23.2167
31.4167
36.3333
51.6833
23.2667
57.3333
27.8
73.15
36.5167
30.9833
34.2667
30.2
47.6167
16.5167
41.4
42.9
40.6667
22.2
31.1667
21.2833
45.1333
23.2
45.9333
43.4
45.5667
63.3167
28.8667
38.4
23.85
22.9833
36.75
44.55
39.5
32.25
41.35
46.5333
26.7333
49.7333
17.2833
32.1167
18.2833
29.9167
40.5833
48.1333
40.9667
26.0833
60.2667
70.5333
50.8167
35.4
29.8333
47.05
16.7833
82
36.9167
10.6833
39.4333
47.8
56
35.3
26.1667
17.5
46.7333
39.6333
36.4667
50.0667
21.65
24.0167
28.8
28.55
68.4667
23.6167
40.5833
40.9667
28.9167
16.3667
26.7167
45.2333
51.95
31.9333
19.7667
50.9667
33.3
49.4
44.9833
37.45
37.9333
65.25
54.8833
51.5667
49.7167
30.85
24.0833
17.4
36.5167
23.6167
43.05
43.4333
30.9333
24.65
48.6167
35
30.3167
38.2833
23.1667
36.2833
34.1
34.1
27.0667
18.3667
23.6
37.5167
28.5667
52.4333
36
35.4667
33.1667
45.0333
34.9667
30.0667
22.15
23.55
53.6167
44.0833
53.3167
36.2833
43.3167
17.4333
28.2167
28.05
51.0833
35.2
44.0667
62.5333
21.1
29.4833
35.9
39.0167
44.3167
30.9833
15.5333
41.3333
33.9833
32.8833
59.1833
39.05
35.9333
21.3833
27.2667
30.8833
66.4667
31.4833
28.6667
57.6
44.3833
34.5667
33.4
42.0333
67.4167
29.4833
34.5167
32.85
34.5333
23.5167
52.8333
29.3
20.6
29.5
47.45
25.5
25.0333
32.0833
55.1833
28.6833
40.3333
32.8167
24.7667
44.2167
44.0333
32.0833
36.25
50.6833
15.7833
45.5
43.9
25.4333
22.3667
30.2
23.3333
26.75
45.1667
50.25
17.9
27.2167
17.3833
36.2333
28.35
33.9833
27.2333
55.0333
9.5
59.7833
39.9667
36.8667
42.15
22.8833
33.5833
34.4667
54.5833
22.8833
45.1167
22.6333
29.3833
22.2167
40.45
36.5167
40.9167
56.6333
34.35
27.0167
47.95
58.65
54.6667
33.05
25.5667
36
27.4333
40.5667
33.7667
33.1833
29.4
35.0167
46.15
45.1167
76.7667
35.85
64.4333
36.7667
43.5
25.8333
23.2167
44.8167
34.5167
44.3167
43.2333
35.7
31.8
48.3333
28.1333
34.2167
24.65
17.6333
45.7667
28.1
24.2667
37.95
36.9333
29.7667
27.0667
44.1667
53.8333
40.1667
28.9833
34.9
30.9167
20.7167
41.0333
36.85
54.4833
36.0167
33.2167
30.0667
40.4333
55.2167
17.1
17.8333
29.7833
10.35
41.9167
45.1167
31.35
10.8667
31.8
19.8167
52.6833
34.25
23.7167
29.9833
34.5167
44.0667
24.1167
39.8167
51.2167
47.3833
42.6833
46.4833
39.15
34.1833
36.8667
35.6167
31.5667
22.3833
60.9
25.35
44.15
28.5833
32.05
35.6333
16.95
46.8833
37.3667
40.1833
30.5333
54.25
39.3667
54.45
46.5333
40.2833
30
37.0167
41.8
21.7
21.45
30.8667
32.4167
20.35
20.5833
41.6833
46.8167
55.4667
59.0833
24.7833
41.6333
58.75
43.9667
34.85
26.1667
31.5167
46.6167
31.95
42.3667
49.2333
34.4667
60.3167
58.35
54.4
37.1167
42.6667
42.4667
52.8333
54.0833
34.4
43.1
40.7167
27.5833
28.5
52.8167
27.7833
29.4833
24.35
33.55
44.0667
47.95
62.4833
45.9833
41.9
37.7
48.5
23.85
29.35
36.7167
34.15
55.6333
43.3167
53.9167
37.4
38.85
33.0833
43.1833
41.6167
42.4833
27.1667
28.05
23.0833
43.65
36.3333
42.6333
27.8667
22.45
28.05
24.65
27.6167
23.8
36.55
23.7333
29.0333
58.6833
36.6
46.35
41.0167
46.4167
27.7
39.15
21.2
27.15
39.2
44.8
44.6333
44.3
36.4333
31.4167
36.2333
40.5667
32.9
30.6667
23.3833
42.9167
26.85
28.9
30.2833
16.6833
36.7833
29.4167
33.05
34.6667
29.7667
33.15
57.5833
35.3667
10.5667
40.6667
39.2
22.3667
24.3
50.5667
46.8333
44.45
28.4833
33.9667
45.1167
37.7667
37.8167
65.1333
47.4167
26.9667
59.6
30.65
47.6667
39.9333
24.5167
22.25
39.2167
59.2667
41.4
33.7667
22.8833
35.55
31.9833
19.3167
66.55
31.7667
35.0333
26.9
25.95
37.2
37.4
34.7333
41.8167
39.3
44.1667
24.3333
56.75
55.5
44.8
36.8167
50.7
28.5333
28.35
33.8333
40.9167
28.9333
39.0667
29.05
24.3667
46.55
27.6167
42.3667
30.4
28.4333
35.3
34.65
66.3333
27.8167
27.6667
43.4833
56.2667
17.3333
44.2833
32.7167
35.8833
29.4333
10.3667
37.7667
30.0333
40.9167
31.1833
32.95
45.1333
61.35
36.6167
16.45
24.95
17.3167
44.2333
17.7167
40.3
50.1667
41.2833
29.5667
35.35
38.15
46.3
51.3167
18.6333
34.2333
21.6
35.7667
40.3667
29.65
28.1333
44.15
55.4167
35.7
43.2833
39.6667
30.0667
44.9167
34.45
17.7
56.5167
34.7333
46.65
32.4167
20.85
32.7167
54.95
38.3333
29.9167
26.8667
65.5667
25.95
22.8333
28.4167
22.6333
22.5667
44.9333
24.2833
42.65
35.9333
34.0167
48.9833
32.9
30.3167
19.9
38.3667
19.6833
31.5167
47.9
37.05
41.4667
15.8
44.4667
22.7833
53.4833
28.4167
32.6333
53.1667
52.95
28.4667
38.8167
28.3833
28.1833
35.1667
37.55
42.35
35.2333
32.9167
40.6333
42.7167
38.55
36.2667
72.1667
28.05
26.5167
30.6667
42.45
37.7667
39.3167
16.4833
48.3333
45.1667
48.8333
36.0333
39.0833
41.0833
49.9333
21.8333
29.9167
35.25
22.5333
40.7
28.5667
29.0833
30.65
32.0667
35
37.7333
36.7667
30.0833
34.9833
51.0333
55.8667
27.8667
26.6667
16.5667
24.5167
58.5
49.9167
44.7833
30.65
29.7833
41.4333
54.45
22.8833
38.8667
27.3833
16.35
46.6
36.7167
29.0833
43.2667
29.7333
27.4833
37.8167
50.9667
33.9833
40.5167
29.0667
17.1
32.35
63.7667
41.1667
36.15
33.9833
21.45
22.9167
38.4333
23.7333
34.85
53.7833
50.1167
27.6167
44.7833
39.4
45.8833
21.3667
29.8667
36.9333
58.9333
33.0167
36.3833
48.7833
14.7167
12.9167
34.2833
42.4833
45.8167
46.5833
33.3833
44.6
49.15
27.7
30.1167
30.5167
42.4167
30.75
41.1167
23.05
30.9
41.3833
15.85
32.1
29.85
34.1667
37.1333
34.8333
21.9
31.5
36.6833
41.6167
48.0833
21.9
34.1167
42.6
18.0833
40.95
36.6
31.5167
39.9167
83.0167
57.4167
27.5167
28.8833
30.6833
37.1167
23.0333
44.1
50.2833
53.9333
39.7
35.5167
38.0167
30.0667
38.9667
43.6833
30.1167
42.0333
43.7
24.25
44.6333
40.1
29.3167
21.8167
9.18333
47.6333
29.0833
38.4667
29.8833
49.25
37.4333
47.9667
37.4667
18.45
54.15
41.8833
36.9333
45
10.0167
49.8333
28.05
54.2333
51.75
36.8667
58.1167
50.7833
46.2
31.8167
42
42.95
39.2
52.4
28.4667
28.45
56.9333
29.6
71.6333
33.2833
48.7833
48.0333
33.2833
23.7333
51.5833
29.2667
43.55
50.9667
39.3833
32.5833
22.6333
30.6
32.9167
28.2667
35.4167
30.8833
34.8333
36.55
37.35
22.6
37.8667
63.8333
57.4333
26.95
56.9667
36.5833
36.1
23.65
26.9667
42.7833
16.2167
63.35
35.4
45.1833
46.4667
37.1
36.25
39.7667
25.45
16.3167
39.75
34.8167
32.0833
31.6167
46.4167
50.75
33.4167
25.2667
30.55
44.7833
35.9167
27.5167
55.8167
60.5833
36.4333
29.35
17.0333
42.2667
44.7
26.5
47.4333
49.5333
30.2167
35.9167
54.7833
48.1
29.0667
23.4167
43.4667
10.4167
9.41667
36.5833
43.4167
36.6
43.8167
45.0167
39.5333
37.25
24.7167
47.7667
36.9167
20.4833
40.5667
48.0167
18.2833
40.6333
59.4167
45.2167
18.5333
28.1667
41.8833
35.85
26.4333
38.4
20.6833
48.2
32.35
40.5833
47.1833
31.7667
29.2167
37.3167
40.5833
41.5833
39.9667
43.6
71.1833
28.1333
65.65
61.35
24.4167
24.7167
28.1667
36.3667
22.9833
30.15
30.1167
34.0333
44.0333
35.9833
50.4
44.75
45.3667
26.55
34.4167
36.05
22.9833
22.95
57.0167
57.8167
24.3
8.63333
30.0667
29.1
24.0167
37.85
23.2667
43.95
33.1
57.6167
22.35
48.8333
57.25
46.8667
31
37.5667
45.6
29.2333
28.2167
39.25
30.0167
52.4833
21.8667
30.05
25.2333
55.1667
40.45
31
49.3167
48.6167
67.35
36.7
58.5
63.8167
9.48333
26
35.0333
36.65
55.6167
55.05
52.0667
29.9833
67.0833
30
34.9333
32.9
40.6833
35.55
22.1833
55.55
45.2167
34.2667
38.25
32.0167
39.3833
51.25
22.3833
36.3833
27.7
30.7333
37
41.7833
31.25
38.8833
43.4667
34.8167
39.8833
33.0167
53.8333
32.9667
24.8833
37.9167
45.6667
40.8833
63.8167
34.8167
67.9333
44.0667
44.3167
40.3667
44.8333
23.8167
40.35
16.4333
45.3833
23.15
42.0833
45.2167
32.3
48.6167
30.7333
29.2333
40.75
13.7333
39.5167
42.05
63.3333
46.7
16.1833
33.1333
35.2333
23.0167
46.3167
39.8
29.1333
38.3833
24.45
36.6833
23.7167
15.7
23.5167
32.8333
38.65
33.45
45.1167
42.3333
49.0833
55.25
32.0333
31.6667
23.25
58.9667
39.8667
22.9833
28.95
29.8333
39.8333
35.5167
24.8667
44.5833
39.7833
43.3167
52.6333
23.6667
15.55
44.8167
54.75
39.5333
32.5833
37.8333
44.9833
23.25
23.9333
38.5833
37.2667
27.7667
12.8
27.85
30.3667
38.2333
62.75
45.1
29.3
37.4833
34.45
41.0833
47.8667
41.8833
34.1333
41.7333
22.4
33.6
34.05
19.75
35.8167
42.5833
56.3
34.0667
39.3
16.25
51.3333
35.5167
54.1667
41.55
48.4
32.6333
26.0833
49.4
40.3167
64.55
41.1167
52.3333
37.7333
51.2667
38.1667
28.9
56.3833
23.5833
35.45
58.35
50.95
30.7333
49.35
46.65
46.5667
39.4667
36.45
30.55
34.4
23.4833
29.6833
25.45
26.0833
16.2167
31.55
58.5833
38.55
30.5333
35.5667
25.35
65.0667
43.6333
33.6167
16.45
32.5833
58.45
43.4333
49.9
42.2167
56.6333
52.9
41.85
29.3667
29.15
41.4833
26.7833
52.4167
58.4167
37.0167
50
27.0333
38.5333
31.9333
28.0833
36.9167
27.9
29.5
68.7333
42.2
36.2
49.0667
26.45
53.3333
36.9833
25.2333
33.1667
57.85
32.6667
50.8833
48.8
36.6
45.75
46.8
33.2333
9.31667
36.9667
23.8333
36.2
39.1
41.0667
38.4167
34.8167
38.6
79.2667
39.5167
40.45
38.3667
34.8
53.8333
43.5
37
34.5667
31.5167
17.75
34.9667
32.55
36.0333
36.9
31.7333
11.9167
43.85
58.05
49
22.8667
38.3167
30.0833
30.9
48.1833
29.3
23.05
21.3667
40.9
43.9333
55.4333
45.1667
56.6333
51.9
28.2
56.55
26.0667
28.1167
40.65
40.8333
42.15
30.1833
29.9667
33.95
49.6167
51.8667
33.8667
34.6667
38.4167
30.05
28.6833
31.0667
46.55
24.6333
23.0333
32.4167
11.05
21.9333
44.7833
61.7167
35.35
29.15
58.7833
30.25
28.2833
59.2
31.1667
31.3
22.45
16
45.7167
39.85
22.65
39.3167
36.7167
62.3833
16.95
52.6333
59.5167
16.3
20.4333
50.1167
17.85
24.4833
41.7167
46.6167
36.0333
43.0833
40.6833
38.2333
33.3167
30
16.05
46.3
22.25
24.25
39.75
15.8167
34.6333
29.2833
43.6667
38.1833
41.8833
33.65
24.2167
44.9
39.7333
13.5
18.0667
21.9
19.4333
32.2833
32.2167
42.55
30.95
38.0667
45.05
46.9333
51.6
52.85
47.4833
21.5833
38.0667
38.6333
28.6667
43.25
47.8667
45.9
34.7667
28.4
47.3667
41.2833
46.05
40.7667
39.2333
35.0167
44.5167
31.4
51.3667
48
67.7667
48.1
45.2333
34.2167
41.7
38.5833
26
35.3333
41.4
28.0333
29.5333
49.6167
38.1167
36.3833
43.3333
44.2333
24.4667
35.1
53.3167
55.0667
50.0333
26.1167
43.2167
44.4667
39.2167
52.3
65.1
36.9167
55.3667
48.4
21.1167
40.9
54.1833
31.0167
39.6333
40.2667
27.7333
25.0833
11.1833
43.35
21.65
64.6333
44.4167
50.95
28.6
32.1
45.6
42.35
36.1833
26.7
46.6333
50.0167
30.25
62.3
44
31.4
38.9
31.2
32
40.3667
49.4
34.35
18.9333
36.5833
32.1667
49.7833
38.9
55.65
38.4667
44.5833
27.9
28.4833
36.95
63
29.9333
41.1833
26.8
22.8167
15.7167
20.1
37.8833
50.8
39.6
35.0333
51.0167
26.6667
43.35
20.6833
24.5
47.8667
36.4167
36.1167
29.8
36.7167
31.2833
9.61667
35.9333
52.8667
17.8
34.25
31.3667
24.25
33.5833
20.1
26.85
57.8667
52.2
47.6167
17.5667
24.9167
29.7333
11.1833
39
33.25
45.2167
47.6833
34.0333
35.9667
32.1667
37.7333
62.6833
40.2333
33.3167
45.4667
27.3
40.6833
182.133
39.55
28.2833
43.35
41.55
37.6833
48.9833
54.3333
35.1833
47.4833
30.2
22.5333
44.8167
38.6667
53.8833
35.1167
31.0667
26.5333
55.4
37.65
28.8667
42.2667
52.1333
26.55
45.9333
40.5167
46.5333
18.15
36.6833
28.45
28.8833
40
28.85
50.3
31.65
56.65
33.5667
42.8333
21.1
21.7833
28.85
17.3667
23.0667
43.4
30
27.35
26.7333
47.15
37.1
35.7333
14.9833
46.2833
21.7
45
34.4667
10.15
39.9
49.0167
45.4333
44.15
34.6833
18.4167
52.25
36.1167
32.6833
29.45
63.7833
19.0833
46.7167
41.6667
21.25
28.8
21.2333
42.3667
30.2333
43.3833
33.1
27.45
69.65
48.3
53.0833
42.0667
36.7167
48.7333
33.7167
23.6833
72.7
34.9
44.5167
44.7333
30.85
43.4167
30.3167
43.15
48
26.9667
26.6667
37.5667
40.0833
28.8333
35.6333
37.1833
58.1167
51.95
28.1
39.2333
45.3833
29.6833
47.5
33.05
44.05
25.1333
27.1667
42.3333
35.85
38.6833
37.5667
43.75
21.2167
32.8333
32.8333
21.8167
37.05
41.8333
7.95
34.2833
29.4167
63.0333
36.35
46.4667
16.3667
45.1
64.2833
42.6167
55.6667
24.25
26.5833
39.1833
9.15
43.9833
24.6333
45.75
54.0833
41
33.1333
53.1667
39.1667
26.3167
21.6167
20.9667
45.3833
48.1667
27.4167
43.9833
46.75
36.7333
36.8167
24.8
45.7333
61.9167
39.15
38.1167
32.0833
45.1667
14.5167
29.5167
61.65
22.0333
58.3
31.6333
62.6833
21.8167
33.9167
24.1
61.4833
51.2
35.95
22.4833
36.5333
21.8167
41.85
23.05
27.9667
24.45
38.0333
54.1833
47.9
24
25.6333
25.4167
22.5
49.15
31.9333
25.8167
34.2333
51.2333
25.6
36.1
51.0833
38.8333
15.5833
60.5333
50.0167
59.6333
42.1167
27.1167
43.8667
33.1
50.3667
31.1333
17.2833
21.8167
52.1
46.8
28.6
29.5167
23.2167
43.9167
42.6333
10.0333
49.15
45.85
43.4333
30.1333
60.5667
39.1333
47.8667
23.0333
36.3333
40.9667
23.1833
16.1167
49.8667
37.4
60.6167
27
38.4333
39.4333
43.8333
40.4
30.7333
25.5833
43.9333
30.0667
42.7667
48.6167
16.3167
22.8833
22.6167
34.5667
24.05
27.7333
43.0833
46.9167
35.1
24.65
22.6
23.6833
50.8667
30.5667
36.65
23.5
21.1833
41.4
24.0833
50.2167
52.6833
25.2833
39.1167
74.15
43.15
34.5833
29.6167
39.95
36.25
43.0833
33.1333
35.8333
36.3833
59.0333
30.8
36.35
27.7667
45.2833
43.6833
35.1167
30.2167
52.65
12.0833
34.7167
46.5167
37.3
60.2
40.4
10.65
37.5667
50.2
40.2167
32.8667
36.8333
51.8833
36.3667
57.9333
31.3833
35.5
19.4833
16.0167
41.7
41.8167
20.65
16.5833
42.2
38.6667
41.9333
32.7
28.8333
24.0167
44.1833
15.45
37.55
29.5667
11.2
39.75
29.5667
28.9333
23.0167
45.65
27.8833
37.8667
46.9333
56.9833
49.6667
58.3833
43.6833
25.6167
46.25
26.55
39.2167
22.9
42.6667
41.1
45.7167
38.1333
26.8333
42.95
30.9833
35.9
42.4667
46.7
36.0333
22.6667
39.95
37.2333
49.3
64.95
37.2167
32.9833
33.8
28.0333
44.8167
53.2667
28.05
27.5667
24.7
30.7167
36.8667
35.8667
28.5167
34.4833
24.65
37.2167
24.3667
56.2
20.3333
35.6667
33.1833
46.3333
44.2833
30.9167
53.5667
9.35
35.8667
63.8
38.75
40.8
51.4833
26.9333
19.4167
36.7333
51.5333
33.2667
42.05
22.5333
42.8167
47.7667
30.4
54.8667
47.55
34.0833
31.8833
51.0833
19.1167
58.8667
43.5833
59.7333
57.2833
21.3333
28.9
38.7333
34.15
55.75
24.5
30.8
42.3167
32.3167
23.75
37.0667
36.8167
39.0667
27.4667
35.7167
23.2167
50.35
29.1833
35.6333
57.5
42.3833
35.1
32.85
43.9
34.5333
23.2333
30.3167
33.7333
37.5667
31.6833
49.1833
54.8333
50.3833
35.0667
28.65
48.2833
23.3
42.0667
23.3667
37.9
45.5
21.4
23.1667
30.1667
33.0333
23.3333
16.7333
41.75
32.8333
23.2
26.7167
46.5
33.8
62.15
36.2667
24.6
27.65
48.6167
23.9167
43.6333
54.2
28.9167
72.3833
38.6667
34.4667
22.0667
57.9
50.5667
47.1333
36.55
33.6333
35.3333
34.05
50.4
28.2667
53.0667
39.0167
30.45
48.8667
39.9833
52.25
23.6
31.1
25.9
64.6333
44.3667
28.7
28.8
21.65
47.6333
14.8
31.0833
43.5833
41.0833
59.6167
40.5667
32.5667
19.3
50.95
28.9833
16.45
33.3333
30.9333
33.1833
35.7167
28.8333
52.3833
56.5667
16.4333
53.7333
21.9833
47.6667
29.6167
49.6333
30.4667
25.5667
37.2667
35.9167
42.6167
33.75
49.3833
28.8
17.8
45.4333
20
30.4
50.85
50.0833
28.6167
23.2
52.6167
9.01667
52.3
42.1
41.6667
40.0833
24.8667
23.0167
35.9167
39.8667
50.15
47.3167
62.5333
23.0333
34.1667
38.5167
49.1333
17
41.95
47.3333
24.1833
29.75
50.75
22.1833
59.05
41.6833
17.8333
43.9833
34.7
34.7
48.2333
48.6
18.1
49.2333
63.8833
50.4667
30.6667
30.25
42.05
46.5
21.8167
16.4667
50.8167
38.5
23.95
28.7667
41.2833
29.3667
59.7
39.1167
21.9
35.1667
63.4667
31.5
26.4167
28.5167
28.7333
19.9667
30.1833
37.7333
33.6167
36.1167
37.9833
37.1
32.7167
33.3333
50.2167
48.1167
29.0333
38.4333
31.8833
30.7833
41.2667
24.1667
36.7833
31.9667
34.3667
30.3167
17.7167
39.15
38.7
29.8
23.0167
29.2833
22.4333
60.3
26.5833
31.75
35.3
28.9833
37.65
28.8667
38.6833
30.4667
16.15
30.8667
45.6833
28.3833
49.1833
42.25
31.5833
36.9833
23.0833
40.4167
32.8
16.1167
65.2833
63.0667
49.2167
58.8833
22.9
42.2333
52.1667
11.7833
30.6167
40.3
39.7167
29.4
30.0167
59.1667
45.8333
36.4333
33.45
27.7
34
18.6667
50.0167
44.0667
46.75
50.35
42.5333
43.1833
40.5
43.6667
23.55
36.95
32.2833
35.55
53.3
39.0333
47.1167
16.1167
20.5
29.0333
35.85
27.0167
26.9667
43.9
53.7333
35.4667
39.9167
18.35
53.8167
43.7333
24.45
40.3833
26.4167
57.35
35.6167
34.35
38.9
48.7
38.9833
39.5
26.2833
30.8
31.3333
26.5
25.5
20.9
23.9667
40.1
30.4
28.6333
32.85
33.6
30.0167
15.75
25.5833
48.7
28.3
25.5333
30.9333
24.1
36.65
33.5333
29.5667
28.2333
47.3833
43.45
19.0667
40.7833
17.5667
37.4833
31.1167
20.5333
57.25
15
15.4833
34.5167
53.0667
38.3167
34.4333
29.7167
46.1833
57.7
36.6167
37.9667
24.3833
36.9167
35.3667
45
39.9333
41.1167
58.6167
30.7333
31.45
30.2333
37.0667
23.2833
25.7833
32.8333
33.0833
32.2333
28.2833
17.2333
51.5
34.2333
22.4
49.2833
9.6
28.0667
65.35
36.5667
49.4333
34.7333
51.4833
30.9167
44.5
22.2333
57.8
28.9167
32.8167
37.2833
55.1333
33.3
42.6333
51.4333
22.8667
43.05
32.9167
35.2167
29.9
22.9
43.3333
52.4
23.8167
32.1833
23.7333
53.15
35.4
52.5833
50.9667
16.6333
31.2167
28.0167
30.0833
32.0333
47.3
9.8
30.1667
21.85
32.75
38.2
46.4
43.5
36.95
41.25
57.2167
26.25
21.85
21.7333
44.9833
40.5333
22.8833
31.6
47.85
21.7
50.6833
39.4667
39.2167
46.85
40.8667
44.9833
36.4333
56.6
17.7667
47.1167
37.2
20.4
95.8167
40.2667
43.0833
50.7833
41.4333
16.8
48.35
56.8
16.0333
34.8833
29.0833
41.1667
39.45
21.8667
31.9167
37.4
68.9333
28.1667
36.5667
40.6333
15.0667
26.0833
30.35
38.5667
50.2
33.0333
29.6167
44.1333
15.7
29.6
22.9667
30.3333
17.65
30.65
23.1
26.4333
40.75
21.7
39.5333
28.6167
26.0667
35.2667
15.5167
42.7667
37.1167
32.4
15.8
43.3667
41
24.5333
29.0333
45.1333
35.65
40.6
51.95
45.0667
45.5167
31.6667
37.85
29.7667
49.05
54.65
50.6167
44.8167
42.3167
27.35
16.4333
29.7
57.0833
28.6333
15.9333
17.4167
24.8667
43.6
23.8667
30.2333
24.8667
35.65
41.6167
31.2333
49.6167
36.4167
37.8833
12.0833
24.1833
35.1833
48.9667
16.2667
40.65
23.2333
28.45
31.5833
40.5333
30.5333
22.2833
16.9833
9.5
28.15
32.7333
41.25
32.0833
52.2167
15.5167
22.4
30.2333
27.9
46.9167
50.7167
29.15
38.5333
36.0833
39.05
48.5667
37.7667
49.7167
58.6667
47.0167
57.8333
39.6333
37.85
18.5
17.3167
26.75
44.7833
56.65
49.5167
70.2
50.5833
30.3167
31.5167
31.1
36.6
41.65
39.75
51.7
57.4333
37.05
29.3333
20.3667
41.9667
24.0333
24.15
54.4667
48.9333
49.6667
18.2833
23.7833
27.9
46.8667
35.3667
44.0833
56.2667
38.9167
29.4167
25.0833
46.0333
28.7167
23.6
34.7833
44.7333
61.4167
28.6333
40.8833
34.8333
29.6333
43.5167
46.8333
51.2833
36.0333
42.4
16.1667
34.65
50.95
34.8333
16.6833
36.0333
77.3833
20.3167
34.8667
20.15
30.3
36.3833
62.9167
32.3333
44.3667
43.45
40.4667
33.5667
22.15
42.9833
30.2833
47.2
15.4667
36.2333
34.0833
31.2167
38.4667
18.8167
32.1167
35.4
23.55
43.2833
37.65
29.5
26.8667
47.4
45.65
42.9333
39.9167
35.65
41.5167
61.2333
36.3667
62.8333
30.4333
29.0833
26.8
24.75
53.8167
42.4833
51.3833
23.2833
35
39.8
40.4667
36.5333
52.3833
46.9833
31.7667
21.5
40.85
24.2833
42.4333
27.9167
29.65
25.5667
41.5833
34.55
37.0333
53.8
26.0167
27.6
54.8
29.6
46.9667
59.4167
34.8167
27.25
27.35
32.1
37.5333
18.3667
28.1833
23.15
38.1167
38.8167
21.2667
35.2
34.1
39.8667
30.5667
42.1333
37.95
45.6833
17.5667
22.3833
50.25
37.05
29.4333
49.6667
25.5167
30.0167
50.6667
23.4
29.1
23.6167
37.8667
41.9167
22.55
30.3833
43.8833
17.2667
22.3833
39.5333
49.3833
17.55
35.95
24.7
41.7
20.9833
35.8833
36.2167
30.05
17.5167
49.0667
22.4
36.6167
36.2
37.8333
38.35
22.4
42.4333
34.55
15.1667
30.65
45.2
23.5333
36.6167
24.4
37.6833
44.8667
24.3333
34.2833
38.5333
30.7167
43.5333
28.4167
23.2333
30
49.4333
24.2833
27.55
33.0667
16.45
54.4
30
54.8833
41.2
53.6
46.0667
65.8833
42.9833
29.8667
51.4667
37.8333
38.5167
41.1833
35.15
51.05
33.6
31.6333
30.6167
22.4333
34.65
39.5167
55.55
48.05
45.2333
25.5667
31.3833
41.2333
20.2333
76.6833
33.2
30.6667
33.4833
24.0667
44.75
39.5667
29.5167
41.25
52.7167
29.1667
49.65
44.8833
31.35
34.6333
29.6667
30.8667
50.2833
22.7
27.5667
30.3833
62.5333
25.9333
32.9
24.3667
27.4167
23.4167
43.7167
22.0833
46.9667
37.4667
29.2167
48.7
41.15
59.1833
21.6333
39.4333
26.05
46.2833
55.6333
17.2667
40.7333
35.5333
45.7333
38.2833
49.8833
17.0167
14.6
28.0167
43.4333
34.0667
29.5833
29.3667
48.9667
17.2333
21.9667
38.8167
48.35
36.6833
31.9333
32.4333
31.8667
21.7833
44.2
52.3
28.95
23.3333
57.3333
46.35
27.5667
43.5
48.55
25.6333
27.65
40.5333
40.3333
30.0833
30.65
30.3167
23.7
56.65
44.95
21.15
37.4667
40.5667
43.1833
16.9833
22.9333
43.9667
53.1333
57.3167
43.55
44.8
32.6333
49.7833
43.7667
15.3167
48.1833
43.9333
50.15
29.8833
16.2333
60.9333
34.35
24.5
21.9167
48.4667
44.95
29.05
30.6167
54.9833
42.2333
31.6333
22.1167
54.3667
46.9
37.4167
27.4167
30.6833
42.9
22.6333
59.1167
45.1333
52.7333
68.4833
37.8833
9.11667
42.4
46.1833
37.0167
36.2
45.9667
36.75
71.8333
48.8333
22.0833
34.9667
29.0667
35.9833
41.4667
43.1833
18
41.2
56.3167
47.9833
48.5
49.6667
44.0667
35.1667
63.5167
26.0167
23.7167
34.6833
37.3667
54
39.6333
30.75
16.75
16.6
36.4167
27.7
33.3167
34.2167
27.65
9.05
47.7167
24.6167
49.55
46.15
46.2667
38.8
36.6667
23.5167
31.95
32.25
40.8667
41.5833
49.1167
38.35
35.9833
51.8
49.1
37.3667
27.75
14.65
25.45
35.8
43.8167
45.1
58.2833
35.7333
50
49.05
48.1667
33.4333
59.9
29.9833
22.25
36.85
38.8
39.8167
29.9667
40.45
25.5
28.9167
46.1667
47.2167
38.1333
44
46.7
42.4167
40.9667
31.3833
11.5167
41.1667
39.6167
18.7333
40.2333
31.75
42.65
34.7667
16.1667
37.3167
40.95
39.2667
56.4333
37.3167
28.1167
45.4833
16.6167
41.4
28.3667
32.3333
57.9833
34.25
21.95
11.9
22.7333
42.4333
30.7667
36.7
16.9333
42.8167
33.55
31.3167
48.5167
21.8167
42.5667
53.75
21.5833
31.2167
37.95
35.9167
45.0333
34.6833
35.8667
23.7333
49.6167
24.4833
45.0667
23.65
66.2167
65.7
52.0667
26.4333
36.3
45.65
29.8333
15.2
32.7667
35.6167
58.1667
22.55
55.2167
28.65
37.8
44.6
42.0167
35.7333
31.5
17.8667
30.8167
45.2833
31.1
43.5333
47.0667
21.9667
59.75
39.5
40.8667
21.7167
28.2333
22.2833
28.2833
50.8
22.3833
54.55
40.85
37.2
39.2833
21.9833
34.9333
43.15
14.6333
50.6833
46.9667
40
36.4
33.4833
25.5167
38.75
53.3
35.5667
24.2833
36.2667
15.3833
31.7833
48.9167
25.2167
25.15
29.7667
36.6833
15.3
47.0833
41.0333
19.3667
41.1333
44.9833
37.6833
36.1833
16.4667
47.5167
46.6167
29.6667
45.7333
19.2
22.0833
43.15
29.7167
162.083
38.6333
56.5333
43.6
37.3333
24.3
74.55
22.1
45.9667
54.3
50.5
44.6667
44.7167
47.3333
22.5667
43.0167
20.6333
30.5167
83.4167
30.5167
18.1667
39.9333
39.9833
43.9667
16.5833
50.3333
29.8667
48.2833
29.4167
31.3167
22.6167
53.3
45.0167
46
28.8833
40.8667
17.0333
35.4833
34.9
27.6833
23.7833
32.9
57.6
17.3667
28.1667
49.0667
52.05
48.8333
42.6333
21.85
35.4167
29.5833
35.6667
40.4167
41.9
28.5167
41.35
36.6667
44.0167
36.6833
31.95
23.4833
36.2167
63.55
31.65
61.8333
30.9
37.3167
29.7833
30.05
43.5833
32.3667
23.1833
45.8333
25.5833
38.15
38.65
46.3
21.95
30.45
38.2667
38.6333
45.25
37.2
50.2167
17.1
34.0167
66.3667
30.55
31.5667
57.2833
33.4167
36.1333
34.9
16.6833
90.4667
41.8833
49
51.0167
26.1
36.1333
59.9833
25.2
46.1167
48.1833
28.1
25.3
37.75
31.65
35.4167
34.7
28.85
29.8667
33.7667
27.45
50.4667
45.3167
61.2333
45.8
41.6167
44.1333
23.5
43.6833
31.05
27.8167
20.8667
36.0833
50.0833
36.9667
21.7
27.25
34.1
47.7833
38.75
37.7
65.9333
53.1
36.35
48.5667
29.4667
58.9333
32.3833
30.85
24.9833
44.5667
41.15
37.55
38.5167
52.4833
21.9333
42.9
41.7667
32.2667
21.8667
23.6667
24.1833
53.3667
83.5333
35.65
29.4167
23.8833
41.75
43.3
30.6
52.5333
27
26.5167
27.6833
17.3
30.25
57.1333
22.65
31.7333
12.4333
29.6167
53.0333
49.8333
54.2667
49.0667
37.2333
28.9333
33.7
33.4833
34.7833
38.6167
17.55
23.45
32.9667
33.5167
27.0667
28.1167
48.8
23.5
31.3333
43.7167
27.9
36.85
40.8333
54.9833
35.3833
49.9833
58.8833
16.95
42.1833
39.1667
16.1667
62.5333
44.0833
26.8333
44.35
34.9167
57.4
44.9833
42.5333
56.8333
52.1667
22.7167
37.8
31.0667
32.0333
34.7667
29.45
41.0333
52.9667
46.7333
31.2167
41.6167
38.9
32.2833
35.2333
44.2333
26.8333
52.9667
30.4167
36.85
23.3
53.1
39.8833
24.2167
34.5667
45.6667
37.7667
76.05
35.2167
35.2833
41.75
57.6833
22.9833
50.95
33.5
29.45
43.4167
39.3333
16.8333
42.85
40.0167
36.7833
28.8667
39.5833
30.95
24.2667
37.8167
30.7167
57.7667
54.7833
48.6667
39
67.1167
31.4667
32.15
44.3833
19.95
54
58.5667
31.2833
20.9667
42.0667
37.7333
31
28.8667
19.6667
28.0333
35.1
37.05
29.25
44.3667
40.5667
35.85
40.4833
26.6667
50.8167
52.2167
59.8667
59.5167
39.2167
60.3333
37.0167
48.7667
26.3333
24.2
43.7833
44.6167
24.75
14.6833
23.5333
35.9167
17.65
28.5667
48.5333
24.0833
23.2167
29.25
27.9833
38.65
33.2667
45.65
29.7667
44.5167
61.0333
22.9
47.55
22.4
28.3833
42.0833
35.9167
50.6
53.15
44.15
41.0167
39.6333
47.4333
58.5833
22.55
31.4833
29.1167
42.7333
49.9333
31.4833
28.5667
52
31.6667
40.2833
31.4333
53.5667
28.4833
24.2167
43.6667
29.3
18.5833
44.35
29.1
42.7167
48.55
44.5167
40.6333
26.9167
47.55
39.7167
17.5167
17.7667
37.2667
47.8
48.5333
31.7667
50.3833
41.0167
22.0167
58.5167
33.6333
28.7167
23.55
46.8167
64.9667
31.9
55.2
30.5333
16.3667
30.7333
16
32.4167
29.4833
52.9333
35.4167
52.3833
43.0167
30.5167
42.05
44.8333
75.7833
29.6667
26.8667
39.5167
40.3167
36.9833
23.7667
44.6667
55.5
39.1833
36.7
35.7667
28.3167
29.7333
28.3333
27.0833
47.5167
56.9167
43.0167
22.9667
23.4167
43.5667
48.7833
34.6833
52.4
37.35
51.9333
49
21.45
51.7333
33.5833
45.5167
32.1833
44.7667
29.25
51.1667
42.8833
43.3167
31.7167
30.6667
27.6667
22.9667
47.0333
15.3667
55.5333
36.1333
50.7333
23.9667
35.7167
17.3667
16.2667
33.8333
32.5333
26.9333
39.7
39.7
20.0333
50.5333
16.2
47.2167
54.7
35.3
35.0167
50.6833
43.65
37.5833
48.8333
31.7333
49.9667
43.75
41.9833
31.3
37.3833
29.25
36.1
29.15
37.8167
13.0167
44.55
45.4167
25.3
27.7667
23.1333
61.3
51.45
21.4667
23.75
21.1667
54.4833
29.7333
45.0167
47.6167
37.3
35.8667
47.0833
28.0667
30.4833
34.5833
75.0167
27.45
55.4167
17.3333
38.1
29.8167
70.1667
56.15
34.95
21.8167
36.75
67.4667
24.3833
24.5667
24
23.9667
33.0667
53.4667
39.9667
31.5167
55.25
29
47.7
37.65
57.0167
35.3833
23.4667
25.8167
18.0667
47.9
33.95
49.9167
28.5333
40.9667
43.15
67.2
49.15
33.4833
28.2667
28.2667
23.7833
9.48333
36.6167
31.3333
28.4333
64.75
36.05
27.6833
50.6833
48.15
27.9833
43.3833
54.9667
34.1
36.5333
40.6667
36.55
24.9333
28.9667
41.4333
52.6667
23.8333
32.25
40.4333
28.1
40.2333
23.5333
60.3333
31.2167
33.0333
30.5833
30.4833
22.8833
45.8167
22.5667
48.45
34.3667
29.1
38.5833
23.3333
41.0167
43.8667
45.7667
35.9667
21.4167
37.3333
38.95
34.8667
30.3167
57.4667
34.4667
22.3167
16.5
41
37
59.0333
39.2333
32.05
47.9833
36.4833
38.75
48.25
42.25
9.61667
36.4833
40
59.7
19.55
22.8667
23.45
32.9167
37.8333
16.5
31.3833
58.2167
50.2167
43.6333
31.5
29.9167
34.5167
64.0333
31.0333
63.7167
44.2
49.6333
41.7833
30.9167
26.8333
16.8333
17.9333
35.9667
36.0833
34.8667
59.1333
46.3667
29.9833
31.05
42.15
38.7667
58.5667
64.5667
18.1833
27.5167
30.3333
52.0667
44.2333
34.45
47.2333
47.6833
42.8167
44.3167
42.6167
40.6833
24.45
35.8833
41.55
41.2667
52.9167
45.2167
65.8333
23.6667
29.8333
42.5833
30.2333
68.4167
39.9833
39.7667
30.4833
41.95
43.75
25.9833
27.7333
43.45
31.6167
17.1667
50.9167
35.1833
44.6833
39.95
24.8
40.4333
30.35
48.1667
31.6
38.7667
23.6167
24.3333
15.3333
50.2333
49.2833
30.05
21.75
43.7167
45.7167
46.1167
26.7833
33.65
35.35
49.2667
23.4167
28.4667
37.05
46.15
35.5333
24.1333
37.4333
45.5667
38.2333
37.05
45.85
25.2
35.1167
32.3333
41.6667
23.35
57.8833
24.75
29.5833
16.5
48.6333
52.1
34.5333
15.5667
64.8667
30.5833
46.7167
22.8167
43.35
44.1833
34.9
23.4167
26.0833
35.45
29.1667
52.6
55.95
23.55
23.35
31.6
30.5
26.9667
21.8333
31.4
64.25
47.7167
52.5333
28.2667
30.2167
24.4333
22.3833
42.3833
32.3667
39.3667
37.6167
36.1167
29.2
25.3167
16.7333
24.3833
36.6167
30.2333
41.1667
45.5333
30.4333
41.65
30.8833
43.5333
22.1833
16.0333
29.5
50.4333
30.1333
57.6833
47.5
28.3667
30.4333
25.2833
29.4167
38.4
34.75
27.9833
34.65
53.4333
20.3333
40.45
34.65
30.6833
58.85
36.2833
34.6167
36.6833
59.25
54.1667
54.8667
44.5667
54.25
30.7167
37.0167
33.8333
25.8667
30.2833
18.3833
37.5167
45.1
52.65
40.75
26.5
18.1167
36.5667
64.8
40.2833
47.1333
24.2167
23.1833
16.65
15.6667
22.0167
38.05
28.1667
49.75
27.25
38.2833
37.4333
40.6
24.8
32.25
51.8833
17.45
51.65
39.1833
21
21.8667
30.5
22.7167
54.7333
24.6833
34.65
32.1833
36.6
26.3667
41.85
41.6667
23.6333
45.3
22.6667
24.8333
30.9667
29
30.8
31.2
41.4833
32.6167
11.6167
43.3333
34.3167
52.35
24.2333
32.2333
65.6667
44.1667
10.0667
52.3333
26.55
35.3833
52.8
49.2
50.55
28.7667
57
31.4
51.7667
29.5667
21.5667
23.1333
36.8
47.8667
28.05
30.0833
39.3833
27.1667
38.6
38.3333
23.3833
24.9167
11.6
45.5667
34.9
55.5
38.85
35
42.8167
24.8833
44.35
27.9667
67.65
32.3667
54.65
33.55
16.1833
41
35.55
47.0667
30.2167
24.9833
25.8167
27.6333
38.9833
32.0667
37.7667
64.9
23.5833
39.0333
61.1833
31.65
42.05
50.0333
45.1333
24.2
31.85
32.5833
41.2167
43.85
34.1833
47.25
41.6667
46.9667
39.9167
30.3
31.35
21.05
53.45
36.1667
56.5167
39.2
23.0667
59.4
23.1333
46.8
17.5167
36.15
10.9667
51.4
50.3667
22.8833
50.6833
36.6333
40.0333
29.6833
36.5167
50.1667
29.1667
33.7167
39.55
38.9667
38.9167
17.0667
31.2
30
35.6833
49.0333
16.75
21.5833
10.5
51.7
30.4833
51.7167
28.6167
50.8333
55.4833
41.2333
25.4833
30.1
23.5333
64.8667
40.6833
36.1
16.7167
43.0167
44.9167
50.3667
28.1667
35.15
39.2167
43.6833
66.3667
36.1167
24.5833
17.6833
47.0167
37.45
67.4833
35
42.7333
32.8
46.9833
36.7667
38.3667
42.0333
32.45
31.8667
36.5167
32.2667
61.7667
32.2667
36.05
29.65
53.5167
37.8833
38.4333
49.0833
23.4167
24.0667
47.8333
40.35
43.6
16.0833
38.1667
30.9333
35.3833
71.8667
52.7167
42.9333
21.4667
92.5667
24.5833
31.7167
32.2333
42.3
29.2
47.9167
34.4667
27.5833
41.7
22.25
26.6167
58.2833
35.3667
30.1833
29.2
36.05
43.6667
30.1
34.4333
42.1833
31.35
41.7333
29.5833
47.4333
25.6667
33.1333
46.5167
39.3833
34.0333
29.95
23.3833
24.3167
34.9667
32.55
35.0333
24.65
50.7
30.1167
14.9
34.9167
52.1667
47.75
28
43.0333
24.5667
41.0833
38.7833
37.0333
41.6
26.45
56.5
31.2833
47.5333
24.55
37.35
38.1333
61.6667
34.7
53.9333
24.8833
34.75
37.3
44.85
46.2833
29.8333
39.15
25.0833
36.65
22.55
22.9667
23.1333
30.5
24.5667
31.4667
33.6833
49.1333
39.3833
38.9
31.25
44.8
36.7833
23.5167
18.8833
66.7667
33.0167
21.8
50.9
29.2167
41.35
36.1667
43.95
43.6833
66.3833
49.5667
27.6833
30.4
41.75
55.0833
40.1167
27.25
37.15
32.9167
20.8833
38.3333
39.45
52.0167
45.8667
33.5
58.7167
40.8167
52.2667
50.9
40.8167
57.7833
44.7833
22.35
29.85
29.9667
49.75
41.9833
48.5667
31.3167
72.5
32.5333
44.3833
31.2167
51.1
37.1833
57.15
42.75
34.3167
48.4
42.9167
75.4
34.7
29.85
36.0167
44.8667
37.9667
33.0833
44.75
37.3167
30.2167
11.3833
29.8167
38.1833
28.3
68.3833
25.0833
19.3167
22.1667
40.1167
24.55
24.4
24.0167
23.05
34.5667
22.8167
47.0333
31.0333
51.6333
31.9333
15.2
38.2667
45.85
20.7167
65.6
42.2833
30.1
38.2167
52.7833
37.2
41.7667
27.6333
18.3333
35.6333
29.1833
9.9
37.8333
32.2333
34.9167
32.5333
59.2333
36.4833
29.85
38.65
70.95
23.2167
36.1167
24.0167
39.2167
42.8333
31.6
34.4
37.7833
41.4
37.3
40.1333
36.6667
33.65
55.6333
51.05
38.3167
42.9333
31.3667
34.7167
41.0833
35.0833
42.0167
31.2833
44.65
27.35
48.5333
20.0167
23.0667
39.8
41.6167
54.1333
59.5667
31.1167
32.8333
17.8167
43.8167
25.35
37.7833
26.3667
33.4167
29.0333
58.8667
28.7167
20.4
38.7167
31.1
42.4
29.3167
58.3667
59.1667
34.6167
28.3
16.7667
41.85
46.6833
30.5667
40.65
30.4833
23.9667
23.15
45.0333
35.8167
35.2667
32.5667
35.8167
17.2167
17.3167
46.4167
38.95
23.2
47.7333
36.6167
42.8833
45.6167
39.8833
43.95
36.05
33.6833
34.1833
23.3167
42.1833
52.65
53.6833
67.95
36.2667
63.1167
42.2167
45.9667
46.1167
43.3333
24.05
38.7
31.2167
25.6833
36.8167
37.7167
48.5833
33.0333
23.0833
34.8333
30.3833
48.2833
17.85
35.8167
55
21.6
46.3667
55.8
24.9333
43.05
28.5
22.6
39.7667
43.6833
30.6833
19.3833
28.4833
31.1333
33.3833
36.8167
34.3167
17.2333
32.1333
42.1
23.4833
48.8667
40.8167
29.3833
50.55
33.3333
49.4167
28.25
37.05
33.15
72.4667
39.6
44.8
23.7667
56.4167
45.6167
25.3
21.05
31.1667
23.15
32
53.1333
30.9833
40.5333
37.6833
57.7
33.3167
33.1833
45.65
34.6167
36.4333
34.2833
56.75
23.9833
35.8167
37.3
17.8667
39.6
32.4167
37.6
50.0667
33.4167
33.3833
25.9833
22.9333
27.85
46.95
48.05
41.15
36.7333
19.0833
40.15
33.1
28.4333
16.0333
28.9167
24.0833
27.3667
23.8667
52.2833
22.5833
20.5167
27.4333
53.2
34.8833
39.3833
42.1833
38.5833
35.7
49.6833
30.7833
36.2333
57.05
28.1833
53.45
58.5667
29.5667
57.7
27.0833
54.5667
68.6833
24.6167
32.5333
41.4667
22.8833
29.55
38.0667
36.7667
35.9833
54.5667
45.4
46.6167
38.7667
29.5333
38.0833
45.2833
32.8
34.95
19.2167
41.0333
36.4167
36.0667
31.45
39.0833
37.5833
28.1667
35.6
34
29.7833
38.1333
45.5667
53.5333
35.05
48.65
21.95
53.8167
25.2333
21.9
36.2333
35.6333
41.1667
38.45
36.8667
32.95
18.5833
45.6833
38.6333
61.2667
58.1667
47.25
57.0333
30.8333
34.8
63.9167
50.9
45.9667
45.3833
46.4667
29.6833
16
15.3667
23.5833
42.7667
37.6833
23.5833
38.85
23.5167
32.4
30
44.7167
39.65
36.2167
57.2
25.45
41.5
43.65
41.9
35.7667
52.2833
56.25
28.5333
22.8167
62.85
55.7
61.25
30.5
35.1833
43.6167
17.4667
25.3667
16.95
38.4833
35.5667
65.9333
24.25
26.95
32.7833
18.6167
54.6667
38.3667
28.2833
43.1167
29.75
32.35
32.45
47.2833
23.5167
43.0667
33.95
37.4167
43.85
48.9833
35.55
44.9833
36.2833
56.8333
35.6333
46.3667
57.5833
35.85
45.8333
63
31.1833
10.4167
42.0833
44.4333
15.3167
33.5833
40.3667
47.2667
22.8833
30.7333
41.15
43.7833
42.3
38.45
65.9167
30.5167
16.4833
29.7167
25.0833
29.4167
36.0333
50.5
21.8833
43.2
59.0667
38.3667
16.2
45.8667
58.1167
46.8833
44.7833
31.1833
31
38.4667
28.8667
16.3
17.8333
37.8
63.7667
28.05
49.3833
37.7667
41.45
39.1
61.7333
30.8667
45.6833
40.0667
28.05
35.4833
34.0833
23.4
60.1667
37.9
41.35
37.5167
21.1
39.9
35.5
29.5833
16.1333
41.5833
53.85
45
53.0167
39.0167
22.1167
28.6
54.5667
15.8
37.8
47.5667
25.8167
23.4333
28.5
38.6
16.9167
46.7
16.0667
35.45
36.5667
41.4833
41.65
38.8
30.1333
35.9333
36.9167
64.35
33.8333
44.5167
58.0167
44.95
41.6667
39.9167
53.6333
32.3
63.9
38.3333
51.8667
35.5333
56.8667
47.1333
32.6667
38.6
41.2667
29.5167
33.7667
33.4333
40.3
24.3333
15.8
32.2833
30.7333
46.2667
32.3333
21.9667
22.8333
52.1
44.2833
30.8167
31.5833
35.9167
23.3833
26.5667
55.8833
41.2833
39.65
73.2167
29.2833
45.3833
58.35
43.4833
51.1
43
52.6333
43.4167
48.2
22.4333
35.6167
56.6167
57.05
20.6667
37.7833
21.5833
16.9833
23.65
38.3167
40.1167
28.3833
46.4
9.53333
41.2167
22.7167
39.8167
44.4667
37.7667
25.6667
29.2
30.25
52.5
42.5833
42.0833
35.6667
46.2
31.8167
48.7833
34.5333
43.3333
37.3333
50.8333
25.9833
38.2833
41.8333
48.0333
41.1
43.3
29.5667
24.7333
24.3833
67.65
20.4833
44.1167
48.9
21.7167
37.75
40.1833
44.1333
36.1333
39.85
27.4
44.85
44.45
38.8833
36.5167
27
24.2
50.55
29.6333
30.8
40.7667
37.8167
39.15
36.2167
36.0833
33.1833
23.2833
57.2833
31.5167
43.0333
16.8
31.4167
51.4667
36.9833
28.6167
42.95
35.3167
30.2667
51.8667
41.0667
44.1167
24.6667
33.6667
50.2
45.3667
32
38.65
41.3167
27.2833
15.45
45.6833
39.45
43.0333
34.1167
41.35
52.45
49.1333
49.8167
35.3333
29.45
47.3833
36.9167
31.2167
46.8167
67.8333
34.55
43.6333
27.7333
46.75
24.8167
21.15
44.05
22.55
25.9667
25.3
48.4667
24.2
25.0333
35.6667
58.0167
59.7167
28.1833
44.7833
38.1167
29.35
27.1333
37.9167
43.3
40.1167
61.2333
37.4
71.6833
23.9667
29.4333
43.5333
41.85
41.5333
21.2
55.4
33.8833
53.1333
30.5
58.9167
29.5167
44.0667
20.7167
24.7833
24.1667
22.2833
32.5167
30
21.8667
11.2
31.35
49.6
37.35
53.4
40.0833
39
24.05
39.1167
29.6
24.75
42.9833
47.55
41.5167
31.3833
29.3833
47.5667
35.4333
47.55
42.4333
40.85
27.8333
35.2333
54.9
52.4167
35.75
27.5833
52.1333
38.8167
46.95
37.1333
17.6833
30.7
38.95
44.5667
38.4167
38.6667
48.3833
20.85
40.7833
42.8667
40.15
47.9833
44.3667
29
23.15
22.8833
45.55
40.0167
29.6333
30.8167
37.4333
10.8333
65.6167
28.35
53.8
44.6167
26.45
29.7167
43.9667
36.6167
43.1667
31.6
45.6
34.3167
51.2667
22.1
65.95
45.2167
51.6167
9.76667
67.1667
36.35
27.55
42.8167
48.0833
45.95
38.7667
53.05
30.15
39.4667
28.1667
45.1833
24.7
31.25
67.45
39.9833
42.2833
43
42.6833
32.8833
39.3833
46.0833
23.6
25.1833
43.95
38.2333
26.9333
43.8833
29.3167
33.4667
31.7667
32.6
21.5667
29.3833
22.2667
53.8833
43.0333
31.35
36.15
27.3
33.8167
54.8
48.3833
25.8667
48.85
35.1667
51.1167
61.1667
36.15
23.8
29.4333
49.6167
36.05
41.1667
57.6333
35.55
29.2167
48.2333
21.9667
49.85
24.6333
21
45.8667
23.15
35.6333
35.5333
23.4667
38.6
31.0667
35.6833
59.4
16.6167
22.4833
29.8833
58.05
41.6
42.5667
49.1333
22.4
37.8833
23.75
46.0833
44.1667
27.4667
47.8333
43.8333
24.8167
66.65
18.2167
55.45
33.4667
49.0667
33.7667
46.7
36.4333
52.8333
21.0167
56.9667
56.6
22.6833
24.25
44.2667
35.3167
29.5667
43.3
40.6833
26.0333
32.3
37.1333
33.7833
31.1167
10.2833
23
38.4833
66.75
29.7333
28.7
54.2833
41.9833
53.6333
18.3333
24.1833
46.2333
44.1333
22.95
33.5667
30.2333
32.8167
33.3833
25.0667
31.9
43.8167
43.8333
25.8833
57.0833
26.7167
53.7667
60.05
17.4667
92.6167
23.1167
17.7333
49.2667
60.65
38.8833
32.55
38.4
31.1167
26.9833
40.05
41.4833
24.5667
31.8167
24.95
44.0333
47.6833
51.2667
37.2
36.9833
35.85
44.1
46.9833
46.0333
44.6833
40.6667
41.8833
26.5833
16.4167
40.0667
34.9833
56.7667
37.1333
42.35
30.7333
29.1167
35.2667
43.9667
30.45
26.2
51.4833
34.9667
46.6
35.5
47.8
22.2833
42.6167
10.9667
33.2833
37.3167
24.1333
57.4667
41.7667
28.5833
41.7167
24.5
41.8833
16.8833
36.3
29.05
49.9167
29.2167
27.7833
42.4833
33.8167
40.5833
43.5
44.9833
35.9
63.4167
34.9833
51.0333
44.6
29.75
62.35
57.9333
42.3667
51.8
37.6667
43
66.9
35.5333
21.8333
21.95
23.6167
30.3833
36.2833
40.5167
38.2
46.0333
41.85
29.55
39.2167
23.9167
18.8833
56.7
59.9
33.65
51.5667
51.3167
61.8167
37.7333
14.65
43.1
66.3333
43.7
40.4333
60.85
28.1833
38.0333
52.4333
44.6333
25.5333
23.5667
41.2333
43.1167
46.3
22.45
41.5167
30.5667
28.4333
15.5833
42.2167
41.4667
40.6333
21.3
30.5
23.7
38.4667
32.4667
27.9
21.6833
46.5333
29.4333
46.2333
36.1333
23.8833
69.05
58.9333
54.6667
38.55
30.2333
40.0167
34.4667
36.6
23.9667
37.5667
30.3333
39.1
20.0833
21.9
39.1
42.4333
32.6833
30.9167
55.35
37.9667
29.2333
41.9667
33.8667
22.1667
24.5833
22.5667
23.5
45.9667
17.8333
38.6167
45.0667
46.3333
38.8333
36.9
28.8
38.9167
23.8667
36.6167
30.7667
30.1167
50.1667
33.9167
45.2
43.5667
49.5
52.2333
47.9
24.5333
50.2
21.4833
54.1667
39.5333
36.25
42.65
41.3167
23.1667
48.9
36.7667
64.5333
37.2
24.9167
61.0333
10.45
39.15
23.1833
39.9833
60.3833
29.8
51.0833
35.2833
31.5333
35.75
41.0167
68.7333
18.2333
37.8333
69.5667
34.2
44.8167
46.7
45.7167
46.3667
29.7667
33.15
46.0167
42.65
24.8167
45.95
49.8333
42.0667
58.5167
54.9
35.9
45.6333
34.3
31.0667
53.4167
9.96667
24.75
61.6167
31.4333
36.5167
17.7333
31.8167
26.5167
45.6167
44.1833
39.7333
52.9167
49.0833
39.7667
39.55
47.6667
33.3167
25.1333
35.8667
48
33.0833
16.45
23.65
51.2833
34.35
28.75
55.15
20.55
30.3833
23.75
43.5333
61.6167
36.55
49.3667
27.6167
17.3833
37.5667
30.4833
47.6833
35.0333
23.8
36.4667
54.8333
38.7167
33.9833
57.55
27.1833
62.5667
66.6
36.4
17.8667
16.6
33.2
58.4833
32.1667
45.9333
31.4667
76.8667
27.1667
25.7333
9.45
47.8167
47.1333
39.4833
50.1
56.1667
22.0833
58.3167
40.7167
31.8833
34.65
56.1333
24.2833
43.4333
49.3667
44.7
43.9667
37.7833
56.1667
44.15
40.7
40.8333
51
37.7
54.9667
64.6833
58.8167
44.4333
44.8167
14.2333
36.3167
21.1333
43.6333
27.8667
27.1667
37.25
24.1667
46.9333
43.0333
50.7833
28.05
48.6333
30.9333
50.1
24.9
21.4333
36.7667
50.25
40.3833
29.9167
27.9833
47.4167
25.8667
37.85
36.8333
39.1833
40.8
43.8667
24.6833
29.0667
43.3667
17.0833
30.95
57.15
45.8
46.0833
36.2667
24.35
30.7167
30.2
33.55
24.65
44.0833
22.3333
51.55
35.1167
53.4
31.7333
43.35
33.4
30.6
32.8833
37.8333
23.5333
43.3333
33.25
25.0167
32.9
35.8333
58.8333
43.35
31.1333
50.8
23.0833
49.4833
15.1667
67.7333
60.95
27.7833
40.7167
38.5667
57.0833
49.95
24.85
40.9667
32.9833
22.7833
39.9
57.55
46.1333
25.4333
22.1333
43.45
31.95
35.5667
9.53333
39.5333
15.3333
36.6167
48.6333
45.3167
26.35
10.9667
25.2
39.7333
30.75
45.6167
10.4333
34.5
36.25
31.8833
30.2667
23.1667
58.4333
23.05
43.3
24.0667
38.4167
27.9333
46.8333
25.9667
25.9667
15.4167
36.05
36.2667
22.85
43.35
36
64.5167
24.5333
32.25
51.55
21.9833
45.6333
49.4
35.8167
15.9167
35.7833
68.4167
39.9667
52.3333
21.9667
25.5167
25.1
29.2
30.2
50.05
39.9167
21.1167
37.7333
21.1167
49.4833
31.6
49.3667
47.15
34.4167
42.7
36.35
25.2667
41.9167
10.3167
27.95
50.55
31.5167
46.7667
34.4667
24.1333
31.65
43.2667
35.25
29.2833
27.2333
40.8
24.1333
39.4167
37.0833
48.7333
29.0833
30.5167
38.7333
51.7
40.0833
29.6333
32.8833
43.6667
26.95
41.6167
25.45
36.6
40.4667
51.25
33.9667
85.5333
44.1833
37.3667
24.7
74.25
31.75
26.85
16.4667
54.6333
32.7333
43.1833
38.55
24.05
29.2833
40
33.0167
22.5167
40.3
47.35
37.65
32.7333
48.6667
32.1333
34.3833
36.2833
34.6833
30.8
43.8833
33.3167
53.1333
39.1833
22.95
35.3167
50.6333
15.8
61.0333
39.1333
36.6167
34.6833
27.75
44.35
33.1333
40.1667
23.4333
35.9333
34.3333
37.25
45.5167
48.35
34.4667
35.8167
35.4
45.45
59.3333
42.4667
52.7
24.1333
36.5833
45.5167
27.4
41.0833
42.3833
45.1167
31.6667
32.3167
30.9167
48.4667
32.35
38.1833
39.5167
15.7667
27.1333
27.5833
39.15
43.8167
36.6833
22.0833
43.8667
64.7833
24.1167
50.7833
28.1667
56.4
30.3167
42.7167
41.3833
32.3833
32.95
35.1167
40.55
61.1833
22.3833
30.3833
44.4333
50.5667
42.85
32.6333
31.6667
29.55
41.9167
23.65
20.7667
38.3667
30.9833
27.4167
26
21.4
25.2667
31.45
25.8333
38.55
37.6667
42.7
41.9833
36.4167
21.3667
48.3833
30.05
39.7
38
40.85
20.8833
40.9167
48.4333
34.2167
36.7
20
38.2167
52.7333
30.2333
32.6
36.2167
48.4167
55.3833
23.8833
28.9333
34.2167
35.85
16.15
40.7
62.7
27.0667
36.2333
32
29.05
34.6333
73.8833
60.2333
45.0667
48.75
28.0667
33.7833
47.3333
49.1333
39.5667
33.25
36.9833
42.2833
22.4833
22.8
33.7833
42.45
37.7
52.05
32.7333
31.2333
41.15
40.4
31.15
35.1333
22.1167
36.5833
52.0333
35.4
28.0333
59.3167
42.3167
49.25
45.4167
34.3333
64.1833
48.1167
37.7833
36.9333
39.25
43.7833
29.8167
21.5
29.7333
62.3667
25.3
17.6833
35.2333
43.1833
30.65
20.9
53.6333
38
27.2167
26.1167
75.3
40.0167
38.6
24.1167
18.0333
29.9167
37.1167
24.3833
30.4833
35.9333
23.8667
42.2167
45.6833
43.1667
29.2833
45.5
10.3
44.9667
32.4667
30.8167
46.8167
42.8667
43.5333
14.7167
15.1333
23.8833
38.8833
27.5667
30.9167
30.1167
54.15
29.8833
41.2667
61.7667
30.5
53.55
35.9833
56.1833
47.8
27.85
30.3833
36.8667
40.65
51.4
26.5667
45.8667
34.75
47.8
44.7667
45.85
48.2667
26.7
48.7
30.3667
24.15
55.4833
21.4833
41.3667
31.95
46.15
50.2
22.5167
23.5333
19.5333
32.9833
22.7833
31.2167
32.3667
39.2833
34.8
32.4167
36.1
45.5
28.8333
70.6
48.7
56.5333
49.2
38.3333
49.6667
56.5167
25.0667
45.45
28.3167
23.1667
34.0167
27.7833
28.5
42.2333
38.4667
38.3333
50.1167
34.8
31.7
37.0667
38.85
27.8333
24.45
21.9167
10.9167
28.5667
37.8
24
61.3333
24.9
45.8167
42.35
25.5833
26.6333
32.2833
22.4667
34.9667
30.1833
25.1167
42.9333
41.4333
28.9
51.8
34.35
61.55
42.75
34.2
29.6333
21.0833
32.5167
31.2167
59.5333
44.15
44.75
21.8667
40.95
26.0833
23.0667
49.6333
38.2667
60.7833
30.3
33.05
40.7667
39.2667
38.3167
32.8833
46.9667
43.3167
41.8667
30.2833
24.7167
37.9667
16.7833
48.1
31.5333
31.9
15.3167
57.9
28.8667
33.0167
29.5
29.3
24.9833
21.8167
49.9833
38.05
49.35
44.7833
43.2833
26.3167
52.6667
46.6833
51.8833
17.5167
71.2333
38.7167
38.6667
30.4
57.3667
17.5333
23.65
51.8833
46.7
36.6667
39.8833
33.75
29.9833
15.3333
22.4667
46.8833
28.8833
23.3333
41.1167
43.4167
27.9167
43.8333
44.6333
22.2333
67.2333
34.1167
28.6833
28.15
39.1667
32.05
30.7833
42.4833
24.2167
24.2833
37.6833
30.7167
48.1333
43.3333
43.55
38.1167
31.8
25.2
34.8333
43.6333
37.95
18.1167
15.5
24.9
43.1333
43.6
29.4667
45.4667
54.2833
44.95
73.2667
39.7167
60.6667
46.1333
51.4667
48.8167
46.1833
37.05
39.1667
30.3833
28.8
29.95
42.4167
38.7833
9.65
48.6333
49.6833
48.4333
62.4833
36.9333
40.1667
16.4333
15.95
39.3833
27.45
73.5833
39.3167
24.55
39.3667
26.4167
45.8833
38.3833
62.9167
38.35
76.15
28.3167
35.7
16.9333
69.25
26.9833
37.2167
23.05
23.6833
38.9333
15.8333
37.7167
27.7333
35.2333
54.9833
23.0333
39.65
59.7833
59.9333
26.7
38.95
30.5667
50.8
28.1167
37.5
43.2167
23.15
49.85
43.8833
35.4833
34.9667
35.1833
71.5667
31.95
22.0333
30.1
64.45
38.65
30.35
30.85
55.3833
25.8
39.45
40.3833
50.6
35.7333
32.6
45.7
37.25
43.1167
39.75
43.8667
21.7333
27.8333
27.4333
49.1
15.4667
24.2667
28.3
55.0667
27.8667
14.9
30.8167
26.3333
16.0333
52.0833
44.2
37.6
31.3333
38
30.8833
30.6833
43.05
18.8667
39.0667
52.0833
75.5667
47.3833
34.2333
28.35
41.6833
16.7833
42.2167
32.1167
37.55
38.8667
20.95
51.4
50.2333
42.9667
45.4167
45.75
43.8167
82.9667
26.65
31.4667
50.1833
51.9833
17
52.8167
40.0333
36.95
44.7333
43.7
48.2167
46.0833
20.9667
34.8833
47.0833
44.8
34.2167
32.5667
22.5833
56.7167
29.8
35.3667
40.8
49.4833
35.8667
36.2333
45.15
29.3333
30.6167
24.0833
35.3833
43.6833
23.7167
44.2667
40.1
29.5833
22.95
34.6333
45.9667
36.9167
43.65
27.7167
25.4333
47.4
53.15
24.2833
34.7333
33.3833
52.3667
65.65
44.5833
24.8333
42.1667
25.8667
23.0333
23.6833
42.1667
28.8333
23.1167
37
53.05
44.9167
21.7667
37.2833
38.7667
48.65
36.45
30.4333
52.25
14.9667
32.1
46.9833
31.9833
42.4833
54.1333
49.9167
23.1
35.3667
53.25
42.3833
29
44.1667
64.0667
29.2333
35.4333
38.35
58.6333
24.5833
31.7667
48.15
61.0833
42.5333
37.1667
30.55
29.35
23.4833
30.6167
44.9
16.6333
46.35
37.2667
49.0833
42.3333
41.6
42.1167
50.5833
29.1667
27.1167
21.05
25.15
53.1333
26.2333
30.95
29.5667
30.9333
16.7333
29
22.9
43.8833
39.75
36.7333
45
19.5
44.9167
27.8333
44.8167
58.35
42.1833
36.1
32.6667
18.6167
38.6833
50.6833
45.0833
38.1333
29.8
37.4333
41.6333
58.35
40.0167
36.9
36.7667
46.5667
39.1
39.7167
45.05
46.0333
28.75
31.2167
36.5667
26.4167
25.8167
30.7167
29.0167
26.2833
23.6333
32.25
30.7667
37.2333
59.4167
28.9167
16.8167
32.4167
42.5833
50.5333
45.5833
55.85
36.05
30.2167
33.6667
19.25
23.9667
39.9167
34.2167
32.6
38.05
69.4667
35.5667
39.3667
32.5833
28.9
21.8167
32.0667
30.0667
8.43333
52.55
30.3333
42.2333
43.0167
54.0167
38.0667
35.35
40.0333
17.4
44.5667
36.7167
49.6167
45.3667
55.7667
32.75
25.9333
47.5333
36.4667
23.0333
64.6167
49.3333
31.9
34.6167
23.3833
59.3
38.0167
48.05
47.7333
58.9333
35.95
17.6667
38.5333
24.4667
51.05
34.55
17.8167
49.2167
28.3833
68.9167
38.4333
23.5667
28.3667
39.4333
18.3333
49.2833
56.3
22.8333
41.95
15.9833
60.0667
35.2667
29.7833
64.6333
54.95
28.3833
40.5
43.9833
18.2
53.7667
45.0667
44.7333
22.5167
64.75
25.8833
36.5
49.25
42.95
37.5333
27.6667
56.0667
38.3167
30.1167
35.95
33.1833
35.1
44.3667
40.7667
35.3167
41.35
31.4833
31.7667
31.5333
43.2167
45.4833
30.8667
32.1
27.7333
37.9333
60.1333
35.9333
43.25
33.3833
61.9
37.4167
36.6167
51.1667
37.05
51.5167
41.8833
22.7667
16.4
31.6833
36
52.3333
42.3333
49.7333
47.0833
40.8833
33.1
35.45
33.15
17.5833
65.0667
32.2333
53.1167
31.5667
58.0667
44.25
28.7333
49.1833
44.0333
29.7333
37.9
50.5833
36.9667
44.1667
42.15
48.1667
34.8667
36.9
33.4667
43.9
23.7667
59.55
49.9333
9.15
36.6833
31.4167
30.5667
47.4333
28.4833
10.4333
38.3833
49.2
52.2167
36.0333
32.4333
60.2833
52.5333
41.1167
23.9333
38.9333
54.65
35.8833
36.6833
44.7667
43.4333
27.3
22.3667
38.5667
42.7833
47.2167
78.1
38.1333
55.75
34.2167
38.3833
41.8167
51.4667
44.9
28.8667
24.0833
30.75
41.8333
23.0833
61.1167
38.6333
20.9167
45.2833
48.9
37.7667
39.5667
41.7333
38.6
28.8833
32.6667
38.3
49.5833
38.1
46.95
38.7167
20.7167
35.9167
33.8167
50.8167
41.2333
31.5
34.65
27.0833
47.3833
42.25
23.95
36.9167
35.0167
38.7
19.3667
29.3333
59.3667
39.4167
15.25
47.1333
36.9
53.1
30.1167
50.3833
49.3333
29.1667
32.1667
22.85
49.3
41.0167
28.7
43.0667
24.3833
41.85
44.45
37.2333
28.8833
16.0167
57.8167
46.9667
34.9833
23.5167
29
17.8167
33.0167
16.5
33.3333
8.96667
22.1
45.2833
30.6
27.2167
30.6167
44.9833
23.8
31.9667
34.1333
30.2667
42.75
35.2833
58.2
50.6333
33.45
37.6667
16.3
34.7
54.2333
25.8
23.75
24.2833
50.15
32.85
43.2167
38.55
27.6667
36.85
31.9
57.8167
34.2167
39.8333
38.2333
24.5667
31.1667
35.8833
41.7167
41.5833
38.65
36.4
27.9
46.4333
34.7833
35.65
36.2
43.6667
31.6167
51.9167
23.2167
36.7833
38.6
56.0167
47.65
50.6667
35.8333
39.3333
28.4167
36.1
29.8167
31.4833
48.4333
20.8167
47.1833
78.7333
41.85
22.2667
56.4167
29.3667
29.6333
16.2667
32.7167
30.4
25.15
52.15
25.7833
32.15
43.05
36.7167
16.8333
45.7167
28.8167
47.0167
29.8667
54.35
34.7833
42.9833
37.7
22.9
43.05
37.7
22.6167
53.9833
42.7333
20.8667
23.2333
46.45
55.8833
42.4167
60.85
57.4167
56.6
32
33.2167
40.7333
56.7333
30.8833
29.7667
45.9333
39.9167
42.4333
58.8167
37.65
40.7833
45.4167
34.35
38.55
36.7167
37.5667
51.5833
27.4667
17.2333
52.8667
30.7333
31.2667
33.8667
27.3
59.7167
33.7167
46.7
40.9667
52.6333
37.2
38.1
29.4
28.4833
27.55
37.5167
25.1667
39.3667
35.95
39.3
35.45
15.1833
34.0167
28.1833
52.35
35.5333
27.4
44.3
41.6167
18.9667
53.35
27.45
15.5833
7.93333
32.9167
9.76667
33.3333
19
34.1
38.2667
29.55
41.8833
37.5333
11.7167
29.85
26.7
33.3
20.1
28.15
34.8333
24.4667
31.6833
43.45
29.9333
27.65
49.7833
44.9667
49.3
48.9333
62.8833
23.05
14.95
35.6167
10.25
33.6667
23.6
52.7167
37.6167
38.8167
23.7833
35.4833
47.45
60.6
59.75
9.71667
29.7667
32.6
37.75
42.5167
19.2833
52.4667
58.5833
45.2167
28.4333
25.35
33.1333
47.4833
30.5667
37.4167
38.5
49.2167
20
28.7833
60.4667
43.9167
44.8667
35.5833
37.4
16.6833
44.9333
37.85
31.3333
34.7833
15.8333
28.75
28.4
31.15
23.45
35.9833
34.1
28.2
29.7167
23.6667
54.1
35.3833
25.05
20.1667
34.45
49.4167
56.1333
38.4333
28.8833
40.9333
48.65
49.4167
38.55
40.6833
38.3333
37.75
28.6333
34.7
32.8833
45.1333
17.6333
44.2
33.5333
36.7167
47.5833
23.9167
29.1167
29.8
25.7333
153.8
34.3
37.95
40.0833
29.45
26.9333
50.3
8.46667
42.4833
23.3333
38.75
44.1333
25.6167
28.0667
40.1333
16.6667
44.1333
29.8
34.7667
27.95
47.7333
33.0833
30.9
49.9333
32.6833
41.2833
32.5
20.6833
56
39.5833
37.65
24.0833
29.25
34.3
29.1333
28.45
64.2167
29.35
17.8
34.3333
40.4833
22.05
64.65
50.4333
16.45
25.0833
45.4833
34.5
37.75
25.1333
42.2833
29.1167
45.8667
31.1333
31.9167
22.5333
43.2833
44.35
44.85
44.3833
29.8667
39.3167
35.2667
21.4667
40.8333
39.4667
37.3333
33.95
35.1
37.95
57.0333
29.6
54.9833
35.7333
32.4333
28.3167
35.2667
39.5833
32.4167
43.6333
34.5
32.8667
27.6333
55.6167
19.9167
30.9833
45.4
35.75
42.5333
30.9
59.85
38.1167
39.4667
38.6167
42.65
59.4333
59.35
27.3667
24.1667
44.8667
43.9667
38.1667
31.6333
50.5833
45.6
29.1167
46.6
42.6333
52.35
41.7833
46.7167
39.7
41.35
65.8833
10.0833
47.6167
35.2
45.7833
37.3167
29.3833
30.75
52.25
30.8167
35.45
48.85
29.4333
27.3
29.8167
23.7167
42.1
50.2333
39.0167
37.55
65.8667
36.8167
37.1
52.7167
30.7167
24.2333
36.1333
34.05
31
27.0167
20.7167
50.55
38
29.55
35.1
68.05
35.1167
36.7667
45.5333
51.7333
35.45
35.6333
40.4333
43.1667
25.0667
59.2333
38.7833
21.25
41.3667
47.45
33.7667
27.45
37.1667
59.7833
27.85
43.2167
41.6833
48.5333
49.85
44.1
41.9833
31.6833
36.4333
49.25
54.1333
34.4
48.4
30.8833
34.1167
51.2667
28.1
49.1333
26.1167
22.45
45.0167
14.9667
27.05
42.1667
22.5833
39.25
30.4667
35.35
65.9667
29.6833
36.6833
31.5333
45.4333
28.8833
35.1833
44.4
43.1833
67.1667
29.3
39.2333
27.75
64.4333
17.1833
32.0167
29.4
24.75
22.0333
44.6667
21.8167
39.1667
41.1
25.3833
51.5
44.2
28.1167
15.8833
15.7667
31.3167
39.75
17.9167
55.95
14.9833
22.4333
43.1167
34.9833
28.4167
37.2333
37.2667
55.2833
45.5833
23.1
36.6167
24.3
42.1167
59.1167
35.0167
27.6167
28.1833
15.2833
33.5
48.4667
30.75
52.2833
40.4333
30.8
44.8333
15.9667
22.75
38.1333
24.1833
28.8
61
44.5167
32.2333
46.3667
37.0167
45.8667
38.05
35.0333
48.3
40.1
43.5
46.1833
27.3
38.5833
36.7833
37.7833
33.5833
30.7667
24.0167
42.4167
36.2167
46.7333
59.0833
29.3167
45.1667
25.6667
34.15
29.0667
36.45
31.3167
24.9667
35.7667
56.8833
29.55
60.3333
66.5
49.3833
34.8
32.6
54.7333
29.5333
45.7
29.4333
41.2833
43.5
35.6333
41.1
52.8167
35.6167
28.1167
44.75
35.85
30.0333
38.8167
36.3
56.8667
35.5333
26
25.1667
60.0667
30.7667
17.65
43.7667
15.7833
52.05
31.0833
24.8833
39.25
60.7333
35.8
56.1667
33.65
41.7833
35.35
40.1667
57.7333
16.85
34.95
32.1167
43.25
26.2167
41.8167
41.55
62.8167
35.2833
62.4333
32.3333
35.6833
33.2
38.9
30.0833
17.3667
28.1167
35.7333
33.65
67.6167
35.6167
37.0833
34.1833
54.7
51.7167
30.1333
22.5667
50.8833
21.9833
42.8833
28.2833
44.2167
35.8667
17.05
35.65
32.8333
38.25
39.8833
77.8333
50.25
36.8167
53.7
37.9
34.85
28.5667
36.3833
29.8833
16.5333
16.8333
53.2167
16.2167
38.0333
57.3833
42.9667
49.9167
22.8333
15.75
53.1667
36.6167
36.4667
37.3333
49.9167
39.2667
54.9333
31.5167
36.9333
42.6333
15.4
46.85
36.5
37.8167
36.1333
23.05
42.9
17.95
37.4333
19.1333
33.4833
58.9167
30.1833
30.05
48.1167
30
59.6
31.2167
37.8833
37.7833
26.9167
29.1
20.8667
48.0833
51.9167
42.3833
8.96667
37.8167
29.2
43.7
28.15
58.5333
9.96667
16.4
50.5
42.3667
38.35
17.2667
17.3833
15
48.1167
97.9333
28.55
15.9333
17.6667
48.1333
44.0667
38.6167
41.1833
45.4333
47.1333
37.0333
42.2667
29
40.25
45.6167
57.1333
34.4
46.1167
43.4
30.2833
30.3
17.3833
29.3833
29.1167
46.2167
48.75
37.1667
45.9
42.7667
23
43.45
36.3833
32.9833
38.1333
39.6667
31.9333
9.33333
19.15
29.3833
50.55
30.4167
48.65
60.0333
43.1333
39.4833
34.7167
28.85
57.3667
35.5333
34.9333
31.9333
37.5833
29.1833
36.7333
31.25
16.9333
45.1667
31.4
54.8
47.3333
43.6333
35.8833
28.05
42.2333
38.05
46.35
53
42.6
57.9667
64.1333
37.3167
25.0167
9.83333
31.3667
75.1667
34.9833
53.25
41.35
38.6833
50.7667
21.4167
67.6
28.8333
44.6833
36.7333
28.9333
37.2667
38.05
16.4167
26.55
23.1333
54.95
33.25
23.4833
37.4833
56.2333
41.6833
23.3
40.0167
45.4
20.8167
16.3167
40.7
42.9167
31.8333
16.3333
36
30.6833
35.2667
28.1
15.0667
51.1167
23.65
49.8167
20.7833
30.1667
57.0333
19.4167
34.8
31.1
31.8667
52.0667
42.65
46.75
34.85
29.2
27.0667
43.1
48.6667
44.1167
27.35
39.6833
35.5667
36.3667
46.5
35.5
58.9833
45.45
44.3833
39.2333
42.9333
42.9167
50.6333
42.7167
40.55
34.6667
30.9
48.8333
30.1667
31.8667
49.7333
32.7333
41.8833
24.9667
34.8333
37.6667
21.4167
59.1
22.1667
64.75
25.2333
30.1167
30.2333
29.4667
18.8167
33.4667
30.6333
28.7
37.1
22.95
22.55
42.5667
57.75
30.3167
52.5833
55.6667
51.3667
68.4333
47.7833
50.7167
30.05
36.75
33.9
31.2
23.2167
55.8
30.0667
37.05
58.0667
24.85
38.15
24.7333
36.5333
39.2667
48.0333
30.4
42.5667
33.9833
16.2667
30.4
34.1333
33.9833
52.4167
42.95
10.65
35.2667
46.6
39.8667
21.3
56.2
48.0167
53.3667
60.9667
47.8
36.9333
42.3
45.3333
30.6667
30
40.1167
21.85
50.5
34.5167
37.0833
57.75
27.7333
34.9333
43.8333
41.7667
54.2
57.6667
38.2
62.9167
38.65
17.4167
38.8833
51.05
44.1833
32.8667
56.6667
16.1333
30.0167
16.95
31.75
30.0333
50.0333
48.9167
31.75
37
46.2
27.9167
40.9833
58.9
30.8333
33.3167
22.3833
29.1667
23.8167
52.0167
33.1833
52.7667
40.2
60.8167
24.8667
22.75
21.4667
36.0667
27.2833
38.2667
40.4167
25.8333
31.7667
43.8833
28.8167
28.9667
39.55
114.733
35.25
35.5167
66.8
40.1833
32.45
37.0667
49.9167
31.15
30
42.4333
34.5333
24.75
20.7667
38.7167
33.7
16.8833
50.1
45.4833
45.15
18.0667
34.8833
45
47.7167
44.9
35.0167
22.5167
22.5167
38.5167
29.0833
58.0833
30.6333
24.2167
16.15
29.9833
42.4167
10.0833
49.5667
63.6833
37.95
51.5833
21.3333
44.7667
32.75
34.7
16.8
60.4667
24.0667
48.7833
45.6
53.4
29.9167
21.55
43.3333
43.9167
48.3
65.4833
37.4833
34.6833
57.7667
44.3333
58.45
45.5667
28.7833
32.6833
33.6167
45.8
44.5333
35.45
38.7333
58.8167
39.7833
34.5667
37.2
24.2167
45.6667
40.75
37.2667
30.4833
21.45
22.1667
53.7
34.3833
27.4167
39.95
47.9667
8.83333
23.0667
24.6167
16.5333
36.3667
55.4
39.6833
30.6333
56.9667
66.9
32.6
52.7667
36.5667
25.3667
29.3333
20.25
19.25
29.2833
24.4167
66.3167
58.4
17.9167
50.0333
31.7333
40.8167
31.95
38.55
15.3167
38.0667
45.1333
35.7333
36.8667
27.5333
10.1167
59.8667
30.7833
59.8667
47.9167
47.1
30.4667
45.8333
16.2833
51.7833
43.4
30.7333
41.6
30.85
25.15
27.1667
30.1
36.35
33.3833
42.35
37.1167
36.95
45.9667
31.55
23.95
51.9
62.25
32.85
16.0333
54.0333
43.8667
49.35
24.5667
37.5167
30.8
40.3833
36.6667
43.0167
21.65
46.2667
38.1667
29.3333
27.3
37.8333
42.5333
24.6833
37.3667
22.8
22.85
42.3
35.85
26.8833
29.7667
34.8833
40.5
30.85
35.7667
24.4667
59.3833
14.7
41.2833
24.6167
43.4
25.8667
27.5
34.9833
39.8667
30.3167
44.5333
47.5333
30.4667
34.7
23.8833
50.8167
55.2833
46.1167
40.1667
53.7833
36.7667
53.4333
46.4
29.75
36.1667
17.1333
43.2667
29.7333
44.1167
34.9167
42.1833
56.4333
21.9333
23.6
40.75
32.9167
41.6833
19.15
34.8167
40.15
47.0333
42.2
44.8167
40.9833
50.3333
42.8167
30
22.55
23.0167
40.7333
8.73333
38.5
58.25
31.3333
38.7333
46.2333
29.8833
27.3833
22.8833
51.9
23.8
38.65
42.1833
17.8
42.9833
70.2667
36.2
43.7333
21.0667
20.3167
24.45
42.1667
35.5667
41.7667
25.2833
50.95
23.4333
9.81667
29.7167
24.3667
23.7
32.1833
68.0833
45.4667
61.1333
37.7667
19.4167
44.4
28.9333
26.55
51.6
40.8
24.7
56.0333
21.7667
41.65
26.2833
29.7833
32.6333
37.15
22.2833
30.0833
27.55
56.3
27.6167
27.9333
18.3167
41.2833
36.1167
33.7333
42.6833
30.6333
42.1333
45.85
38.6167
37.25
53.1
52.8833
25.1
30.3167
40.8
29.05
39.6333
37.4833
42.1
32.4333
29.1833
42.5
30.1333
31.3
33.7167
26.2667
43.8833
43.05
55.3167
55.7833
10.25
28.6
49.1667
59.3167
37.7
73.4167
45.6167
29.9667
49.3167
32.2167
39.8333
35.45
45.3667
23.8
59.8167
33.75
21.1167
50.1333
23.9167
31.2167
39.4333
29.3167
37.7
44.1667
37.0333
32.05
31.15
40.2333
19.4
31.1833
30.1167
16.8833
46.7
69
27.1333
26.8667
58.1167
31.6167
46.3833
29.95
53.7833
29.8667
37.5167
22.0833
35.3833
52.2167
37.75
49.8333
69.15
38.3333
23.75
38.8333
29.5667
46.2667
33.8667
33.2167
45.6833
21.8167
44.0167
42.0167
23.7667
44.95
32.3
36.6167
41.3333
35.3167
42.7333
30.8
44.3833
15.8667
56.6833
57.1
29.6833
35.45
36.65
32.7167
46.4833
38.4667
112.15
29.0833
29.1167
39.0833
31.85
26.5833
44.4
40.9833
68.0667
33.05
67.8833
35.7167
43.1
32.7667
54.4167
57.15
56.85
70.8833
57.4
27.4167
28.3333
51.8333
24.4
56.5167
44.25
29.65
16.6667
35.3667
17.2833
23.6
33.9167
44.35
29.4667
31.15
27.4833
26.15
32.6667
36.05
56.8333
29.45
46.5833
23.5667
42.5833
23.0667
17.4833
49.6167
29.8333
24.9333
24.9167
14.85
47.2
49.4333
34.2833
35.2167
39.85
21.5667
17.9
33.1167
24.9
62.55
34.75
43.3667
24.3333
52
38.1333
54.0167
15.8
63.1833
32.2333
25.9333
49.6833
33.1667
41.4667
36.7
37.8667
44.4
30.7667
43.1
59.2167
42.9833
49.2667
32.4333
29.5167
16
33.8
36.85
49.3167
25.0667
42.9333
40.2
62.7167
53.9167
42.5667
55.2333
61.3333
51.2833
28.85
41.4833
49.8167
36.5833
23.3167
50.6167
22.3667
50.9833
44.85
29.3833
38.3333
31.0333
41.0333
49.2667
28
29.2667
40.05
42.6167
30.6667
25.1167
33.3
45.15
65.0167
28.1667
35.2333
35.2
36.8333
21.5833
41.1333
41.7
25.0333
22.5
57.0833
29.7333
40.8333
37.6333
31.6167
67.55
37.95
25.0167
35.25
35.3
28.2667
29.2
46.3167
38.3
63.2
26.9667
48.8667
29.3167
37.5667
39.25
56.2167
43.6667
29.7167
59.5
30.9167
54.5667
36
31.8
31.55
35.1
46.15
55.8667
35.5667
28.9333
54.2833
22.85
43.1833
57.7667
21.2833
30.1667
23.6667
28.3167
35.3
28.3667
51.0333
36.2333
41.0333
33.8833
57.7333
41.0667
35.7667
44.8667
56.7333
25.2667
14.9333
45.55
43.7167
22.0167
56.45
36.5667
34.7667
52
50.9333
47.3333
33.8833
61.7833
34.7833
34.4
32.95
35.0667
35.1167
31.0833
46.5
36.4833
37.1667
15.7333
33.6833
30.0333
34.7167
36.9
33.6167
42.3667
45.1
38.65
51.3667
38.4167
52.0833
32.1
37.6333
41.9333
27.5833
42.8
43.15
38.4833
58.3667
47.5167
46.2333
24.1833
28.5333
16.7833
30.35
29.1167
39.7333
58.6
28.1833
32.1833
16.0167
36.4
32.2333
44.9833
46.9333
43.1167
28.75
34.9
33.75
57.7
35.0833
41.7
39.7333
42.3833
42.8
28.2167
50.1
34.8
28.3167
21.4667
49.9667
23.8833
41.6
36.15
51.9
32.1167
25.1
38.5667
34.7333
24.5667
50.5667
28.7
33.8333
34.05
29.2667
31.5833
37.9167
40.9
22.3167
36.0667
27.65
51.55
45.9
30.2667
16.75
40.55
36.7833
44.1
33.6333
39.5333
45.0833
16.8
47.9167
42.6333
36.1167
29.5667
33.0667
44.2
35.2
34.5333
16.75
27.15
34.6
17.3667
29.8333
49.8333
76.65
50.1833
49.4167
44.6
23.1833
16.1
16.05
36.8167
31.9667
23.75
32.4167
43.8667
32.3333
27.2167
45.3833
58.5333
39.4667
32.8833
29.65
37.35
30.4333
52.5667
28.6333
28.5167
38.0667
42
34.4667
41.5167
49
41.5
48.85
52.2167
50.8333
23.5333
22.6833
33.5167
37.4333
35.7667
21.85
41.2667
37.55
58.3
28.4667
40.15
33.5
37.8
32.9667
15.1833
13.65
37.75
43.0167
52.2333
49.7167
41.7833
43.4333
40.0833
51.7
53.5833
40.0667
34.3
40.85
35.5333
16.8833
29.3333
30.2
20.8667
50.8833
29.0167
21.2667
57.0833
38.7667
30.1333
40.95
40.9333
29.75
36.2833
21.05
30.6333
29.9167
50.6167
49.0167
53.7833
39.2333
32.5167
30.6667
29.0833
49.5333
56.9
47.0833
54.6833
44.25
15.3
35.4167
44.1333
39.75
56.2333
34.1667
45.6
37.1
29.2
21.7667
32.4
31.6167
34.4667
28.4
47
22.1833
25.7667
32.4833
37.7667
63.0333
15.75
29.3333
58.4667
47.15
31.4667
21.9833
46.15
35.7333
44.2833
30.25
29.1167
29.35
26.7
38.8167
44.5
47.8333
37.6833
37.65
28.9833
43.7667
39.7833
44.2167
59.0333
31.1833
23.0667
33.7167
47
26.3
54.0333
41.4333
23.7833
43.4
52.2
53.1667
53.25
30.4167
41.4
34.5167
16.8833
36.75
39.6833
45.9833
29.8667
22.4667
34.1333
55.5667
41.4333
15.1333
29.7
36.8833
42.6667
51.0667
40.95
14.1333
29.4833
24.7167
18.1333
33.3667
41.6167
27.3667
49.5333
60.2667
29.7667
28.1333
16.0167
23.05
53.45
30.9833
63.8833
32.9667
31.7
35.7167
23.05
29.4833
30.5333
28.2833
37.9667
30.7667
33.5167
20.95
40.4167
27.7167
41.85
30.5167
60.1667
39.3667
29.5667
43.95
42.1833
47.6
27.8167
59.0833
35.0167
43.05
14.9333
43.4
28.2167
42.8833
21.9
39.6167
29.1833
32.5333
38.75
36.75
51.1
43.7
53.8167
64.3833
44.8
33.5667
35.3333
34.3167
25.65
29.25
58.15
32.3833
33.95
41.3167
60.8667
30.6667
28.85
32.2667
56.35
53.7333
34.9833
35.95
41.8167
29.7167
42.8667
22.3667
40.15
34.7
22.9667
30.1
31.7
21.8
30.85
25.9833
62.9333
20.8333
46.1333
50.2833
32.1167
47.6833
33.9167
45.3333
30.4667
28.8333
24.8167
28.3833
32.3667
51.2167
30.45
27.0167
34.0833
35.3
43.7667
25.1167
45.6333
23.8
48.75
44.9333
47.5667
24.9
27.1
35.9
34.5833
23.45
23.3167
28.0667
53.25
30.3667
40.9167
38.85
37.1
36.0667
8.48333
34.7833
18.9833
38.3167
47.25
35.0333
15.2333
87.95
42.9667
35.4667
60.45
38.4833
50.3833
45.1667
25.5667
38.5
42.75
28.0333
21.6
23.1667
65.5667
41.25
50.3667
26.7667
52
37.1667
36.1833
36.7167
29.0667
26.6667
49.25
43.9167
51.1667
33.55
43.2
31.4833
63.8833
32.3833
16.1833
52.3667
42.1167
53.65
37.3833
28.75
49.75
21.1167
23.3333
38.6667
37.2
46.4167
50.7333
24.9333
41.1667
37.1333
30.4667
32.3833
34.1
36.1
27.2167
41.2667
36.6
23.5
37
21.3667
45.7
35.1833
29.2333
40
56.25
35.1833
33.0167
31.1
17.3667
23.5167
34.4
42.25
35.6333
35.9833
49.7167
28.4333
45.1167
23.6167
16.1333
47.0333
32.55
43.6667
42.9833
88.95
22.8833
69.7833
20.9333
26.2667
47.8
20.5167
42.7333
43.8167
45.5167
23.1
22.8333
37.0667
49.15
31.15
15.2667
20.1
30.0667
35.8833
27.6333
38.7
71.9333
26.6833
50.1833
25.1167
29.4333
44.5
15.3833
38.1167
32.65
49.6833
33.0833
55.8833
41.2
35.8167
42.0833
39.35
35.15
33.6333
47.3
34.1333
54.9667
36.1667
52.3833
29.15
22.7833
52.3667
33.0667
61.4
44.9833
19.5167
33.5333
48.15
47.35
39.9
70.1833
37.5667
48.9833
34.7
43.45
32.15
35.7833
45.0167
39.5
82.9167
37.6167
15.9667
30.9833
36.45
51.2833
33.85
32.3333
24.9
64.4667
31.9167
70.1667
16.8333
64.6
30.5
44.3167
28.2167
41.7833
22.8333
48.6667
43.2333
41.0833
35.0833
50.5833
21.1333
44.7167
59.35
54.4167
53.9
34.4333
35.6833
31.25
65.0833
42.6167
21.5
32.0667
33.2167
44.25
15.7
27.8333
42.9667
31.0167
43
44.4667
44.6
24.6167
26.5667
49.3333
20.7667
23.5
39.2833
55.9833
37.2
43.0667
34.65
25.3333
35.4833
30.7
43.95
48.7333
54.7667
27.0667
46.7
35.6333
42.1
25.1
22.7667
46.3
22.6667
29.5333
30.15
43.2167
33.0167
30.1667
45.2167
21.5833
47.7333
47.5
42.2333
36.1333
28.2167
36.85
37.8833
34.65
14.75
42.1
23.4333
36.1
18.5
48.6833
15.7167
34.9333
36.8667
27.6167
30.45
47.4167
28.8833
21.9167
21.7667
30.2333
50.1333
33.2167
46.2833
33.1333
30.1167
41.6667
56.4167
30.2833
25.9833
46.75
40.9333
61.3833
41.6167
53.2
22.1
57.6667
41.7167
49.35
33.0667
43.65
22.8667
41.25
44.4167
47.3333
33.8167
30.0667
22.0667
60.2833
27.65
40.3167
22.1667
59.2167
37.9667
15.8667
24.05
53.0167
36.9333
40.5333
51.2
35.4
28.7
42.65
9.55
17.25
46.5
33.3333
56.1
53.5667
36.8833
22.2833
61.2167
53.2833
36.6
40.9167
31
29.25
65.0333
31.2
27.2833
29.2833
16.8667
29.2167
44.3
29.35
43.8833
18.3833
28.7667
47.5833
23.4333
41.8667
61.6167
41.0333
30.3167
23.6833
28.2167
27.3
46.3333
21.65
45.45
40.9
41.5667
35.65
29.0667
55.2667
35.0333
38.1
46.4833
39.1333
49.9167
26.9667
44.1833
22.7167
42.7
22.75
36.4667
28.1667
40.8333
31.7167
49.1667
39.55
30
35.9
28.5833
35.75
26.75
21.6833
34.4333
31.05
28.8167
54.3
29.5167
39.4833
30.05
30.1667
56.4333
30
17.9333
34.8167
29.5167
17.1833
45.5667
35.8833
47.2
23.5167
41.8333
38.0667
34.3333
15.6667
43.7667
42.3667
30
32.3833
17.55
30.45
50.25
35.9667
43.55
33.2167
59.7333
44.95
17.8667
71.55
24.4167
20.6167
36.1
31.4833
42.3667
53.3667
45.4333
22.5
27.5833
22.9333
53.4333
43.45
49.3333
50
58.35
38.95
54.9333
41.8
29.2833
42.0667
27.8667
58.65
64.6667
21.2333
55.2
35.6833
39.4
34.15
41.9667
43.3333
57.95
40.9667
45.1833
42.0833
66.5667
23.7333
27.0167
23.3167
40.0833
25.3333
16.65
34.9333
42.7667
40.6667
45.3167
37.5333
44.45
9.56667
38.2333
16.0167
34.7333
31.2167
25.0833
63.4
19.05
29.25
32.9333
36.8167
10.6833
29.8333
32
48.9667
46.1
39.75
22.8333
21.2167
32.0667
31.4
33.9667
29.7167
34.7167
49.45
31.9333
54.1333
30.8167
19.95
28.3667
29.95
39.1833
34.85
48.35
40.25
57.5667
49.7167
24.1667
34.2667
27.25
48.7667
43.5
20.3667
36.0833
57.8667
46.7167
22.2
24.9
24.3167
45.1
41.4667
39.8833
38.85
37.75
41.9333
41.6
47.2667
49.9
30.0333
50.05
25.45
47.6667
59.3
43.0333
34.1333
30.2333
46.8667
44.6167
43.6167
55.8833
49.2833
33.3833
20.9333
27.4
46.2833
31.8
13.9833
30.9833
31.0667
40.5333
42.7
39.9333
28.4167
48.45
37.35
35.1333
15.3667
29.9167
22.6167
48.4833
40.7167
51.5
29.8167
28.7
33.4167
30.7833
37.2333
22.4833
22.4167
64.2167
41.7167
58.2167
44.4333
36.9
39.2333
8.88333
31.85
42.7833
33.05
30.8333
48.2333
37.1667
31.6333
36.7
42.8667
42.4
36.7333
35.6
24.7
32.1
56.4667
16.9167
39.1333
24
23.9167
37
41.75
42.7
38.7833
21.8833
32.5833
45.8833
52.7167
22.3833
46.7333
32.5833
40
33.9
37.4
37.1167
23.6
42.9667
37.8833
29.2833
38.1667
26.6667
44.55
37.5
47.25
41.7833
24.8333
21
16.85
28.1167
39.9833
56.2333
52.7667
16.6333
36.2833
22.4
40.55
27.65
33.9167
23.1167
45.3
28.7667
38.5667
52.35
31.35
51.0667
39.0833
42.75
49.1667
45.9333
41.6167
35.5667
47.0667
36.8667
41.2
32.3833
23.8667
35.2333
32.8
34.7833
44.7667
22.15
42.5167
34.6333
21.2167
51.0667
46.5333
34.5333
51.0833
29.7
40.9
34.95
31.4833
37.5167
31.8
28.0667
20.6667
65.4833
24.8833
48.35
34.1333
39
42.6667
36.1333
25.4
23.8333
24.2833
43.7
42.8667
42.2833
36.6667
19.05
31.3833
48.8167
55.4667
23.1833
44.1167
41.6
41.75
24.4
39.15
43.5333
22.1667
31.6
40.0833
65.7833
21.4833
22.3667
37
33.25
67.6
36.6333
57.5667
44.85
42.7667
19.3833
30.4
39.3167
35.9833
24.95
13.4333
42.55
55.1167
38.0167
24
53.95
59.4833
23.2
27.0333
39.15
34.5
22.3167
20.55
36.2
37.5167
44.8667
44.6833
43.9333
22.3167
39.9833
23.1833
50.4333
26.9833
35.4
18.9833
30.55
64.1167
32.65
50.7
39.8833
16.2333
44.1
36.5833
37.6333
19.5667
66.8833
22.75
23.4833
41.4167
23.5
36.2833
54.6833
32.4333
40.5667
36.2167
29.7667
42.0667
27.4
34.9
56.5
41.7167
23.5
42.0667
35.7
36.25
38.3833
53
25.2667
41.3833
35.7833
42.7667
58.4667
32.8
36.85
36.0833
35.3833
17.65
20.4167
45.6833
25.25
37.7167
22.95
43.85
41.05
10.2333
27.0167
31.6667
44.5167
36.2
42.75
35.2333
48
43.9833
35.5167
51.0833
24.6667
23.2333
34.5167
39.85
35.3833
54.2
56.7667
47.1
26.55
24.5667
71.7667
16.2167
61
59.7667
28.3833
58.4333
41.0833
26.1333
36.6333
37.8
57.1167
31.6
52.0833
30.6167
15.95
43.9667
21.9
42.5
30.7333
58.9333
23.45
43.4
27.3167
33.8
62.5667
39.9667
52.45
15.9
36.9333
48.3833
29.2667
56.2
37.0333
31
23.6667
38.9667
29.0167
31.8667
23.1833
49.8667
44.5667
28.9667
42.35
56.4
40.5
29.5
34.95
37.9
49.5333
59.6833
35.2333
27.0667
43.5833
37.0833
42.3667
30.0167
45.0333
43.4667
43.1
30.9333
36.35
28.3333
24.35
47.4
39.8167
54.1167
29.9167
44.8833
43.3667
22.95
30.4333
29.2
42.6833
25.2
30.3333
42.8667
21.6333
37.9
35.3167
37.05
36.8167
45.6
22.9833
46.3167
22.85
46.4333
38.35
29.5833
41.0167
49.2
39.3167
17.75
21.9167
36.5333
42.2167
38.5333
26.1167
30.4
37.7167
40.2
66.1167
39.6667
23.9333
41.8167
30.45
23.2667
50.1
18.6833
33.75
41.65
52.9167
35.8833
43.6333
46.4667
50.0833
36.2
30.6833
29.7833
42.15
26.0167
33.3167
27.7833
21.1667
66.25
23.3333
19.0667
38.2833
46.2667
34.5667
46.4667
38.2167
52.65
32.35
20.9
38.3
45.9
48.1167
44.8167
37.4667
55.1333
40.4833
46.1667
56.7667
32.25
52.1333
42.7833
27.3333
17.6167
39.05
17.1667
64.9333
66.95
25.4833
39.7667
37.3
49.5167
48.1167
49.05
55.0667
43.4333
25.0833
46.1333
46.45
39.1
34.8
28.9667
22.8167
23.4333
8.56667
37.3833
37.5833
22.2167
37.3333
15.9
24.25
65.3667
23.3
23.4333
31.4333
31.05
47.75
23.3833
33.8333
61.8667
28.25
26.9333
27.6833
9.71667
15.4333
34.2167
17.8333
38.2167
40.6167
49.8833
52.6
37.5333
29.8167
15.8667
23.9167
30.9833
28.2333
22.4667
52.6167
33.8
16.7667
45.45
41.0667
24.6333
15.65
31.1167
52.5333
30.6833
22.4333
49.0167
30.7167
38.1333
36.4667
68.2833
39.9333
51.2
28.9833
33.6833
24.4833
38.1167
30.0333
45.7333
32.7833
43.0667
51.1167
41.25
29.35
49.8167
29.7
34.5167
40.6167
42.05
38.7667
23.2
47.2
35.7
40.8667
16.7167
16.5333
16.3333
26.1833
28.45
30.8167
28.45
40.5333
36.9167
29.2667
9.61667
17.4167
29.2833
36.4167
19.5833
32.85
26.75
21.65
54.6833
43.25
32.6333
23.6667
34.4167
27.15
45.4333
32.2167
26.9833
42.0667
22.1333
31.0333
26.4833
41.6167
27.9
32.0833
15.6333
33.5833
27.2833
38.2833
29.3667
31.4333
17.75
33.45
40.2333
30.7167
38.15
32.2833
59.3833
16.55
38.0833
50.9
50.9833
15.4333
41.3667
29.75
36.0333
43.0167
36.9833
65.9667
48.1333
24.7833
28.4
66.5167
27.2
33
29.55
41.25
41.75
58.1667
44.9333
27.6
44.8
30.2333
36.9667
51.2
30.6
31.15
22.6833
29.6333
34.6167
44.9833
25.75
30.75
25.4167
34.8833
30.4
23.1167
74.2
47.6333
35.15
60
37.1
36.3667
45.7667
38.6
62.0833
30.5
29.6833
9.46667
18.7167
22.8
35.7833
34.3
47.95
32.7333
29.2
42.3833
26.2167
35.0667
45.5167
42.5
67.25
35.5167
40.5
21.75
36.2333
42.8667
35.6667
36.8167
31.0167
42.4833
48.05
28.6333
38.2833
47.7833
34.9833
59.9667
30.45
23.4833
40.8833
39.3
15.85
38.5167
22.4
38.7667
29.75
41.5333
42.5833
39.85
23.2
28.4833
59.5
36.0333
44.7667
36.15
46.25
45.4167
36.2
23.0667
32.7167
29.4333
21.9
60.3333
16.1333
29.9167
36.2
36.4667
29.1667
52.8
26.1167
28.5333
41.6167
37.5
63.4333
52.7333
43.9167
21.6833
23.9333
44.6
35.0333
63.6167
27.1333
22.45
57.5833
35.4
37.2833
35.7
40.7333
16.5167
42.8
62.0333
35.2667
15.3833
41.1667
35.8667
33.3333
26.0833
23.35
32.7333
26.0333
34.75
31.25
42.4333
27.0667
54.2833
21.6167
15.95
23.35
67.1
41.75
34.1333
16.4833
36.85
42.6833
43.0667
45.2167
56.9667
40.4167
51.6333
51.1
36.7667
31.1833
30.7667
53.1167
16.5
42.55
47
55.9333
36.3
38.7333
34.1667
34.9167
40.35
32.6833
26.2833
32.2833
31.3333
29.9167
35.0167
46.2833
25.1
55.9833
14.5167
40.4667
32.1167
63.2833
44.1167
25.3
43.5167
29.8833
47
46.0167
37.3833
37.8333
58.1833
39.8833
47.2667
55.9667
43.7833
39.2833
43.05
32.0833
16.0167
53.9833
52.1
21.6
35.4833
31.15
23.8333
52.7
28.5
72.4667
39.3167
24.7833
43.8333
64.95
22.2333
32.1833
37.3
31.6833
39.0833
46.9
22.3167
60.2
37.8333
53.5333
38.8667
45.65
25.9333
23.3
36.1833
23.8833
28.5833
16.5333
30.2667
29.45
26.4
30.7333
33.3
24.2
34.2
56.7667
42.6667
27.8667
28.95
29.35
22.9667
30.2667
46.2833
26.6167
29.9333
29.0167
21.5833
18.5333
37.2333
38.8667
29.8167
49.9833
24.4667
37.2667
31.6167
29.7333
51.6167
47.2
39.3833
56.3333
57.3667
23.6167
36.85
29.2667
31.8833
24.8
50.05
39.4167
43.3167
31.3833
39.0667
19.25
25.6833
45.75
27.8167
15.8167
62.5333
35.65
24.6
35.7667
29.3
28.9167
30.9833
42.1
25.7667
45.5667
31.8833
42.4333
35.1667
21.4167
25.5
22.7833
57.9833
52.8
44.05
29.6667
30.65
25.95
65.9333
37.7333
46.9
28.1
45.7167
38.7833
23.6333
31.8
31.7833
35.4167
26.4167
21.55
35.15
44.3333
37.9667
31.9167
43.3167
37.2667
17.65
45.6833
27.7833
45.2333
16.35
25.8
30.85
54.15
27.2667
47.4333
42.5333
42.2333
32.2833
26.7
29.5333
15.25
40.8167
39.8167
35.8667
46.4167
41.7167
19.3667
41.6167
36
25.7167
51.8
59.8667
40.2333
52.0667
32.3833
30.9833
45.6333
36.0667
46.7333
25.95
37.7333
22.05
32.5667
68.4
33.95
37.6833
35.4667
21.0667
25.3167
30.4667
49.75
46.9833
40.4833
48.05
53.4
54.0333
39.2167
45.7
27.5667
26.5167
44.1833
38.2
36.1833
34.2
23.15
36.1333
33.1167
38.15
44.9833
28.1
43.7833
57
45.7667
23.7667
33.95
25.75
36.4333
30.7
42.2
34.65
55.05
50.1667
46.3667
36.2667
42.35
52.3333
43.55
22.7167
48.4667
34.1667
46.2667
43.5
47.0667
33.8667
58.45
43.4333
30.7
61
43.9
35.7
34.5
41.75
27.2333
45.8667
64.2667
33.9667
16.1
45.6667
42.3
39.9833
34.35
40.1
38.1833
47.8333
32.8833
31.3333
38.4667
47.8167
25.0333
46.9667
36.3167
22.1833
18.0167
35.2333
39
27.6
44.95
33.6833
27.2167
23.4167
27.6333
49.4333
36.7
29.55
41.15
61.6667
25.6167
62.3333
43.4167
35.7333
35.2667
26.7333
40.35
11.0167
22.2667
45.0333
50.25
23.8
32.7833
37.6167
31.8667
38.2667
47.0167
46.9
40.3333
61.3667
42.0333
39.5667
30.6
48.5667
55.0833
47.2333
40.6333
32.6667
48.2833
28.7667
35.0667
29.6
25
56.5833
32.6667
41.4333
25.3667
16.45
51.3
26.8333
16.8167
18.3167
29.6833
34.5167
36.4667
63.4333
36.3667
37.1667
46.0167
30.6
24.0167
34
45.0167
50.3167
24.2333
30.8167
36.95
33.75
37.5833
32.0833
25
29.1
27.95
30.35
33.6167
32.1667
36.8667
58.85
47.3
11.2167
28.7333
21.8167
59.4667
44.8167
18.3833
46.2833
51.7333
32.65
25.55
66.45
51.7167
40.5833
34.7167
26.2
37.6167
49.35
39.75
58.3333
29.0333
30.6333
30.6
25.5333
28.75
10.3
36.2333
35.2833
60.1667
45.1167
45.5
32.7833
28.8
70.3
50.3333
34.5667
52.55
50.1333
40.6
49.0333
24.65
22.0333
29.3
35.0167
39.6
49.6
45.45
34.25
34.9333
49.6667
49.5667
36.95
27.8833
37.6
29.7333
51.55
32.5667
37.55
43.4833
46.5667
42.8167
50.9167
31.8833
37.5167
23.6333
44.2333
28
49.7167
29.3833
28.0167
33.8333
30.7333
28.8
33.8833
50.3167
36.95
43.3833
36.3833
45.4833
34.5167
32.05
82.9667
23.4667
28.2167
24.6667
28.6667
43.9167
54.45
30.8667
43.6
31.0333
47.0833
28.9333
37.0667
31.5167
47.5167
40.55
17.1167
32.4167
27.45
38.75
35.5833
47.2167
53.65
35.6167
35.8667
30.3667
53.15
35.0167
43.9667
54.0333
35.5667
41.45
41.8
50.7333
41
44.3
22.55
46.5167
34.9833
54.4667
16.5833
42.7833
37.45
29.7
23.5
14.9833
22.55
47.1667
46.7833
17.4167
42.75
55.5167
60.1333
34.95
15.5667
19.3667
35.95
42
15.6833
33.6
41.7833
35.5333
39.45
36.8167
27.6167
58.6167
17.2167
36.7833
39.05
49.5
32.8167
31.7167
38.0167
59.3167
24.4
25.1
40.3167
51.5167
30.55
23.9333
18.95
71.7167
41.4333
51.2833
15.55
67.4167
34.6167
48.45
53.95
38.7
38.3
47.5667
62.9167
23.85
39.6667
24.95
25.5167
19.1833
57.7
28.05
60.2333
22.1833
18.8167
25.35
28.5667
43.2833
33.6
36.3667
36.1
34.0833
44.6833
56.2
53.95
53.7
39.3667
30.7833
61.1833
50.65
27.55
23.5667
57.1333
27.55
31.9
43.5167
40.2667
19.2333
43.5667
50.0833
10.2667
47.6333
34.15
43.5
48.3333
64.8833
32.2167
23.9
36.5
33.9667
45.35
23.4
28.8667
28.9667
46.85
40.0833
44.5
37.3
32.1
31.35
36.4167
43.4833
66.0667
24.7667
24
20.15
35.85
15.0333
38.2
36.4167
38.85
45.95
40.7167
21.15
23
29.5167
54.2667
62.0167
41.6167
28.0333
44.6333
53.5833
35.0667
63.7833
49.7167
37.3333
22.7833
23.5667
15.3
31.1667
35.2833
36
24.0667
23.1667
54.3833
39.8167
38.7
44.6333
28.5
28.85
29.25
30.25
47.4833
45.5667
22.9667
41.9167
40.7167
22.7667
53.2
48.65
33.55
45.7667
57.4833
31.7333
30.7333
54.6667
39.65
29.95
29.8
33.4333
16.5167
51.8167
33.55
32.4833
50.5167
63.25
41.3167
30.3333
22.9167
40.7833
31.95
54.8167
43.5833
39.3667
64.1833
24.45
35.2333
27.8667
25.85
15.45
18.3
29.4
46.3167
40.2833
38.3333
39.85
41.0333
23.3167
33.3667
54.7667
52.3833
39.25
24
64.0333
42.4667
23.8833
51.2333
45.8333
16.1167
29.5167
64.1
36.1833
24.1333
42.0167
35.6
9.91667
35.1833
42.3167
52.1833
17.45
39.3167
32.6
15.8667
23.8
36.0833
38.6333
44.5333
57.4667
41.1333
49.3333
46.5667
41.3667
48.9
45.35
43.1167
10.6167
57.0667
49.5667
27.4333
53.4
57.55
46.1167
53.45
55.3167
48.5167
23.75
65.2167
51.6
56.0833
56.5667
25.6167
42.8167
37.15
33.4333
36.25
61.4833
41.0833
27.6833
40.1
31.3
29.4667
20.8167
44.0833
47.4667
74.0833
38.5667
51.5333
34.3333
59.1
44.9167
34.8167
23.45
43.5
40.9667
33.6833
31.6167
48.9
38.6833
53.8167
36.5667
37.1333
39.55
50.4333
44.5333
35.4333
17.85
33.4833
46.1833
67.4667
36.6333
53.9333
51
37.1
26.9833
46.1333
22.15
57.4167
27.6
17.2333
15.5667
47.2833
62.7333
27.75
24.0833
34.2333
62.8667
21.2333
40.5833
30.75
23.05
36.6833
22.3667
17.4167
51.95
38.5667
22.95
21.1667
34.9333
23.7833
30.3167
40.3167
32.15
32.3
42.7
48.2333
47.9833
55.1167
26.7333
36.4
39.7333
37.55
41.3667
23.6667
48.2333
53.25
30.0167
50.0833
41.8
36.4333
31.8167
23.9
52.6667
55.1167
44.6
15.6
30.5667
43.0333
23.5167
22.6333
18.7
23.9167
40.2833
67.7167
42.7333
61.35
39.15
32.0667
26.05
34.3
51.1
31.1167
37
31.0667
52.1333
52.2167
38.1833
43.0667
47.9333
42.9667
24.1
14.95
37.0333
23.55
38.2833
44.8667
36.5333
24.35
16.15
25.9833
30.1167
24.3833
36.9833
33.0167
17.7667
22.0833
43.4
38.3667
55.9833
16.2333
30.4
42.2
36.7333
27.6167
32.3333
31.2833
30.6167
35.4167
57.3333
55.05
31.5333
24.7667
65.9
45.5833
38.2833
36.1667
35.2167
37.05
31.15
45.0667
36.95
41.65
29.0167
35.05
28.9167
24.3833
36.9333
55.8
28.9167
52.2833
48.1667
43.1833
17.8667
46.1
38.0333
51.2333
37.0167
22.45
22.4167
46.05
20.2167
46.0167
53.1667
24.1167
36.4167
25.05
43.3
53.1667
45.3333
45.4667
58.1333
33.0167
32.0167
43.2
20.9833
30.9333
22.35
30.2833
60.1167
27.5833
47.45
43.35
24.2833
53.2833
28.3167
23.65
19.65
29.1333
28.5833
47.65
71
45.5333
32.85
53.2667
30.75
54.1167
50.4833
47.8333
36.9333
51.3667
61.5667
23.8833
20.55
42.8667
44.9333
16.05
32.9333
22.5167
49.5167
50.05
25.0167
47.05
36.1667
58.25
28.2833
45.8167
37.2333
30.7167
37.2667
50.95
33.1
42.3833
36.8167
43.6
30.8833
21.45
23.1833
27.5833
47.45
27.1
23.6667
41.1667
47.6833
59.0167
32.8
46.4833
34.3
42.4667
29.55
42
39.1
46.1667
22
27.9667
31.5167
45.9667
29.2667
76.0333
48.3
43.9833
35.65
41.8833
39.5333
55.6167
41.4
26.85
37.0167
39.5333
54.85
37.5333
41
44.3167
21.8333
22.6167
29.5
16.4333
42.9667
26.7667
25.4333
46.8667
46.8
17.5667
28.15
47.9
31.7167
48.3667
26.1
54.8167
35.6167
31.6667
22.55
30.7333
44.3333
25.8667
24.4667
49.2333
57.4333
55.9333
42.9167
58.3167
66.9833
23.8167
30.0833
23.0167
48.2667
22.9667
25.0333
42.3667
23.0333
32.7167
23.55
29.6333
52.4833
28.2667
20.9833
46.4833
54.7833
29.5833
25.7833
29.6167
25.95
32.0667
32.1167
37.3
43.9833
50.95
19.8833
26.2333
17.4833
36.2333
35.6167
54.05
37.0333
38.7
36.65
43.0333
41.8667
34.35
36.6167
17.4167
30.6833
43.3167
35.6167
15.9667
47.2333
36.1
32.6667
51.7
38.0833
38.6167
40.7
36.15
43.2667
37.5333
22.5
41
43.0167
36.6167
50.8
29.0667
26.2833
34.9833
38.0167
40.15
27.75
53.5167
29.5
21.35
22.7167
38.1333
22.65
32.55
68.85
16.1
37.5167
61.6
46.4667
55.4167
36.6
32.0167
31.5833
49.75
15.25
45.7833
21.7833
23.8
50.3
22.4
41.0667
17.8667
23.6833
23.1
55.1333
23.0333
24.55
30.2167
37.7167
27.7667
41.8
31.6
61.2333
42.3
37.5167
37.45
53.8333
25.7667
54.6667
22.8167
26.1167
23.8833
41.4667
24.4
45.7167
29.3
17.6667
34.4167
15.8
78.7
32.6833
39.4
17.5
43.1167
60.5167
63.65
31.5
50.85
38.1167
16.5833
15.25
22.2333
57.35
33.5
46.1833
21.5833
33.7833
44.0333
24.6333
43.8333
34.15
15.75
33.5333
8.1
33.3667
36.5333
38.65
37.0167
24.1167
33.35
55.2667
16.05
41.6667
45.05
24.7333
28.3833
48.25
23.95
28.8333
35.9667
30.5667
28.75
69.3
47.6833
17.3167
43.9
33.35
48.2667
22.25
39.85
21.7333
36.85
30.7333
31.5333
47.4667
22.0333
37.6
40.0167
34.3833
51.8833
51.2667
49.4333
22.2833
35.4167
27.6833
25.3833
30.0167
49.1667
30.7
23.0167
37.9833
47.5833
40.85
26.1
21.4833
54.55
35.85
41.6
52.7833
48.8333
16.25
17.2167
41.9667
31.7333
44.7667
15.8667
37.45
24.6833
43.3667
23.6167
21.55
38.55
47.3333
41.0167
36.5
22.7667
43.35
27.7
32.2333
37.0333
32.4833
30.6333
47.6833
39.5167
27.6333
33.1333
22.3333
48.5333
48.9333
30.8833
32.8
50.2
29.9667
24.9167
40.0167
37.5167
16.1833
32.05
23.9
30.0833
36.0333
41.2333
58.3833
36.7167
17.6167
24.05
46.0167
53.3833
9.18333
56.45
36.4167
51.6833
38.35
48.3333
39.9667
63.2333
24.3333
51.9667
50.1833
66.9833
27.8333
35.9167
23.8833
36.4833
66.7167
32.15
62.9833
54.0167
68.4333
28.7333
52
39.5667
66.6167
44.7
42.5667
39.4833
28.2833
28.0333
57.3167
36.05
44.05
26.3167
47.9667
41.2167
23.85
36.2
46.3667
36.7833
14.3667
29.3
33.1833
39.4333
15.7833
35.1333
58.3667
32.1
16.7667
26.8333
32.5
43.3
19.8
50.15
32.0667
45.1
50
22.5333
35.3833
24.45
50.5167
24.9
63.7333
42.4333
49.0333
34.2
35.7
37.5333
39.9833
45.0667
23.0333
38.2
52
29.5667
17.6333
47.7167
24.6333
38.9167
69.75
58.5667
46.6
35.4667
57.0333
20.9833
55.7667
18.8667
48.9167
49.0167
38.4167
30.5833
38.4667
8.56667
50.1333
38.85
22.25
16.2167
15.4833
33.3167
61.0667
34.25
39
38.1833
53.65
36.6833
44.0833
42.6167
30.4333
42.8667
17.4167
24.9667
22.3333
22.6333
51.8333
36.1333
46.9833
24.35
41.9833
23.8833
31.5167
29.8
41.3833
36.5333
47.1333
39.4333
53.0667
33.3167
14.7167
35.25
35.0667
36.3667
23.1
54.4833
25.35
51.4333
22
38.0833
25.1667
40.4
20.45
33.5333
49.1167
39.0167
23.2333
45.1167
40.4833
52.9833
35.15
44.8667
52.5667
27.55
37.6833
35.5333
20.6333
33.55
9.36667
48.7833
34.0833
24.0167
39.1833
23.5167
32.7667
37.6167
45.5
16.5167
42.1333
39.1833
37.7333
49.0333
29.1
27.7167
30.3667
31.3167
48.2333
61.05
31.8
10.0333
33.9
15.6833
28.7333
21.5833
44.8667
16.7167
20.1167
34.9833
48.05
42.45
31.3833
30.7
37.4833
41.0333
47.9
94.5833
39.8833
49.4333
35.0333
45.7667
46.0667
42.6167
31.5333
31.6
21.6667
56.2833
38.1167
8.7
41.6
45.4
38.0833
32.6
57.0833
28.5333
22.7
53.7333
57.2167
29.0333
30.2833
44.0167
49.55
40.6
28.45
43.8
37.1333
57.95
15.7333
61.2333
49.3667
23.7833
33.3
52.85
30.3667
39.8167
16.4
35.3333
29.0167
29.4667
23.7
16.2167
60.1833
35.8
52.8667
53.4667
33.9667
28.75
54.3833
43.1
29.1333
36.2833
15.05
31.4667
33.2333
49.2167
52.6
42.65
38.9333
24.6333
24.7
55.85
52.0667
58.9333
31.5667
40.65
40.1667
32.6333
27.6667
48.6333
22.1333
33.0333
75.8
43.7167
35.45
44.6667
39.4833
29.7
25.8333
24.6167
47.4667
35
57.85
46.1
21.7833
35.0833
30.5667
53.4667
24.1
54.1
22.6833
23.4167
34.0667
19.9167
33.15
28.7833
39.8667
38.6833
22.0167
17.05
62.3333
38.55
43.85
22.1667
38.4833
54.5833
30.8167
33.05
43.55
30.4333
29.7
54.7667
54.95
22.6333
36.5
28.1333
23.2333
30.6833
50.9167
25.1833
22.15
42.5167
36.4333
16.8
43.5333
47.5833
22.2333
35.45
23.2167
68.1
42.85
37.2
48.6167
33.5833
16.8
35.5667
29.9167
49.4167
67.2167
12.0667
47.9333
38.0333
48.65
21.9333
32.25
33.5333
34.0333
40.1667
45.7833
30.8
35.4333
27.7667
53.4667
33.2
47.9667
52.45
40.6833
42.3667
44.4333
22.9
33.5167
30.2667
32.8667
28.6333
55.45
50.1167
49.3333
47.4833
24.2
22.5667
52.6333
27.4
43.4667
17.9333
44.15
38.9333
49.15
47.0667
36.15
21.2
32.75
49.1333
30.1333
27.8333
29.5667
34.8333
34.5667
33.0667
22.8833
39.3667
51.2667
57.2667
25.7333
32.55
49.2333
51.6333
51.7167
30.1667
42.6167
44.1167
30.75
28.0833
24.7833
22.7833
41.0667
30.1667
50.15
42.7
39.15
26.9167
42.1333
56.2333
57.65
37.9667
23.15
34.7667
38.1333
18.5
27.35
25.2
41.8
48.9667
51.3167
31.45
22.1
50.8833
71.4667
53.1667
39.4667
38.1667
62.4
22.6667
15.2833
55.25
44.15
32.9667
15.3667
31.55
23.6167
36.1333
23.1333
11.9667
38.7667
43.6
24.5167
21.1167
36.75
26.8
43.2667
30.8833
33.1333
53.2333
27.3
69.4167
38.6833
16.1333
39.4667
60.8333
78.1
49.4333
17.85
28.0167
16.4833
16.8833
28.7833
49.25
35.0333
52.4333
30.1833
44.2
32.85
55.1833
17.1
61.7167
42.35
42.6167
30.35
30.1
38.1
26.2833
28.6333
51.7333
32.1
40.45
37.35
15.6667
56.1333
30.65
39.3667
40.1833
38.9333
38.1167
33.0667
57.6833
42.7833
32.7
55.8
18.7167
55
30.2
48.8667
40.7667
20.3833
47.9333
25.9833
41.8
28.7833
38.1667
37.55
21.5167
42.0333
51.4833
23.8833
32.8833
47.0333
26.6833
41.1
58.6333
41.3833
45.7833
38.0667
39.1833
35.3333
54.4167
10.8667
38.0667
44.3167
19.6833
55.6167
42.8333
23.4167
39.55
23.4667
50.7
55.1333
54.4667
28.2833
26.6833
50.1167
25.65
38.05
54.6333
26.1667
46.7667
44.7167
26.7833
52.6333
35.5667
37.6
58.6333
24.25
56.3
40.7
31.7667
22.85
41.2167
38.7
22.2167
30.7167
32.1333
51.5167
33.85
41.2167
58.75
38.1833
32.1167
34.3
31.2333
36.3667
38.0333
43.9833
20.3167
43.7833
35.4833
23.7667
38.6167
50.9167
23.6667
43.4
47.0167
51.7667
31.1833
38
89.2
30.1333
23.7167
60.6667
58.7167
26.1833
35.7
34.5167
27.7167
39.1
36.5
29.9333
41.1667
49.6833
30.05
46.8833
41.1333
10.2
24.2167
45
34.5833
30.1667
50.85
22.1
40.6333
25.6
31.0833
30.8167
32.8833
29.9333
15.5333
46.4833
30.9
29.2167
53.55
26.4833
29.6
33.0833
31.1833
36.4833
25.0167
33.1667
29.6
48.9833
59.1833
30.85
21.3833
31.0667
41.35
29.0333
28.3667
32.0167
20.5167
47.2
23.5
50.2
31.9833
31.0833
43.7333
27.3
29.5667
30.4167
56.5
34.7667
37.8667
9.78333
60.5667
30.1667
22.1833
57.4833
25.0833
53.3167
29.45
40.0167
44.2167
56.1
39.1333
26.6167
46.1333
58.4
30.1833
56.7
71.5
38.4
16.75
34.8333
42.75
33.5667
35.9833
74.4333
25.15
49.9333
41.5833
18.55
27.05
46.85
44.6167
15.9167
37.2
41.85
47.3833
24.4333
16.85
24.6333
40.7333
30.1167
41.3167
35.8167
26.5
22.35
43.3333
29.8667
19.1167
38.1667
27.3667
30.2167
29.0167
49.5667
40.7
50.8
39.1667
32.7
55.1667
39.5333
21.9
28.05
32.3
39.0167
29.85
23.3667
31.8833
27.9833
45.5
30.9333
45.7167
32.1833
24.85
35.7667
37.1667
32.2167
15.8833
44.8833
38.55
41.6833
36.4167
42.5833
58.3833
52.0333
22.8167
38.3
39.55
21.5333
51.9833
42.6167
62.5333
36.2833
67.85
51.5833
49.5167
41.25
32.3667
30.1333
23.05
18.7667
39.5
35.7833
31.8167
47.6833
22.3833
49.8833
32.85
41.0333
22.65
25.3333
62.2833
50.7167
24.6667
30.3
35.8333
29.2667
35.8667
14.6667
37.7833
43.3833
56.15
31.0833
26.95
40.5333
40.8333
50.1333
32.45
45.4333
41.9333
54.2833
70.3167
33.05
71.9167
30.8833
56.2167
34.3667
47.0333
51.9333
50.2333
38.45
36.15
40.5333
39.4
45.4667
27.3333
17.8833
49.4667
42.55
39.3667
46.5
28.3667
30.3167
37.5
23.6667
45.1667
32.35
22.0833
31.05
9.9
33.3167
23.45
24.6167
48.3667
46.5167
24.9
41.7
34.7333
57.9167
26.95
55.1333
36.2833
54.45
31.7667
48.6333
36.1167
52.2
44.8833
10.05
43.0167
41.8
35.7
45.2833
35.1
64.7
27.8
45.3333
38.2167
22.05
40.0333
38
57.6833
39.9667
38.05
44.8667
38.4167
31.8
45.3
31.7167
23.35
45.8333
36.75
36.1
53.7833
28.1167
22.6333
31.7333
16.1
74.0167
38.5
35.0833
51.8833
24.9
27.85
51.9
29.7
50.55
43.6
70.6333
21.6333
24.0667
29.6
31.95
27.2833
35.7333
27.5833
22.3167
21.65
45.9
40.0833
50.85
42.3167
27.1833
29.25
54.0667
45.6333
34.2167
25.9333
30.45
60
47.4333
35.0667
9.18333
28.7667
39.3833
48.7167
39.1667
44.8
46.5667
38
23.6
39.9167
41.0833
15.3
39.3167
17.5833
55.0333
51.3
28.95
49.8167
21.9667
47.9833
52.0833
22.15
32.3667
36.2167
34.9167
43.85
35.65
43
23.2
36.9167
15.3
35.6333
42.9333
16.5833
42.5
33.2
41.0667
52.4333
37.2667
61.5833
37.6167
48.5333
46.45
20.9667
37.65
36.0833
36.6
39.1333
32.9833
30.0167
48.0667
22.65
44.25
34.4833
12.5333
44.0667
38.1333
51.3333
44.6833
33.2167
52.1333
22.0833
58.6333
25.4833
40.35
28.8333
41.6167
41.9833
50.0833
32.25
24.3
50.2667
40.8
70
41.7333
37
29.9
16.75
26.8
47.5167
35.5833
29.7667
37.5833
42.9833
33.6333
54.3167
27.75
32.6333
49.95
44.0167
41.05
49.55
57.1667
45.6667
38.1333
45.5
42.9167
22.0833
43.3
38.85
41.4
43.5
31.2167
36.4167
30.1
55.75
43.4833
30.6833
44.3333
24.0333
24.55
24.0333
34.2833
55.3667
28.7833
29.65
63.2333
28.9333
22.65
23.7833
28.8
9.5
33.1833
26.7333
42.85
46.9
31.2167
41.8833
33.4
20.4
31.5667
53.6333
24.75
45.45
32.9833
36.4167
47.4167
28.0833
42.85
58.85
34.4667
28.7333
43.65
35.2667
42.0667
28.3
27.2167
22.3
32.75
39.3333
30.5167
29.55
33.3333
57.9833
32
24.55
58.0667
31.7667
31.9333
35.8333
19.2667
50.1167
35.75
50.3833
32.3833
27.6167
47.95
32.9667
19.2667
36.7167
47.0333
55.9
27.1667
30.0167
49.5167
41.6667
49.25
24.4833
41.5667
15.6
25.1
29.2
46.1
44.1
31.6333
42.8833
34.95
23.3
33.8667
46.3833
37.4833
42.8333
48.45
30.05
31.5333
47.2833
23
22.7333
16.9
21.1333
31.4833
47.1
46.2167
48.7
39.5333
44.9833
42.8333
67.5
26.9333
31.6167
41.0833
37
45.6833
36.8667
29.4833
32.9167
30.7
34.2333
59.4167
48.75
23.6
30.8167
41.1833
59.2333
37.5333
44.5333
42.8
21.2833
19.1333
55.6333
45.1667
33.4
22.5
35.1833
31.6667
36.5167
29.4333
43.4
40.9333
21.1
23.0667
24.05
24.1833
34.4167
24.9833
45.6167
28.8333
42.35
25.05
45.9833
31.7667
45.6167
31.7333
15.1167
40.2333
43.2
53.9
56.2667
32.0333
22.45
30.6833
31.4333
49.1333
41.65
44.0167
35.8833
31.55
45.65
42.0667
36.4333
76.1167
34.65
36.35
45.4333
34.2
33.2167
34.9
56.0333
21.4833
30.7667
40.5833
22.2667
25.8333
28.2167
24.2
16.35
42.8
42.6667
50.7833
34.5167
56.0667
13.45
38.0333
46.2333
64.3167
37.4167
34.5667
50.4167
54.5167
8.7
38.6167
41.6
31.3667
35.9167
35.3167
47.5167
32.25
27.8
37.3667
51.7667
41.0333
40.9
16.35
34.1833
33.5667
57.7667
61.45
31.9333
30.9
53.5
35.3667
26.7167
38.95
22.5333
8.66667
50.6833
14.6667
31.4333
19.05
39.7167
37.55
27.0667
45.5333
35.3833
37.5833
30.4667
42.7833
21.45
41.05
34.7667
50.3167
40.3167
41.0333
23.7667
32.05
45.9
16.8333
48
38.4333
25.5333
38.3167
44.9833
27.2667
44.7167
20.9333
33.7667
30.7833
35.8667
50.0833
48.45
14.8167
36.0333
46.55
26.5
24.35
30.6167
58.3333
16.05
57.9167
71.9333
60
40.2
41.3333
50.7167
43.3
31.4
35.3
35.4
36.6833
40.55
35.5167
41.2167
31.3667
36.1167
27.45
45.5667
34.0667
37.5667
50.35
36.05
60.5667
28.65
33.4333
37.95
15.15
25.1833
28.6667
43.5333
32.2833
21.0833
22.5167
68.8
45.25
35.2333
29.8
24.7333
27.85
23.1833
25.65
34.1833
49.4667
24.6167
39.35
32.35
33.55
32.3667
47.6167
39.4333
30.7
65.2333
59.5
42.5333
57.15
23.25
28.1167
41.15
41.4333
32.9
38.7667
53.6167
17.95
27.1
43.6
23.1833
54.2167
54.9
61.4333
48.5167
45.9333
45.5333
34.4333
40.1333
26.7833
38.2
24.7667
39.6333
47.75
21.4833
46.1
23.0833
44.2667
26.3833
26.4333
30.4667
37.5
58.55
43.9167
32.3833
30.85
41.0167
38.5
24.7833
32.2833
30.8333
33.1167
22.25
55.9667
23.8
37.5667
67.4167
55.45
41.9167
31.45
38.8333
38.9333
44.6333
21.05
16.7667
43.75
42.0333
24.7167
31.3167
35.1833
19.7
58.4167
53.35
53.25
35.2833
44.2333
30.0333
36.5167
42.45
27.85
36.0667
8.7
16.4833
51.5167
30.4167
40.5667
40.6
16.9
39.5
24.9
27.1667
49.2333
54.4833
48.8833
33.3333
41.5167
32.7167
49.3833
23.8333
21.5333
31.45
37.6167
24.9833
61.1667
54.3667
20.8833
67.4167
46.2667
35.75
16.35
25.4667
24.1167
36.7167
17.2333
64.0833
42.4167
26.6167
41.6167
26.3167
36.7667
46.8833
15.9
23
50.7
20.1833
47.5833
33.9833
24.0667
53.35
34.2167
30.7333
48.9833
43.7167
38.8833
15.55
36.9
30.8167
29.0667
32.1167
44.1833
48.2167
37.8667
30.4667
35.65
41.6333
35.45
31.6
22.1667
45.2333
58.45
53.2333
35.1333
34.2333
57.95
54.3167
23.1833
20.8333
36.4667
49.3333
21.9667
38.85
27.7167
30.6833
37.5333
48.9667
36.4167
20.95
28.6333
35.2167
27.7
52.1167
51.3333
40.7333
39.8333
25.6167
26.5833
71.25
55.5167
28.7
47.9
48.5
25
22.7833
32.9667
30.4
41.6
22.0167
43.4667
54.5333
30.45
67.9
17.6333
27.9333
43.1167
49.95
35.3167
45.7167
31.7833
41.95
43.5167
41.8667
51.5333
32.0667
44.8167
35.3833
44.1
34.5333
34.4167
21.55
50.4333
41.2667
30.25
67.8167
50.6167
47.8
61.3167
55.9167
52.6167
35.0167
38.25
23.55
62.3167
31.0667
30.5667
38.1667
39.4333
48.15
55.6333
53.2
28.0333
23.7
42.8667
26.2667
24.7167
31
14.85
29.4833
42.9167
42.2833
30.7667
44.0333
23.1167
27.25
34.3333
15.3
52.3667
32.35
44.05
36.2667
37.0833
24.8833
59.65
41.25
16.3167
29.7167
47.25
28.95
62.0833
38.15
43.6
47.75
36.4333
39.45
26.9
19.4333
35.9333
30.5167
36.3833
56.9333
45.2
28.1833
27.2333
27.7833
33.1
26.2833
41.4333
25.5833
36.3167
15.35
43.55
51.2667
54.6833
39.85
43.3
36.9333
60.95
38.4667
23.6833
29.7333
40.1667
23.6667
49.0333
55.9167
17.6667
14.3667
43.5667
41.6
41.75
60.3833
35.4833
33.8667
29.8333
28.3167
16.0833
48.6833
22.6167
28.0833
44.3
21.65
39.0333
45.25
22.6833
17.25
17.1167
51.1167
40.95
38.8
30.9833
37.9
27.0167
10.9167
31.3667
24.5667
29.4
26.0833
42.7833
64.4667
43.2
29.4667
42.1333
35.9
24.1
42.8333
45.8167
39.35
37.4
23.3167
43.5833
21.4667
23.8
29.3833
24.6167
41.3167
42.3667
49.6667
45.1833
46.3333
43.95
68.8833
33.7167
43.8167
29.7333
28.2667
27.65
45.65
44.2833
53.9333
42.3833
17.35
43.9833
27.0667
53.0667
15.2167
43.3667
59.7333
50.6333
8.26667
27.8833
52.9667
39.6
43.9333
26.6667
47.4
31.5667
30.8667
43.5833
24.4833
30.9167
28.3667
34.0333
36.85
8.56667
21.4833
32.15
61.2833
35.5
30.9833
38.45
35.45
25.15
34.8333
18.6667
38.3833
49.4333
45.45
17.6167
67.2
71.3333
35.0833
45.7167
40.15
47.5667
31.7167
40.75
54.1833
41.25
21.1167
18.0333
30.7833
24.4
19.8167
57.9833
48.55
38.9667
22.1167
26.7667
44.9167
48.5333
24.05
53.05
55.6833
8.8
49
45.1
31.5
29.3333
16.2
15.5833
62.2167
33.35
23.3833
24.1833
33.8667
30.2667
17.0833
28.85
29.9333
23.4333
10.1667
63.7667
26.8833
28.7667
28.8
41.2
50.4833
36.8
28.8
22.3833
22.1667
32.6833
51
25.15
40.65
45.65
48.5
30.0833
35.5833
21.2333
30.7667
44.8333
35.6333
43.4833
38.3333
51.1833
31.8833
30.7833
50.9667
42.5
36.6667
32.1167
24.3
31.0667
38.2167
63.7667
47.4833
48.4833
30.7667
46.45
43.8333
62.9
23.0667
51
47.0167
41.7
15.15
29.3833
45.1833
12.4333
48.5167
36.7167
23.1667
41.25
35.7167
56.6667
48.4
28.0833
60.3167
44.1167
46.5833
38.0333
31.8333
42.8
34.75
33.35
37.95
42.0833
40.8833
37.9833
29.6833
50.2
25.4167
34.2667
38.7167
47.1333
43.9833
38.2
23.9333
43.0167
45.0833
38.9333
30.9667
42
36.2333
49.5167
45.7
23.6667
26.2
35.7333
28.85
52.1
58.6667
18.9167
42.8667
25.0667
49.6333
21.05
8.58333
29.1667
64.1333
37.7
53.6
37.2333
29.6833
48.0333
47.8333
39.8667
29.4333
18.35
50.6
75.4167
31.15
68.2167
26.3
42.35
41.2167
44.3167
33.8
23.6333
27.9667
54.4667
63.1667
28.6
45.9333
57.8667
35.2
37.5833
39.3
36.95
53.8
45.5
40.6
22.1667
45.3333
35.5833
37.3667
14.0667
34.6167
52.7
66.1833
26.15
31.4333
32.7167
37.2667
38.7833
35.4167
19.7167
25.8167
51.3167
31.25
21.75
45.6333
30.6167
57.7333
13.25
40.4333
41.9
28.15
35.5333
35.45
18.2833
25.8333
32.7167
44.5167
48.9667
21.5333
36.0333
39.95
22.2833
46.2833
26.2333
20.6833
31.2
21.0833
68.85
47.0667
30.7167
43.1333
40.1667
36.2167
17.2833
53.5667
45.2833
63.55
23.1333
50.05
37.4333
42.7667
30.75
22.3667
57.9
23.1333
23.1667
33.2833
41.8833
26.6
51.7333
15.3833
44.9167
48.2833
56.6167
22.75
45.2
23.7833
36
46.9167
36.1167
41.5167
23.35
23.1333
55.95
22.4333
70.0167
16
23.9
16.7333
53.0333
34.6667
33.7167
29.2667
41
17.5833
43.8667
57.2
25.35
32.1
44.0667
43.85
36.15
30.1333
22.8167
29.7667
41.3667
29.7333
42.4833
51.1167
16.5833
18.3833
38.9167
39.3167
54.0833
27.7833
22.9333
31.5333
55.55
47.8333
38
51.45
24.4167
49.5333
25.1833
38.6
50.85
29.1833
25.6833
20.65
57.4
53.7167
37.4667
38.2667
43.5667
38.05
23.5333
21.8333
45.7667
48.1
49.0333
30.5333
57.0833
23.45
55.35
26.9833
28.5
39.15
15.5
30.15
18.15
37.7833
52.6667
41.0167
45.9167
58.15
58.7167
48.4
38.1667
22.5167
15.3167
43.5833
55.8167
26.3833
35.7333
35.4833
30.7
23.25
49.45
54
31.1667
57.1667
44.5333
52.75
43.7333
43.1833
28.1
54.4833
59.3667
30.5
39.05
37.9667
36.4833
16.3167
31.95
45.1167
33.95
29.8333
25.8667
60.1167
16.8333
56.8667
36.55
31.6333
15.5
35.1
48.7667
45.7167
40.9333
40.2833
62.5667
21.1333
35.1333
40
57.3667
44.9833
59.15
28.2667
57.3833
43.8
36.2833
47.2667
10.1667
43.8167
28.4333
22.7833
42.4833
46.5333
43.4667
23.6167
37.0333
14.5
27.25
47.4167
42.9833
48.1833
30.4167
35.65
23.05
47.05
28.4167
32.35
28.8333
51.9833
32.75
29.3833
30.4167
38.5833
32.9333
29.8
26.3667
31.6667
36.35
40.2
42.3
61.9333
37.0833
15.3667
47.6667
21.4167
33.5167
57.75
39.55
35.1
34.3167
43.8667
34.55
48.4667
36.7167
38.85
37.85
38.05
31.0667
30.05
51.7
32.0667
38.6667
22.5333
48.8167
39.7333
43.6
33.3167
23.9667
36.2833
52.4833
23.8833
34.7667
31.0333
27.2333
52.5833
23.5
48.95
19.85
40.5
20.9
61.1333
33.6
32.3667
24.9333
50.0833
37
54.6667
59.1833
37.6
37.5167
30.3
33.1333
18.1167
32.0667
22.45
34.8667
56.2
22.0667
39.1167
15.75
40.0833
43.3167
33.5167
30.8667
23.35
52.3667
28.2333
27.5333
24.6833
21.7667
42.3667
34.6
31.65
41.8167
36.3667
28.3667
41.1167
27.2333
37.45
42.5667
53.7
25.5167
21.0833
43.85
35.7833
32.3
40.2333
24.15
35.4833
30.2667
29.6833
35.9
28.2833
69.6167
26.7
39.9167
38.8667
34.8833
56.2
39.4167
35.8333
49.1667
49.1167
47.9667
42.75
33.2667
22.25
46.3167
25.5833
34.2
24.8167
29.75
28.6667
36.75
15.9167
29.8833
35.1167
30.8
50.1
54.7167
50.4
40.95
37.7667
28.4667
47.4167
45.4333
23.3333
41.55
57.7
37.0833
23.35
30.1667
23.2833
26.9667
30.2
39.0667
43.9833
30.45
50.0667
44.35
15.7333
24.8833
35.4167
35.5333
37.7833
40.6
30.35
51.3167
22.25
47.95
8.51667
8.21667
29.55
36.95
41.1167
49.6333
67.85
50.7333
52.2333
28.0167
66.9667
51.7833
37.2167
45.9667
33.5667
44.1333
17.5333
29.2833
30.7833
38.8333
48.85
44.1667
26.0667
51.05
36.7833
30.1333
24.05
36.35
54.6833
30.9333
49.0833
18.2833
59.25
52.2167
21.5833
45.65
37.1
30.75
47.5167
34.6833
38.4167
23.0833
40.9833
45.2667
21.3167
39.15
58.4167
15.6
44.9333
45.9667
36.8667
36.2
42.4167
33.5667
35.5333
37.25
35.0333
39
51.55
36.4
46.4
46.0333
49.45
36.0833
62.3667
31.3167
30.8
28.9833
29.0833
57.2
52.1667
30.1167
39.8167
43.3833
26.2333
65.4167
21.8333
54.4
50.6833
35.9833
22.2167
17.0833
31.25
37.6833
46.7167
43.55
45.4667
54.0667
41.6667
41.9333
17.6333
49.9667
66.2333
43.5333
37.7667
50.25
51.6333
42.2
44.9667
44.1
46.3333
50.9
46.1667
28.3333
39.7333
22.5167
51.6833
34.5167
28.45
16.3
39.4667
8.71667
50.95
29.6833
37.4167
34.3667
22
44.4833
42.3667
26.2833
23.5667
39.4167
29.05
23.1167
36.5833
22.9833
45.65
41.6
43.2833
38.0167
25.8167
21.3333
49.2833
32.5167
31.3667
56.9
60.0167
42.95
51.6333
31.6667
29.9833
50.7333
36.7333
25.2
39.2833
53.5833
58.6667
26.5667
28.3167
30.1667
28.7667
32.9667
22.5833
45.0167
51.4
40.5167
38.25
41.25
23.4833
38.5333
14.95
61
46.2333
28.45
41.5167
20.8333
30.2333
27.9833
32.0333
37.0167
24.3667
45.6167
60.5
37.1833
37.7833
58.8333
33.9833
27.95
57.7167
14.7833
32.9667
23.0667
40.6167
28.6
43.4667
21.0333
54.4667
39.9167
43.7833
29.9667
31.0833
26.9333
50.2333
22.95
63.9333
37.3
23.65
28.05
26.6333
41.75
51.65
49.05
34.7667
47.1
48.3
21.1667
29.5833
27.6167
17.65
31.9
35.9667
46.1
23.1167
14.9
30.9
17.0333
43.9
25.9333
49.3167
36.3833
36.8333
41.7
54.8333
56.4167
44.8667
47.5333
46.2833
28.6
36.5
16.3667
29.4667
16.2333
23.45
16
29.9167
44.2167
22.4667
34.2
42.9333
39.1167
49.7667
35.85
54.1833
28.8
50.0667
30.4167
56.4333
29.2667
21.9333
29.5333
36.0333
29.0333
41.2
63.95
45.2
28.9333
58.0833
30.7333
44.1
20.8833
43.4167
36.2667
38.6167
37.9
37.1167
27.2333
42.6167
30.1667
35.4667
43.3167
51.9167
34.7833
25.2
62.7667
32.55
26.65
34.2167
58.6
36.7833
44.0833
20.4167
31.7667
44.8667
34.4333
38.4667
32.8167
22.4167
37.3167
45.0833
39.7833
50.6333
28.8833
28.3833
54.3667
16.8167
47.75
33.2333
37.0667
35.8333
21.9833
36.1833
37.1167
41.3667
24.3167
47.5167
30.6833
15.2333
67.0667
49.05
66.5833
41.8333
36.1333
28.35
28.7167
37.1333
36.9833
14.95
25.2333
22.2
24.15
22.8833
24.0167
29.1833
42.3167
30.65
27.7833
54.5667
21.7
55.8167
16.7833
62.75
29.8667
42.8333
40.3833
14.8167
43.0333
33.7167
52.8
49.5833
9.75
22.3
52.9333
45.5333
38.7
52.0667
51.9
39.7833
40.65
48.4833
39.1167
32.8
25.2333
29.6833
45.4333
27.9833
32.1667
37.6333
42.7167
47.8167
50.3333
23.3
16.4833
55.3167
60.3333
38.2667
32.1833
63.6667
28.95
14.8667
37.3
32.9833
23.7
40.1833
17.8333
23.5833
27.5833
36.5
23.2833
32.8833
31.2833
43.6333
28.35
34.95
55.6667
14.4833
42.8
36.3667
48.7833
37.3167
51.0667
35.0167
56.6667
40.4667
16.05
22
36.3
16.75
38.9667
44.2667
52.7833
37.7167
41.0667
37.5833
25.8
36.1167
30.2167
36.8
28.1833
24.3
37.1833
47.7833
44.0667
39.0167
42.9
36.3833
46.7833
8.9
62.65
16.7
70.3333
55.65
32.4667
42.3
50.4333
39.35
41
37.7167
56.7
30.5167
30.9833
40.9667
36.4667
23.1833
50.6
25.2333
59.15
22.7
48.4833
39.7833
41.5833
39.1167
23.95
47.8167
17.4667
39.2333
43.6333
28.7333
41.6167
35.05
34.6333
39.3167
23.2
30.3
38.3167
29.4
32.15
47.4333
61.8167
37.15
18.65
62.6
23.1833
26.3167
33.0833
22.0167
48.5667
46.45
44.4167
68.9333
44.7833
15.7667
53.8833
33.7
49.8667
30.0333
37.1333
44.1667
24.8333
44
40.3833
16.55
52.2
47.4667
39
53.9667
63.6
52.25
29.5
60.7833
39.3333
36.4833
23.7667
35.55
15.4333
32.2333
42.65
47.4167
14.7333
28.8167
21.6667
30.05
38.85
28.8667
53.0833
15.15
50.5
49
51.7667
20.1
33.0333
46.55
35.9167
64.2167
36.7
59.5833
62.5
28.2
45.6667
27.6167
37.8333
48.4333
51.6833
38.4
27.5667
37.4
45.9
29.9
64.4833
23.7167
31.2833
37.4333
29.9333
36.2167
35.5667
25.05
38
20.5667
32.6167
31.1333
38.2167
44.15
57.1833
34.9
52.6667
56.2167
21.2333
36.3
58.2167
39.2167
29.7
22.3833
48.5333
44.5667
24.75
41.6833
55.4667
35.9333
39.2667
27.4833
43.1167
35.5333
21.9667
33.1667
41.9167
29.5333
49.05
35.0833
47.75
32.15
35.6333
31.1333
22.1833
38.7
36
29.65
30.1333
53.9167
27.8333
23.5667
62.7
54.7
27.55
21.9667
28.1
38.95
28
41.1667
44.2833
41
27.45
31.6833
23.3167
40.9167
36.3167
41.9667
34.5167
52.0333
45.8167
40.8833
37.8
34.05
29.6667
20.8167
54.1
23.4167
20.9833
39.8333
30.9833
38.1167
28.4833
42.5333
33.8667
20.6667
46.4167
22.3833
29.55
48.6833
30.4167
52.0167
30.6833
40.0333
22.05
45.8
36.7
42.7167
29.4167
49.1
29.45
51.0333
35.8167
47.5667
24.1
38.3833
37
33.6667
35.5
44.65
16.7167
54.8167
27.65
44.4833
37.95
24.3833
15.8833
46.25
50.8833
30.0667
46.1167
24.0167
25.75
41.8667
30.7167
28
15.55
24.1
28.3333
30.5667
34.1
54.7667
42.5
31.9833
54.55
34.9167
69.3
35.05
43.9
56.0167
52.0833
37.3667
27.2667
56.1
9.2
29.1167
30.0833
26.0833
44.7333
35.5333
46.75
42.0667
55.9
42.4667
34.2833
16.3833
23.5333
40.1167
27.9333
24.6
49.8667
72.5167
8.26667
36.6333
54.1833
40.0167
50.6833
42.6
26.2833
34.2833
48.7167
23.3
36.1833
36.5333
53.65
23.3667
22.5333
37.8
29.9
36.3
25.35
41.4833
42.0833
48.0167
44.5667
42.7
49.1833
36.9667
38.95
38.3333
50.9833
34.8333
33.4167
29.7667
30.15
40.3
42.45
22.4333
30.1833
30.7667
50.25
16.5167
28.1167
29.0167
44.7833
26.4
66.15
29.5667
35.5333
28.2833
28.7833
38.55
33.7
25.9667
26.2667
17.6667
27.05
40.7
28.1
49.1667
41.4167
26.3333
45.85
61.85
42.65
29.5833
29.0167
42.8667
36.5167
27.8167
35.3
42.6
29.2667
36.8667
52.3667
50.1333
38.0833
21.8
45.2333
27.6167
46
18.35
47.7667
29.5333
59.8333
27.3333
59.0833
28.9167
33.7333
20.1333
63.15
23.9
39.3333
26.2333
55.9
17.0333
36.1333
29.8167
31.85
49.5833
29.35
32.2333
48.1667
28.8667
41.45
41.7667
42.9333
44.9167
15.5667
37.2667
57.3
35.4
24.4833
24.2833
34.6
15.3
36.8667
35.7333
53.0333
42.75
33.7833
50.3167
42.6667
29.75
36.3167
39.5167
50.8833
38.3
33.4333
47.1
45.2
53.2
16.85
41.1667
46.9833
46.4167
43.9833
42.7
43.3
47
22.7667
46.3
39.15
23.2
37.3333
30.3667
16.9833
33.9333
44.8167
53.1333
51.2667
27.4667
37.0833
52.5
9.21667
29.4833
34.7
41.8833
21.3667
31.5833
31.1167
38.5333
58.4833
27.7167
38.0667
35.3
29.5167
24.0167
49.8667
21.6167
55.1333
27.3833
65.0833
43.2
33.4833
50.6
44.1833
17.5167
48.4833
36.7833
44.1167
29.5667
34.55
18.2833
34.8167
41.7333
48.1333
42.8167
94.3333
44.0333
38.1167
35.4667
65.4167
32
37.95
37.5167
55.3167
37.15
30.3833
18.3167
49.4
28.1667
32.3333
65.95
22.7667
30.0333
22.7333
52.5167
39.5333
30.5333
36.5
15.7333
38.9167
44.8
45.2167
34.3333
22.65
39.9333
58.5833
47.4833
57.8333
22.6667
28.4333
32.6333
52.4333
21.4833
53.4667
65.35
62.5667
32.0333
41.7167
37.45
24.55
29.9667
52.7333
62.1333
60.6
59.3333
22.6667
43.5167
21.1167
27.0833
28.0333
30.1
30.0833
23.1667
35.8333
25.8667
47.5
37.55
43
44.4667
20.85
34.1333
61.2833
15.1
37.9333
74.1333
29.85
51.1833
37.4833
49.6667
29.3833
49.3167
27.9167
16
49.75
62.0833
23.85
44.55
42.2
47.2
34.4
40.75
36.0833
55.6833
21.2833
28.6
23.6333
38.3833
42.3667
40.4667
20.0667
55
45.7
29.0833
35.0833
42.45
52.35
46.9667
26.9333
32.6167
37.1
53.1333
38.8167
32.1833
54.15
32.0833
21.1333
41.5167
35.45
30.6167
43.0333
38.2667
22.6
40.75
12.7333
38.9333
32.3833
29.0833
64.1833
50.2
30.5833
42.1167
48.5167
50.2667
24.2
29.2
52.8333
29.5833
36.1833
27.4833
51.2333
23.45
23.5333
49.2
23.3333
45.9167
53.3667
44.3167
21.8333
39.2
35.1667
27.75
28.5167
46.9833
16.95
30.1
48.5333
25.9333
53.15
43.2667
38.95
41.0333
23.1667
35.7667
59.05
28.55
51.8167
28.2333
38.8167
44.0667
42
32.95
31.4667
39.05
42
23.2333
40.4833
33.2333
31.9167
50.9833
9.46667
34.9667
22.1
60.6667
28.7
15.0333
42.0167
16.5667
52.0333
15.6667
56.9667
46.8667
33.15
51.35
29.4667
48.6167
57.1
37.4667
50.4
38.6833
27.4667
24.5333
37.25
28.5
41.0833
31
39.4333
41.95
62.5667
14.8667
47.8667
30.6333
41.2833
28.85
15.7833
15.7
20.35
42.95
25.9833
38.3833
45.1667
51.05
29.7333
28.8667
36.3333
36.3333
46.9167
22.65
32.8667
35.6333
42.3
60.3833
47.9167
51
16.8
46.1833
40.35
28.0333
34.4667
21.4833
31.6833
23.5333
44.75
34.3
65.6167
43.4833
36.6
29.3167
33.2333
29.0833
35.8833
36.55
29.2667
49.5833
30.8167
49.3
30.55
31.8833
41.1333
22.4833
37.4167
41.0833
23.5
32.8833
27.9167
32.7667
28.5
33.05
26.0167
36.3333
33.35
30.4833
44.0167
29.6833
53.3
45.65
53.5333
47.4333
36.5833
16.5833
23.0833
51.4167
52.25
52.8167
41.75
37.8
27.9833
31.3333
22.3667
33.8
63.65
39.35
33.6667
39.4167
44.95
37.7833
19.0167
28.9
34.3667
43.2333
24.6333
22.5167
13.5167
42.6
51.7667
39.3167
28
64.1333
29.3833
46.6667
49.15
46.7167
49.8667
38.0167
30.6833
43.5833
40.25
69.6333
46.5333
31.3333
36.4667
42.2167
55.5833
34.9333
43.2667
49.0167
23.3
22.9333
22.7167
31.2333
39.5833
21.7167
32.7667
15.7833
32.7667
41.4833
23.4667
46.15
15.85
23.15
38.8833
25.6167
23.95
54.35
28.45
58.1833
31.0333
50.8833
18.75
34.7667
14.3
42.0167
14.9333
23.9833
29.35
49.5
54.3833
45.3333
43.4
28.8833
52.45
39.2833
54
35.0167
57.1167
48.05
32.2333
34.7833
33.8167
38.7833
32.7667
36.35
9.63333
40.9
39.5333
35.7
44.3333
52.6
62.4167
56.4
35.1
26.8
24.6
48.4333
42.8833
31.45
27.4667
43.7167
43.5667
40.0167
44.4833
25.0833
38
29.7
22.2833
29.05
31.7667
32.15
19.0333
28.8
18.0333
21.9667
38.8667
54.3333
27.3333
30.2833
28.3167
37.75
54.8833
29.7
42.85
30
41.45
41.7667
23.5333
35.2167
44.4667
32.8
31.1
36.05
45.8333
37.95
41.85
41.7833
45.0333
29.45
50.8333
34.7333
33.55
40.45
28.7333
33.8
40.0333
8.41667
42.75
42.25
40.5
28.3333
40.3
32.0333
29.4667
35.3
43.25
47.6667
55.9
30.35
27.6833
42.6
46.45
24.1167
31.1333
18.45
27.75
40.8833
56.1167
32.6833
29.45
38.7333
36.2167
48.1833
24.0333
30.45
28.8667
37.1833
48.9167
61.75
35.45
29.1167
23.8667
39.4167
30.0667
31.25
43.4333
56.8333
23.8667
30.1833
38.7667
47.2667
33.1
41.3667
16.7833
43.6167
45.95
29.7833
41.7167
32.7
39.25
34.6333
51.5833
31.8333
34.6833
30.7167
35.2333
50.7167
33.5
34.6167
39.3
35.6
45.5333
63.6333
25.7
52.55
36
23.1833
28
35.8
54.8167
30.2
38.1333
16.9667
61.1
29.7833
24.2833
47.9
16.5
28.7
30.3333
53.1333
30.1167
48.8
44.1333
27.75
36.1333
30.3833
45.8167
25.4833
32.1833
20.8333
28.75
57.3333
48.4833
32.9167
38.95
20.7167
29.4667
39.4333
34.25
26.8833
23.7833
44.85
50.6667
51.1167
58.3333
32.05
35.9
35.2
23.95
26.1667
54.0667
50.2167
54.6833
45.95
28.7667
48.6833
44.7833
42.8167
28.5667
16.4
18.8833
61.9333
37.0167
41.6333
51.35
32.05
54.5833
26.55
28.6833
57.25
27.4833
50.65
43.5833
38.7333
34.9833
29.2833
22.1
45.0333
31.4
23.7167
17.6167
52.1
28.2167
36.9333
29.2
23.8167
42.5667
24.2833
29.9667
51.1167
36.3167
57.6167
16.2667
33.05
53.7833
28.1833
30.1667
40.15
32.5
37.45
32.9
24.2667
35.0833
42.8167
44.0833
43.5167
35.1333
22.6
47.5833
16.1833
37.85
48.05
49.1167
22.05
40.45
47.3833
31.85
28.9
32.9
33.6333
46.5833
46.2
33.0833
28.0333
63.85
42.35
36.0167
43.4167
67.65
40.9167
55.9667
46.5167
55.0667
42.15
45.1667
43.6167
18.4167
28.4333
34.4333
30.9833
57.6167
37.5167
37.3
28.45
42.5667
57.1667
50.6167
32.95
64.8667
36.3833
22
53.9
42.8333
24.7167
20.7833
35.05
49.8833
44.0833
35.1
60.8333
23.8167
47.8833
29.0833
46.3167
23.6333
57.3667
22.4
25.15
29.5333
35.95
38.65
40.2
56.05
34.8333
43.3167
37.6833
35.6333
23.6333
36.25
20.7333
30.6667
39.1667
21.9667
23.8
40.7167
41.6
30.9333
37.9833
50
29.7833
31.85
25.3667
32.4167
45.1167
42.8667
23.75
23.75
15.55
56
47.25
32.4167
58.2
43.3167
42.4167
35.9
15.5167
38.1167
43.2167
48.0333
28.6833
38.4
57.2833
38.5333
31.4333
53.6667
49.5667
52.8833
22.5333
38.6167
44.45
28.8667
24.3833
34
19.1833
25.1167
37.8667
34.35
26.35
54.4833
36.95
42.7667
50.95
20.95
29.4167
68.4833
32.3333
35.2167
14.2167
51.6
54
38.7167
36.4833
49.9167
33.7333
39.2
28.25
38.6667
42.5
28.7
36.3167
51.7833
22.2167
29.85
40.6667
42.4833
36.65
28.3
48.7667
32.55
47.3
39.6333
35.0667
63.2167
44.7167
56.55
24.3833
16.6667
15.9333
54.3833
45.05
48.2
34.3167
16.0167
22.65
34.7
68.4333
36.75
27.8667
41.3333
31.35
28.4333
42.1833
56.1667
44.9333
41.35
64.5167
21.3667
42.2667
35.7333
58.6667
37.25
30.85
21.8667
50.55
46.4667
41.8167
22.55
42.9667
27.8333
28.6333
36.5667
52.9
43.5667
40.9333
42.8833
52.7167
21.7833
45.9667
57.2333
51.85
37.7833
22.5
55.4833
20.85
30.05
41.0167
39.7833
26.8
30.9667
40.8833
29.6333
38.0167
38.5667
23.3833
33.1333
37.4167
43.0833
15.0333
37.5667
35.1667
69.8667
36.0167
35.2667
49.7333
56.2
34.8333
53.5167
56.9667
35.6667
39.95
52.4167
24.15
21.4167
32.7167
65.0167
15.8167
29.4833
39.65
23.3833
48.8167
41.5
21.9167
30.6833
37.8333
45.9167
39.6
35.7333
27.3
38.1833
61.1333
36.6167
9.11667
61.1
24.7667
25.4
48.45
34.8167
15.35
28.85
23.35
68.1667
16.2
23.9667
38.95
30.2667
43.6667
20.9167
53.2
47.4167
51.5833
29.4167
28.2333
21.9333
43.9
44.75
34.15
32.2833
30.45
34.1167
27.0333
35.15
26.3167
22.1
50.2
38
46.2333
36.7167
30.3
43.7833
37.0333
25.45
58.55
20.7
15.9
36.9833
26.75
66.7833
33.5333
16.7333
35.1
27.2833
48.35
45.8333
29.5667
29.2333
55.8833
39.4167
27.5167
37.5333
52.6
45.9667
27.3167
68.4333
44.9667
33.8667
49.35
31.0833
43.3667
33.2667
32.1
40.45
49.4833
23.7167
42.3333
43.8
50.1833
32.0833
10.85
48.2667
39.8667
61.4167
51.2833
19.7333
34.7167
50.1167
49.3333
36.5167
15.8667
42.4667
34.35
31.8
36.7
41.65
9.33333
37.4667
63.0833
36.1667
56.2167
30.3167
21.6167
18.6667
50.35
32.8333
53.3167
23.15
60.9
36.7833
16.5333
38.5667
44.0167
9.25
38.4
43.2833
47
22.9
25.5333
35.8167
30.4833
40.1167
35.8667
22.1333
54.3667
32.2667
33.3
32.2667
32.5833
54.6
35.7333
70.1667
40.95
59.4667
41.2667
32.8167
29.6
52.2167
41.8833
23.1333
19.55
21.4667
33.7
20.8667
14.8667
8.85
44.95
38.5333
23.35
28.95
39.9667
31.8167
42.85
51.5833
39.5167
23.9333
58.1833
29.5833
39.1
37.2833
33.2333
43.4667
35.8167
16.1833
26.9167
30.8667
45.8667
22.4667
28.55
36.5
48.85
41.9
44.4167
33.8667
28.8833
17
34.6
48
42.9333
29.3333
39.0833
46.4833
21.2667
42.5
28.6167
33.4
27.8167
41.4833
16.2
45.95
42.35
34.35
28.2833
52.5
35.5333
53.55
39.5333
62.0833
21.9833
34.1167
39.0667
50.7167
51.7667
28.3667
41.1833
22.9167
31.7167
27.7333
38.5167
22.4667
35.3167
36.7
34.45
60.7
49.0833
25.2667
18.0167
47.3333
64.5167
65.1167
35.3167
47.3333
54.9
41.2
55.9833
50.8833
24.3
26.8167
43.55
33.8833
30.9
39.7833
51.9833
34.5167
27.2167
33.8833
30.1167
36.7333
43.9
15.0333
37.7833
52.4167
31.85
37.9333
46.95
40.7833
34.55
26.8333
29.2667
19.8167
29.7667
32.0667
20.25
44
32.1667
31.6833
42.5
42.3167
44.55
14.3833
40.2
45.9333
54.0167
37.0333
15.8333
38.1167
53.6667
39.5167
31.75
27.85
34.05
59.0667
41.15
55.8833
35.2333
37.35
31
51.35
32.3333
32.2333
48.4833
22.5333
22.9
22.9333
37.2167
9.3
22.8833
39.5
21.65
50.4
28.05
29.8
29.4
26.85
35.8167
25.85
36.7
29.4167
33.4167
55.2667
18.0167
34.5833
39
36.9833
45.4333
36.4667
42.4833
28.7667
40.9833
37.15
25.3333
37.1167
43.9167
20.4167
32.85
30.6167
47.4333
36
36.3
24.2833
39
27.8
53.6667
37.6333
27.8167
33.5
25.75
32.2667
32.65
21.95
50.2667
37.6833
44.0333
43.2833
39.0167
34.55
42.5333
29.9167
26.5667
26.5
33.85
36.1667
26.15
40.7667
30.0667
29.3
46.1667
23.35
37.2333
41.6667
35.2333
29.25
63.15
39.0333
29.3833
29.3167
31.6833
35.8
37.3667
27.3833
26.7833
44.5333
42.7333
34.4167
38.1667
33.0167
56.4
39.0833
43.0167
45.6667
62.6
27
34.8833
39.4167
36.05
28.05
44.2333
25.0167
22.9
51.2833
37.35
63.9333
21.8667
36.8333
30.7667
22.8833
38.05
60.65
30.1333
65.1667
33.7167
52.6
35.4333
35.2167
24.4333
39.0833
55.9
28.25
59.8333
30.1833
73.15
52.5833
51.3333
25.6833
29.1667
21.6833
37.6833
38.3333
24.2
28.7167
32.5167
30.0167
60.6167
55.7
30.25
65.2333
40.7333
37.5833
30.55
42.2833
47.0833
40.2833
31.05
23.3667
45.9333
17.8
47.0833
42.9333
49.7333
31.2333
17.6167
23.2167
39.0833
32.8667
39.8833
36.8667
30.5
47.65
36.8333
33.2667
46.2833
43.7167
24.8167
56.35
32.3167
34.55
49.05
49.25
35.65
47.8333
54.35
38.85
52.8167
43.25
36.5333
47.8167
29.8833
14.3
38.1167
41.4833
24.2667
45.6
40.1333
9.55
31.9
45.4667
27.0167
42.55
48.6
42.9333
53.5167
48.5
38.9667
34.9333
24.1167
27.5667
49
39.8333
45.3333
35.5833
41.9333
51.75
36.7833
68.9
33.3833
24.9667
24.1
53.8
29.6
47.4
10.8
48.4
29.2333
32.3833
24.9667
45.7167
29.9833
44.15
48.75
53.9333
48.7
41.3167
45.85
9
39.2833
40.5833
47.2333
29.4667
36.05
52.3833
33.95
30.3333
25.7
28.4833
34.8
32.75
25.8333
44.6333
57.4333
21.3
35.45
40.5667
59.8333
48.3167
38.25
27.1667
52.3
24.75
27.1667
32.0167
28.6667
49.15
23.5667
37.7167
43.55
28.8333
28.3
19.7167
33.0667
49.9167
29.6
37.6
15.35
50.0833
35.9667
29.7167
31.7667
57.4667
27.75
38.3333
43.6
45.25
39.3167
44.0333
34.7833
21.6
48.1833
38.8
60.4833
9.06667
52.35
29.4333
21.45
29.0333
36.2333
16.6333
55.3833
63.0833
28.15
15.2
36.7
41.0167
62.3333
40.9333
21.6
45.2167
32.7667
23.9167
30.4667
74
43.8
31.4667
24.9833
28.7833
50.8667
34.3833
28.1833
29.65
19.9833
29.2
27.1667
52.85
28.1833
45.5
29.15
34.45
33.4167
34.4
26.6833
29.95
22.9
44.7667
25.4333
27.45
43.5
32.5667
42.4167
38.8
53.45
36.8333
53.3333
57.7333
49.0667
36.9667
44.7667
41.4833
35.75
31.05
41.5833
35.3333
33.45
27.8
17.5833
52.9
30.1
42.6167
34.1
47.1833
63.1667
32.5833
40.5333
27.9833
29.4333
35.2667
40.4833
36.3667
46.8667
39.8333
36.2833
40.4333
36.4667
32.8667
28.8833
15.5333
29.9667
15.7333
25.3833
60.35
41.1833
29.2667
46.5833
29.7833
56.15
31.8333
49.4333
36
17.1333
35.9667
12.1333
38.95
28.2667
39.2333
27.7667
42.1167
22.5667
36.5333
49.4167
27.55
39.8167
32.5167
36.55
38.0667
29.1
43.4167
43.5167
39.5833
31.8833
41.3333
25.3167
35.1833
43.1
27.8833
40.2833
42.65
28.7667
42.5833
45.25
40.6
56.6667
48.0167
24.0833
34.2167
23.5333
21.8667
39.5333
33.6167
35.5
36.55
47.9833
23.2833
48.6833
50.4
38.5333
37.55
16.2333
35.6
39.7667
79.65
56.7833
27.6833
8.5
29.7667
20.7667
58.4833
28.7667
22.4333
22.3667
33.4
23.7667
60.35
49.25
14.9167
9.08333
50.0333
49.3667
37.85
38.5167
49.95
50.9667
41
57.0667
31.2667
24.5167
26.1
48.3833
54.5333
23.1
27.4167
26.2167
68.7333
28.8667
36.5833
36.15
31.1667
37.0333
33.95
51.1667
49.6167
41.3
50.05
20.9667
25.8833
42.8167
44.55
28.3667
44.0667
16.7167
34.1
14.8833
42.0667
43.2167
40.8
36.7833
41.5
44.9667
35.15
55.8167
23.4167
42.25
47.6
42.6167
23.3
42.8
41.3833
33.55
34.65
32.1
40.6833
35.3333
29.3167
41.9833
43.8167
22.3333
50.7833
52.1667
28.0333
29.9
43.5833
60.4833
35.3167
48.7
50.8167
27.7333
36.7333
31.6
24.3333
33.3
36.3
17.5
41
47.7333
39.3333
41.5333
23.6667
36.3167
27.3333
38
38.4167
47.2333
70.9
49.8333
33.5333
31.1333
34.1667
47.65
43.7
19.2333
57.1
35.7333
25.1
30.3667
45.6
41.6667
40.1667
42.2167
23.2833
21.5667
36.8833
62.8333
43.6333
45.5333
19.9
54.2833
56.0667
22.5833
37.7667
35.7333
38.4
41.8667
31.25
42.7333
27.85
29.4167
53.8167
23.0833
40.6333
37.4
32.5167
24.3
39.3667
32.35
33.0667
21.5167
41.8333
36.65
28.5833
49.2
52.0667
31.0667
58.3333
45.3
18.3833
27.7833
32.7167
49.85
48.6
42.9167
55.2667
33.3667
39.4333
33.5
41.7333
29.35
50.35
52.6333
55.3333
49.1333
31.05
25.5333
53.7833
28.9167
27.0833
29.95
28.3833
29.55
37.75
39.7
21.8333
58.5833
49.3833
40.6833
32.9667
42.2333
25.4833
27.9167
45.15
46.6667
43.35
48.7333
55.7333
53.55
22.85
27.4833
35.7
45.7667
23.9333
36.6667
26.8167
53.4333
22.3833
54.55
51.6
21.7667
55.75
53.1
34.1
32.0833
28.25
54.45
34.5833
41.2167
46.1333
14.75
62.1
28.65
48.6333
33.4
19.7
50.3167
43.7
31.1
58.4667
45.1167
44.8
35.6667
25.65
45.3
33.1
49.1
20.1
46.3833
53.85
29.6333
23.9333
31.0333
40.7333
42.35
36.95
36.2
37.1833
58.55
39.5
39.7
24.6667
42.2833
27.7333
81.7
41.6333
30.2333
34.75
15
36.3833
25.7833
23.45
23.8333
47.1
44.7167
51.5
31.8833
23.4833
35.9333
39.15
36.1667
44.8833
48.2833
38.8
36.2667
23.9167
37.2833
32.15
37.3167
23.9667
47.5333
40.0333
36.1333
36.4667
40.6167
34.4833
23.35
44.6833
62.3833
47.4
16.4167
48.05
23.3333
35.5667
49.1667
59.15
41.4333
28.35
33.6167
41.2667
28.95
30.9
41.9333
52.3333
28.3167
45.3333
28.4667
49.0167
28.75
35.0667
44.9833
38.2333
21.0667
68.7
9.2
52.3667
27.5333
45.4333
32.4667
46.6333
22.9833
38.75
43.3167
30.8833
37.2833
36.1167
60.0667
58.8167
34.4333
28.2167
40.85
40.4667
33.5833
32.8833
35.65
35.1833
48.4667
42.2167
52.9667
23.6833
31.3167
9.35
29.7333
34.3833
30.3
48.1333
41.8833
52.85
8.71667
28.3833
58.2667
33.1333
60.95
32.05
49.3333
50.4333
8.63333
26.9833
36.0667
42.2667
44.35
26
40.4667
42.7667
43.75
29.4333
34.0167
45.4333
37.6333
28
32.3167
53.3167
35.9
41.7167
48.95
17.45
62.55
8.33333
37.5333
50.35
25.5333
37.5167
48.2667
47.5833
36.5833
27.6333
24.8167
31.1667
37.5167
52.3667
26.5833
51.7667
16.5833
64.2833
25.8
22.6833
43.6
29.1
50.4833
44.0333
44.55
34.1
25.95
50.4
42.35
45.0667
17.1833
27.0333
59.7833
43.3833
56.2
34.7833
31.1833
41.6667
37.1667
61.3667
36.2667
44.5333
34.8333
38.05
23.4667
23.3167
25.15
50.45
46.6833
29.4167
37.8833
29.1167
95.2
29.7667
43.55
23.5333
45.3833
27.7667
22.2167
33.3
25.05
41.2
30.75
15.75
42.55
32.7667
43.7167
30.1333
48.1
38.05
39.05
15.8667
43.4833
58.95
25.1
32.35
38.7
39.1833
39.4333
40.1833
48.8167
29.05
46.9833
57.9667
48.45
21.3
27.45
40.8167
47.2
9.68333
22.7667
37.1333
40.9167
52.5167
21.1
44.5167
28.4667
17.4667
43.6667
37.6333
26.0833
22.7
21.35
40.9667
36.3833
27.5667
29.3167
32.8
28.3167
56.2167
35.4667
15.8833
29.55
29.3167
43.0167
56.3667
60.3333
43.4667
33.8333
56.0667
50.2833
41.4667
25.1833
24.6667
39.8333
50.4667
25.1833
38.0333
46.3833
28.6
39.1667
38.2
23.0167
33.25
30.1667
35.3167
34.3833
31.0833
33.6
18.2667
50.6167
33.0333
46.4667
22.8167
23.7167
47.1167
36.9333
15.7
17.5833
13.6167
33.3667
30.2333
49.0833
41.4167
44.8667
26.0833
39.25
30.1667
30.65
36.9833
58.2833
50.6167
39.9167
36.55
29.1667
15.1167
37.8167
17.2
39
38.75
47.9333
36.3333
37.4
48.7667
63.4833
48.1
30.2167
28.4667
43.3667
39.7167
38.7
44.3167
18.1667
38.2333
64.9333
38.5833
26.6667
19.4667
27.2333
33.85
54.6667
49.5667
16.5
52.6667
35.3833
24.75
68.2167
46.3833
25.35
44.3167
15
36.6167
45.4
40.0167
29.3667
24.55
53.5833
48.8833
41.2
36.05
49.85
49.75
51.1833
22.7167
27.3833
23.3667
36.2167
33.6333
40.4333
39.2833
24.9833
22.9
22.8
42.8167
23.5
36.0667
37.8333
43.6167
41.1167
31.3667
42.0167
39.25
28.8
71.35
30.4667
29.35
32.0833
54.6167
26.8
59.85
41.3667
41.35
31.35
28.9333
32.8833
59.5167
44.7667
25.2
43
60.3167
73.35
34.8
53.3167
49.1333
24.15
49.8167
33.2167
44.2333
46.8833
50.2167
26.6167
62.8333
33.95
17.7667
16.2667
39.25
48.95
56.8167
16.1167
46.6833
38.3
18.3333
47.8833
23.65
25.5167
27.8167
34.7333
53.5
34.9167
36.3833
34.5167
34.55
41.4667
43.8833
28.9667
17.3167
22.4333
50.05
51.1
47.1167
24.4833
31.35
41.3
23.5
37.85
28.25
36.8833
47.2167
42.15
56.6667
15.6
46.75
27.8167
30.4333
49.6333
19.0167
55.2667
56.4167
38.2333
33.25
41.3167
36.35
15.5
59.4667
38.6167
35.1833
23.9333
69.0833
18.0833
33.5333
45.6833
71.9167
30.3667
25.1833
48
39.9167
15.9
35.7167
31
40.9
41.6667
23.8833
45.95
26.6333
28.1333
41.6333
40.4333
35.2667
23.3
37.2833
28.2167
26.4
34.8333
45.9
20.45
87.9333
18.1
35.8167
42.8333
24.4833
65.9333
39.85
29.7167
53.3667
36.15
35.7333
10.5833
39.4167
33.2333
52.7
37.6667
32.6833
45.2167
62.5833
45.9667
38.9833
44.9333
26.2
15.9833
39.75
37.9333
16.5
22.1167
24.3333
27.1167
30.3333
46.8167
47.9833
33.3667
24.2833
30.3167
51.85
32.6167
21.8167
52.8833
63.7167
50.3833
33.6333
37.7167
39.6167
25.9
24.3167
30.2833
34.9667
27.3833
43
41.3667
24.15
48.4
26.2667
35.2833
38.4833
44.05
42.2333
39.75
51.9667
32.3667
18.0833
33.5667
30.3167
21.4667
46.7167
44.2667
38.5167
54
51.55
45.9333
33.5167
15.0167
40.0833
42.95
29.2167
29.1167
29.7
45.2333
51.2333
37
52.8833
44.9333
15.9833
23.6167
38.1667
35.2667
46.4833
17.2667
38.2167
16.3833
40.35
9.38333
16.1167
49.7833
41.25
30.65
46.1333
34.8167
33.3167
40.35
40.1
35.25
29.2333
40.0667
15.65
64.85
54.4833
36.3833
9.03333
36.6333
45.4
17.2667
36.1333
23.3333
9.55
33.75
44.3
39.8333
32.95
30.2833
53.3167
31.1
38.8833
39.3
18.1333
40.9167
28.8167
58.4167
25.0667
18.2
37.1
39.5167
31.7667
48.95
35.2333
40.2833
23.15
31.2167
42.0833
34.8667
27.7667
42.2833
29.7833
32.2
22.6
32.7667
44.5333
36.85
59.85
30.2
42.3
14.8167
55.15
33.7
38.7167
43.9333
39.25
39.2667
64.3
43.9833
38.2667
49.0833
27.9
33.1833
46.3167
27.75
38.7167
49.0833
36.7
44.7333
48.8333
35.0667
33.3167
25.2
40.6
24.2333
22.7
34.8833
25.45
36.85
36.3
43.35
43.8833
36.65
45.8167
51.2833
15.55
36.6
26.35
34.9
23.6167
24.1667
28.5667
28.8
52.3167
22.2667
41.9833
23.5667
54.9833
44.0833
59.0833
35.0833
37.4667
13.2333
61.4833
24.6
17.8667
35.3333
26.4167
55
39.9667
33.4
45.5833
37.5333
27.9
40.95
70.1333
31.4
55.4667
39.7333
48.2167
37.4833
44.1833
54.3833
36.85
23.2333
46.0333
56.4333
30.0833
69.4
34.4333
40.3667
36.7
45.4
49.1833
46.8833
24.75
40.95
37.25
52.6667
42.7833
52.95
24.15
48.2667
46.55
36.9
33.6667
22.65
27.1667
43.8333
27
40.7833
15.7
41.7167
24.7
21.7667
28.7167
34.8167
40.7333
38.1
24.4667
51.45
36.1333
39.6667
43.65
22.4667
39.5
31.0167
42.3333
36.4
43.3
34.7167
63.5
51.4167
30.5833
53.9333
48.1833
52.5
39.8667
53.2833
24.35
30.6
24.05
43.8833
44.8167
49.9667
50.1167
58.55
30.85
32.0833
39.6667
16.0667
49.9667
63.8
39.1167
50.7833
46.6167
28.5167
14.7167
30.2833
38.1333
27.9167
46.0833
8.61667
30.0333
36.9333
36.75
55.8
35.5667
16.8667
51.55
39.1167
61.6667
66.1667
43.7333
40.6
29.5167
39.1667
29.5
36.1
42.7167
43.2833
16.7167
21.6
13.9333
30.1833
44.4333
32.4667
36.9
64.8333
32.4667
32.1167
18.1333
41.3
37.8833
16.1
28.7333
40.3667
30.8167
29.9667
36.8
53.0833
40.1167
42.2833
24.5167
38.55
25.3833
21.7833
31.05
51.4167
29.4667
15.1167
47.1
32
48.3167
33.2
54.3
42.5833
46.15
46.75
39.2333
50.2333
16.4
36.3
40.3167
46.95
27.35
8.38333
29.25
42.4667
36.2667
61.7167
34
15.1
41.15
28.4167
37.8333
33.0333
31.95
25.95
37.2167
30.45
23.9333
61.6167
49.4167
47.3667
14.9833
39.7667
54.6333
30.2833
24.95
39.45
25.2833
31.8833
23.3
40.0667
16.75
24.9333
34.2667
31.5167
22.5833
51.1667
27.95
25.15
27.6167
42.0333
34.9333
26.7667
51.8
36.0167
43.1167
31.8833
31.25
27.15
27
56
44.4333
43.6
37.5667
51.2
34.2667
55.8
50.6833
47.0833
37.4167
40.7333
28.25
37.7167
45.5167
39.5333
63.9667
36.5333
23.1
38.2167
35.0667
53.4667
56.3667
44.3167
75.4
48.1667
31.8167
24.25
41.6667
35.0667
34.0167
43.9333
23.7833
32.1833
36.2667
29.4
57.15
21.25
51.85
37.85
54.9333
31.25
37.45
48.75
62.0333
8.71667
32.7667
34.75
40.8333
29.1333
44.1833
25.4333
37.1167
25.35
31.8833
45.2833
31.5667
48.5833
35.9333
28.2667
40.1667
36.1667
29.2167
15.6833
49.1667
34.75
45.2
22.5167
21.9333
22.9333
52.3667
41.55
53.8
44.0667
61.4167
48.5667
59.8667
30.5167
34.6667
49.25
31.0667
38.5333
22.3333
48.2333
47.15
43.5
29.9333
26.2
19.9667
53.3667
43.8667
17.7833
24.2167
42.9167
41.7167
43.4833
52.7667
51.2667
43.5167
22.2333
52.85
30.1333
39.9833
29.7333
43.15
31.8167
37.05
31.9
28.35
42.5833
29.7333
74.8167
9.56667
27.6333
32.1167
29.05
33.2833
25
51.6833
24.1833
42.8833
56.8333
56.4
60.25
44.7
24.0667
29.75
37.3333
48.3667
42.0667
34.55
44.2833
33.45
31.1833
27.15
49.2667
44.5833
45.9167
29.7667
28.5667
35.7
47.7833
15.2
30.0833
36.1333
46.7833
48.8333
37.9
42.35
25.0167
45.3
44.3
27.4667
38.0833
43.0667
15.8333
49.0333
54.9833
28.0167
32.7667
40.4833
51.6
23.0833
29.7833
28.95
40.9667
28.9667
38.9
39.15
50.6
30.5333
36.9667
44.3
27.8833
39.6833
43
31.05
25.0667
22.1333
72.8333
43.9
23.65
34.5333
29.6667
36.5333
46.1833
26.1333
49.0833
57.2167
15.6333
22.05
22.0333
43.9833
51.7667
32.1833
52.4833
35.45
36.9667
27.45
48.25
47.9167
36.2333
52.9833
44.0333
31.8833
49.9833
15.9333
36.4667
38.4
25.5667
28.7833
38.1333
31.8833
52.9833
28.7833
51.5667
45.0833
56.8333
63.6167
16.7
41
34.1
37.3167
45.5667
23.6667
52.9167
36.1333
45.1667
28.9
32.45
37.9667
51.6833
24.9167
44.4
39.6333
30.05
33.6
36.4167
43.7
25.8
59.4667
35.0333
49.0833
63.3833
44.7
33.7333
44.5833
40
36.3833
39.2
34.5667
44.8
21.8667
48.75
41.5333
17.15
24.5833
42.4
53.8833
24.6667
54.25
24.85
39.6
29.5667
36.9333
36.95
46.65
16.5167
41.4333
41.3
80.9333
30.0167
29.9667
17.3333
35.25
26.4333
29.55
37.15
44.95
43.85
24.0833
39.1
18
54.9667
23.4667
51.7333
49.6333
41.8333
34.8833
23.5333
35.0667
42.0167
22.9833
35.9667
27.8833
20.9833
44.2833
20.9667
22.8833
21.3167
34.6
29.4667
64.7833
43.2333
38.2
38.95
22.45
24.2
42.35
46.45
31.95
27.15
37.9667
38.5833
31.5
39.8333
57
34.5
58.05
36.3
39.55
39.65
31.5167
42.65
63.6333
37.6833
27.5333
70.2
41.2167
37.3667
67.5333
38.0833
61.6833
22.85
24.4
28.6333
35.7667
40.85
22.8667
18.4
28.3667
42.5333
36.8333
39.55
47.15
44.5167
48.6833
38.9833
43.2
18.2833
37.7833
34.4333
48.15
37.75
19.9333
32.6
48.0667
51.7167
38.2
29.5333
44.55
43.75
73.4167
25.4833
38.5667
56.2167
51.3667
47.1833
16.3
46.5833
44.3333
66.5333
31.5333
57.3333
60.9167
43.1667
44.1833
27.45
24.1
29.45
23.8667
60.1
54.1333
31.6167
38.6
48.7833
42.1667
51.4667
39.65
37.8
43.4833
42.95
39.15
37.4
27.4667
47.5
37.5167
37.5167
44.9667
46.3833
27.7333
28.8333
51.35
28.7833
47.7333
29.4167
52.0167
18.3
23.4333
26.0333
44.7
63.45
47.9
35.5
44.1833
30.25
62.75
55.5
7.8
47.6667
37.0333
59.15
43.8833
43.5
44.2333
44.9333
15.15
25.9667
42.5833
42.3667
42.3167
52.8167
22.2167
32.3833
23.8167
28.9333
53.4333
52.1
45.2667
25.4
14.1333
43.2833
17.5333
51.5167
33.5167
28.8
35.75
41.3167
43.9667
47.8833
30.4667
47.9833
57.3
32.0167
42.15
37.55
29.85
30.0833
43.55
58.7833
19.9833
39.3333
24.7667
15.85
33.8167
30.8833
28.0667
57.9
22.75
43.95
29.35
38.8333
57.6833
43.05
31.2333
30.5167
14.7
48.9667
25.45
24.5
37.3667
33.8167
45.5
28.6167
31.4
35.8167
37.4167
55.5667
29.8333
53.9667
23.45
46.8
28.5333
58.3833
59.2167
38.2833
65.9833
28.25
42.0667
39.3333
41.5833
47.0167
24.1167
38.4
42.1
32.1667
23.55
65.0667
29.2333
22.3667
22.8
30.7833
29.2333
40.2833
24.85
42.55
36.8167
42.0333
29.9667
49.8167
39.45
28.7167
18.05
46.0333
9.41667
32.75
31.2167
35.85
35.7333
30.3167
25.65
15.85
42.9667
62
49.2167
43.65
33.55
40.9
22.1
57.3667
45.15
48.9667
30.0333
29.2
15.05
31.9833
34.4333
35.5833
37.55
31.2167
31.5833
55.5667
29.75
42.5167
30.5667
32.3667
44.6833
22.3
62.55
39.05
49.4333
50.8
30.6
16.2167
31.3833
39.5833
28.75
40.7333
30.7833
32.4333
52.6167
29.2
37.9167
46.5167
47.6
52.9667
27.9167
56.6833
15.9667
42.9333
26.55
47.2333
34.35
38.8667
52.9667
33.0667
25.9333
28.7667
47.2833
44.25
45.2833
31.45
33.6333
22.4833
55.4333
28
36.85
63.2167
38.5333
20.7333
26.3333
43.8333
36.6167
37.5
36.5833
24.75
21.6
32.1167
23.15
44.8
43.9667
57.3
28.45
31.2667
37.7167
50.7333
36.05
50.5667
9.53333
31.4
50.4833
55.8167
47.2333
42.4
38.8167
33.75
31.1167
30.6333
29.5833
34.1167
36.0833
29.3333
39.7167
52.8667
25.45
50.4
39.25
35.3833
44.7833
22.9333
25.5
54.5833
43.2167
29.0833
62.8
41.0333
38.15
23.8667
51.4667
37.65
62.8167
59.4
68.9167
56.65
24.1333
30.2167
28.3833
29.9833
55.4
37
29.8167
33.7833
55.9
34.1167
39.6333
20.9167
73.7
45.9167
31.1
49.8667
24.1333
27.1333
42.9333
33.4333
36.55
41.2333
21.2333
37.5667
28.6333
43.6167
75.3833
54.3833
45.3
50.65
31.05
41.5
48.6833
50.5167
14.7
26.4
63.4333
29.3
16
49.7667
29.2833
28.9833
40.1
47.35
29
43.1333
39.3667
25.05
46.7333
35.85
47.5833
24.1333
35.4333
38.4333
22.6667
9.06667
34.95
29.5167
36.8
24
42.7333
53.5333
44.8667
37.1667
29
18.55
27.9667
52.5833
33.8167
26.25
23.3333
31.0333
15.9333
34.6833
42.1
64.2
28.9667
28.9667
60.35
47.0333
36.3
55.4167
30.45
49.5667
16.3
54.8167
40.7
29.05
39.55
22.2667
62.8
28.9333
45.1667
37.1833
44.0333
23.8167
49.55
29.8
43
34.3667
34.8667
22.2167
40.6167
28.45
55.4167
38.5167
28.85
37.2333
47.7667
49.65
20.0667
36.1
50.6833
35.5667
21.75
59.5167
16.6333
25.6667
34.3167
37.2333
38.2
58.0833
17.05
47
38.0667
36.6833
43.9
10.4
8.73333
33.5167
38.8833
33.7333
46.5333
31.9833
37.2167
36.2833
16.0333
38.4
40.5167
40.5833
33.3667
50.4333
20.7167
15.7667
58.1333
25.4333
37.9333
40.5
53.75
55.5333
16.2333
23.7833
41.6
51.2
25.2
41.1667
37.95
47.7833
45.2667
24.2333
38.5167
35.9833
55.3167
58.45
42.5333
31.5833
38.1
36.9
35.6333
37.5167
30.9
42.9667
46.25
37.25
28
41.7
40.2167
24.5833
26.0833
43.7
59.1667
23.9833
35.2333
45.0167
30.0333
22.75
33.05
50.35
27.05
37.95
30.7667
33.2833
36.5333
26
15.1667
43.8
36.4
24.8667
28.85
16.6667
60.0833
29.6
39.6333
55.2167
29.6833
32.3333
40.6833
42.2
24.4833
37.85
36.1
36.3
47.8833
30.1167
30.25
34.3
27.7333
62.1333
29.8333
51.35
45.7833
27.9833
28.5333
47.35
33.8167
17.5667
29.5333
22.7667
48.25
23.7333
41.1667
28.9333
34.3
47.8333
22.7667
28.7833
19.5667
52.0833
36.0333
38.9
29.6333
52.4
28.35
23.0667
37.85
23.3167
43.6333
30.3667
28.5
46.8167
57.6833
21.7
16.2333
26.6
45.75
24.2333
60.9667
32.2
39.5833
38.2333
32.8833
57.65
36.8833
17.15
38.55
36.3167
45.1
23.3833
39.7833
41.3667
59.6
64.7333
39.8667
38.0667
44.9667
29.2667
36.1167
33.5667
21.6
56.1333
44.2333
28.7667
53.6333
23.3167
43.1
55.8167
46.3
39.7833
40.3833
36.95
47.2833
30
19.0167
22
36.2
44.25
31.0667
63.0333
51.1833
37.8333
44.8833
50.55
57.5333
34.9
42.35
49.3833
36.1667
10.2167
50.7333
36.6167
35.4167
27.75
37.2
46.0667
28.05
38.75
29.4167
40.8333
40.5167
48.6
23.0333
42.8333
46.9667
23.4167
28.6333
48.4833
28.55
60.05
16.4167
28.7333
54.05
21.4833
40.5167
28.9667
22.1833
41.5667
43.3167
40.4
41.45
46.5667
56.6167
42.55
60.7667
20.1
59.25
22.1667
37.8
29.3167
43.4667
43.95
21.9167
55.7
28.85
32.8333
61.45
53.9833
16.6167
24.2667
39
25.2333
28.8167
35.0833
47.5667
25.5167
44.8167
34.1667
38.1167
50.5167
14.9333
30.5167
36.2667
42.2833
27.7667
43.1
40.6333
21.3833
32.2667
38.5833
22.7167
16.3
45.1333
35.7667
49.4333
40.4333
61.8167
36.3333
46.9
57.75
48.9667
23.4333
44.0167
15.9
28.5
40.8667
42.4333
49.6167
55.3667
40
32.5333
29.45
44.7167
41.6167
16.4167
31.1667
32.4333
28
39.9833
31.3167
23.4667
40.5167
25.2
10.9167
46.5833
45.8833
21.7167
48.1667
36.2
31.2333
47.4333
18.05
41.8
33.2667
39.6167
20.9167
18.1167
34
41.1
62.7333
38.0833
26.8833
33.4
30.8
23.7667
40.2167
41.4
37
23.25
47.3167
69.2333
39.55
57.6333
28.5833
36.85
30.65
50
49.9
44.7833
45.3833
52
16.35
43.0667
23.0167
53.15
42.1833
31.05
48.3333
45.55
55.25
34.7167
41.8167
45.1833
40.6
46.5333
43.3
34.7833
53.1667
25.2333
36.2333
39.65
31.7333
30.5
26.3833
50.3667
24.9
29
26.6167
24.0667
57.15
30.8
30.5333
37.5833
26.95
48.1333
32.6667
29.4833
58.15
23.8333
37.5667
52.3667
46.4833
49.3333
36.6167
27.0167
36.2667
43.8333
42
38.15
51.0167
20.0167
26.8167
32.8667
25.75
43.3833
37.7667
50.75
27.65
37.7
42.2167
35.7
23.15
39.0833
45.5
48.0667
21.8167
36.5667
31.6333
37.5167
36.0167
27.5
16.4167
35.2333
34.8167
46.9167
16
53.15
38.0667
21.9667
43.6
55.8
36.6333
37.9667
34.9667
29
22.0167
49.6667
26.8
53.0833
33.0333
37.15
28.6333
37.6333
34.6
29.9
30.95
47.0667
63.6667
23.4
53.65
49.9167
29.5333
32.0167
28.3833
37.55
39.05
75.8333
33.9333
45.15
29.5167
67.5167
21.1833
38.65
42.2
38.7167
25.75
36
16.65
63.7167
41.9333
28.95
30.7333
49.7167
23.4833
28.8667
22.95
22.5
23.75
22.8167
30.6667
20.1667
41.0167
50.3167
26.3167
30.5667
34.1167
34.45
37
32.9
32.9833
78.6167
53.9333
31.2833
38.8833
32.95
46.3833
44.5
25.2167
15.9833
36.1167
43.2667
28.9167
47.6
50.2167
43.8167
25.5333
30.45
66.5167
45.8667
16.2
37.7667
24.35
25.1333
47.65
19.0333
39.7
38
27.4167
35.1667
20.6833
30.25
32.1667
22.1667
28.2167
9.2
21.8333
37.9
44.4167
52.2
24.1667
40.8167
33.1167
32.3
34.3833
35.7167
39.6333
16.3
24.3167
43.7167
37.6167
51.3167
53.3833
39.7667
40.5333
49
23.5
41.9333
22.3667
33.6333
29.5
22.9333
57.1333
38.6167
64.2
38.0333
24.8667
27.7
49.1833
26.7833
38.55
46.4333
27.15
33.8167
30.9333
42.8833
48.6667
38.45
35.0833
38.55
40.2333
35.4833
24.2167
15.8333
28.1667
32.7
39.3667
22.6333
31.8
41.7833
43.6667
46.9833
40.8333
37.7
49.1333
36.3333
38.65
54.9833
32.4
50.2667
36.4
50.2667
43.3
42.7167
38.95
43.15
22.65
67.85
50.5167
40.6333
58.3833
23.3333
34.95
40.0667
37.2333
45.05
39.9
24.5167
50.9667
45.1833
50.7667
50.1167
22.9167
69.1167
44.45
38.1667
21.45
53.8
33.5
62.2833
29.7833
59.5
28.6333
42.5667
36.7667
20.9833
28.9333
38.7
23.2333
40.4333
36.4667
42.25
43.0667
15.1333
37.3833
24.15
43.2
29.7667
37.6
44.5833
27.2833
29.3833
32.2167
16.0833
35.4833
24.2667
44.3667
53.95
60.1167
33.0667
35.7
47.05
41.8667
25.3167
18.2167
40.3333
37.2
58.35
35.4667
34.6
28.1167
52.9333
43.9167
38.05
64.1167
50.6667
37.9
22.55
36.85
33.2833
34.7667
36.2667
22.1667
83.3333
43.5333
21.5667
50.05
69.9833
56.0833
33.5833
18.05
44.0333
80.65
38.8333
27.1167
41.5
24.2
34.8167
51.2
40.1833
9.88333
54.0333
49.1667
34.65
42.0833
37.35
37.1833
57.8667
37.15
46.0833
34.4667
57.3833
32.0333
33.65
20.95
22.0167
38.1167
32.15
30.05
53.9833
44.2667
50.65
31.3333
44.8667
54.65
27.6333
32.85
55.7
53.7167
50.8667
22.05
22.65
50.0833
42.3833
28.4167
62.4
39.4667
24.9833
8.81667
41.8667
67.2667
16.1167
31.6667
42.0167
22.1
58.5667
39.4167
44.2833
15.2167
15.3
33.8
38.3
48.2
28.3333
47.5667
21.3833
61.6
23.85
50.35
41.3333
53.55
55.9167
27.4167
70.0667
37.9667
22.4833
36.6667
21.95
24.1667
23.6333
31.2333
9.56667
42.15
56.8833
44.1833
51.7
52.6167
36.5833
30.7833
63.7
26.2667
26.5833
54.0333
15.6
38.2
64.2333
43.5167
42.6667
30.0167
63.65
42.4333
35.95
28.7
57.1167
50.9333
34.6667
37
37.0833
44.4
22.5167
37.7667
35.3833
48.3833
47.0833
57.6
47.8833
31.4
48.5667
52.5667
53.2833
31.15
43.5
33.15
35.4833
35.1
44.8333
43.7833
32.4
38.6
37.0167
45.1833
32.6667
23.0333
35.7167
22.7833
63.55
25.2167
54.2333
24.35
23.4667
38.1833
49.8333
46.1333
37.25
47.6167
42.2167
60.5833
37.6333
27.3667
36.9333
29.8833
38.1
24.0167
51.8833
45.9333
47.6667
28.1333
31.85
44.5667
35.0333
30.7833
46.3667
36.25
40.1333
57.3167
15.0333
21.9
29.05
28.2167
30.1167
52.8833
31
33.1667
48.7333
39.25
49.2667
51.4833
47.6167
30.6333
23.1333
34.25
40.2833
44.6167
31.4167
41.2
14.95
38.7333
37.3
42.4333
37.55
30.7667
33.65
15.5167
16.4333
33.6667
19.6333
47.0333
31.95
27.8167
35.9333
35.15
41.1667
43.0667
8.53333
38.1667
54.6167
41.5833
70.3167
53.6667
16.1833
37.6667
21.25
8.86667
28.25
46.7167
21.7667
59.8333
72.5167
29.1667
31.6667
24.4167
30.5
39.9667
44.8333
35.3
43.45
40.6
68.5167
30.8167
36.4833
35.9667
45.5
16.9167
49.9333
17.4667
41.65
23.2833
44.5667
24.45
24.9667
41.9
29.8333
30.3
14.0167
17.3667
27.5333
30.4
24.9333
28.8333
37.0333
38.4167
22.6833
42.1833
29.8333
37.5333
41.85
29.8333
30.5167
56.3167
41.9833
30.4167
9.16667
48.8167
40.3333
29.8333
43.3167
38.2333
30.0333
27.7667
40.9167
44.15
29.6833
21.2833
37.45
29.0833
22.3833
35.7167
21.75
18.2167
60.9833
30.95
30.2
29.1833
22.1833
31.6833
27.6167
35.0167
29.6833
35.9167
37.85
36.7
56.5333
53.0667
24.9333
36.3333
42.1167
36.7333
32.4833
47.8167
43.8833
60.4667
35.05
34.4833
23.55
41.3333
35.4
43.2833
21.7833
50.75
49.5
29.1667
56.65
25.5667
23.9167
53.35
30.6
51.4667
15.1
20.75
27.6167
38.4833
48.2
52.15
23.4833
33.8
29.4333
38.1167
22.15
46.3667
45.5167
50.0333
20.6833
25.4667
34.1167
35.0333
74
23.9833
36
31.4333
44.2333
29.4
43.2833
32.1
28.6333
51
27.85
38.0667
21.1
49.7167
40.4333
35.1
23.4333
25.5833
34.7
44.1667
29.6833
23.1167
23.6
40.25
37.0833
33.1667
36
29.4167
34.7833
29.0667
24.3167
30.1333
39.4167
43.2167
30.2833
57.9667
29.4167
45.4833
37.6167
38.3
44.6833
29.2
35.7833
36.15
39.85
27.8
37.4667
27.3833
27.7667
36.0333
39.7167
22.0667
51.9167
28.95
49.35
21.45
36.4667
35.8333
41.9667
21.3833
39.4667
15.7167
30.0833
27.85
44.95
36.4333
39.4667
41.55
17.9833
39.25
53.65
37.5333
43.0167
27.7167
42.4333
30
28.3667
25.6833
26.7167
29.4
51.2667
21.7167
42.7167
24.3333
48.4
30.5
15.4667
60.1833
38.3667
46.7333
23.95
22.6333
43.5667
50.9
43.9167
21.3167
9.13333
41.1
21.7
30.4667
22.75
30.1667
37.85
30.8833
30.6667
29.4333
53.3333
52.3833
52.6167
43.8167
22.9667
33.15
46.25
27.65
36.8667
42.6667
48.4833
40.7167
35.2667
40
38.9667
21.4167
29.3833
23.3833
40.1833
18.55
42.4667
45.5833
28.6333
52.55
53.9
36.7167
48.7
26.8
37
34.9833
38.5667
45.5833
31.8667
42.4667
53.9667
38.9
26.5667
23.8333
43.6167
22.0333
23.6667
68.35
20.0833
57.2333
50.25
38.15
28.1
39.2333
28.7833
60.75
49.8833
47.4
27.7667
52.7
50.5333
30.6833
44.6667
38.6833
37.15
45.45
42.9667
30.2833
42.6167
53.5
24
23.0333
32.3667
32.0167
45.5833
43.1667
30.5333
39.7833
30.5833
30.15
53.0667
36.9667
29.8833
45.7667
37
28.6667
30.95
28.2167
53.75
17.4
24.2333
33.5
43.0833
38.8333
43.8
30.9333
23.5833
47.7667
65.25
36.4167
24.7667
32.5333
30.2333
18.5333
25.1667
27.9833
43.55
38.0167
34.9333
23.3333
48.6333
47.6833
24.6667
30.5833
35.5333
40.1333
30.1333
9.36667
26.1333
31.3167
33.0167
33.1667
53.8167
54.5333
39.2
36.4
41.1167
46.1167
23.1
34.05
37.6833
30.25
15.7167
20.7333
49.2667
15.5667
21.45
16.15
23.3167
33.25
37.4
47.4333
29.1167
28.0333
46.3667
49.5167
40.5833
49.7
47.7333
36.3833
43.5167
35.9333
32.35
42.05
43.1333
26
33.4333
46.7333
37.2333
55.8667
41.05
22.5333
35.1
20.4667
49.9167
29.4167
24.95
29.3167
38.6667
22.0333
47.5833
36.45
34.8167
37.15
21.1667
33.5167
48.2
24.4667
36.9167
42.95
46.5167
39.1
18.5667
37.0833
34.6167
37.5
42.25
49.8833
38.9
44.9
50.65
33.95
37.3
29.3333
38.7833
45.8667
47.6167
62.1667
20.7333
32.1333
21.3333
29.9833
42.3167
30.0833
37.8333
36.0333
22.8667
36.8333
24.9667
30.35
49.0833
68.55
44.4833
48.8167
23.6
22.4167
77.9167
23.05
46.4667
48.7
47.0333
49.3667
25.8
29.9667
32.1667
44.8667
42.65
49.2167
36.3333
26.85
44.4667
37.3667
29.3833
37.75
56.2667
32.1
39.9667
22.2
56.8833
15.4
39.35
32.1167
37.95
26.8667
50.9333
30.4833
33.7667
32.9
47.5167
34.1167
48.05
45.5167
44.6667
25.4
56.6
38.1333
29.2833
32.75
43.7
58.1833
43.8833
43.4333
29.25
44.6
20.8667
36.9333
51.9
20.3333
35.7333
37.25
34.5333
23.2333
42.9333
49.4833
39.2167
31.1
31.8667
31.35
54.75
32.0333
38.6667
42.65
56.7833
21.4
54.85
24.8
39.0833
47.2667
23.3333
29.4667
24.7167
34.5
22.8333
40.9
21.7167
39.7
48.7333
41.8167
42.6333
29.7
43.7167
32.1
24.55
43.4
47.5
57.3
39.6167
42.15
27.3
44.5
27.85
33.5167
78.6667
48.0833
37.25
33.5167
31.25
43.5333
34.7667
21.7667
61.1333
45.5167
68.4
29.15
55.35
44.55
31.2
32.0167
30.4
24.25
30.3833
45.5667
49.6833
23.1333
28.45
56.5333
23.85
29.1167
38.2
43.7667
28.4167
35.5667
41.9833
47.9333
18.7333
33.3667
36.3333
67.7167
35.6167
29.9833
56.4333
44.4333
53.8333
29.9833
34.6833
58.8833
58.6333
39.0833
30.6
17.0167
49.75
29.15
56.1167
36.35
16.4167
23.15
43.65
31.1
38.2833
19.7
37.1
27.2667
16.4333
17.2833
49.0167
35.0167
46.25
42.1667
52.7667
39.1833
44.6833
54.9833
37.2
52.3
23.0667
34.65
40.05
61.5
40.7833
47.5333
56.65
54.8167
30.2833
29.2333
25.0333
56.6
51.0333
24.5167
23.0333
33.0833
44.6833
32.5167
25.85
15.6
43.55
51.3833
35.4667
35.5333
24.7167
16.9333
23.8667
37.0167
30.7667
21.45
15.65
26.75
50.8667
21
21.7167
50.9333
34.7833
24.2333
67.9
39.9167
45.3333
79.3333
30.0833
41.5333
21.9667
44.2
36.4167
36.05
33.9333
49.35
35.1833
27.5167
48.2833
46.3833
52
54.3333
32.1333
50.4333
21.8667
53.7167
35.2667
40.0333
29.0667
16.5167
31.0167
31.1333
43.25
32.3833
23.1
45.0333
26.2833
26.9667
28.2333
24.3833
62.35
31.5667
17.3333
30.0833
37.95
49.75
52.8667
56.55
34.8167
21.9667
27.1667
40.6833
50.25
29.7667
39.4
28.7167
30.6333
32.2333
36
27.1667
36.9667
37.9833
72.1
47.8333
41.3833
54.4333
24.3667
36.25
41.4667
30.9
55.1
51.9333
34.25
35.3333
54.7833
35.6833
41.2833
29
39.7
23.0833
41.8667
25.6833
45.45
26.2667
31.5333
36.3667
34.5167
39.2667
30.8667
35.1833
30.8667
21.3333
39.9833
8.98333
60.8833
20.9167
43.45
29.6333
49.3333
20.9667
27.8667
35.2
30.4167
10.6
32.9333
35.2
52.1167
38.7167
23.8167
34.5667
32.7
39.9667
48.7833
38.1333
56.05
36
61.8833
47.4
47.8667
38.3667
38.4
29.35
41.4
43.8667
97.1
42.4167
45.6833
64.8333
52.0333
16.0667
43.1333
61.4833
31.8667
44.0833
51.85
52.7667
26.3167
28.8833
20.1167
43.25
33.2
47.3333
46.5333
38.3167
34.1167
46.7
34.9
32.9
48.2833
35.0167
27.8667
21.2833
32.4167
23.2333
13.6667
20.4333
44.2
37.4167
48.3
29.75
35.0667
30.3167
66.4167
38.8167
36.45
14.9667
26.9667
27.9833
43.3833
41.6167
48.2
37.9333
25.2667
17.9833
30.6667
40.5667
32.6
25.0167
30.6167
49.7833
20.25
34.7
22.8167
22.5667
34.8833
64.3333
35.85
40.5167
38.5833
29.3167
38.95
43.9333
20.7667
64.3833
23.4667
24.3
41.1667
49.95
46.8667
25.95
36.6833
22.3333
29.0333
43.35
17.4333
41.15
29.95
35.35
63.2167
19.2333
15.2667
51.2667
57.7333
60.0833
40.1
29.1167
43.6667
14.7333
47.2333
35.8833
32.45
44.2667
34.4667
41.9667
36
45.75
16.8667
33.1833
27.8667
29.6333
50.2667
40.5
31.6333
29.7167
42.6
42.9167
9.11667
15.55
23.8667
27.6333
29.95
55.8167
31.5
21.7667
39.4
48.1833
78.8667
26.9667
29.2333
44.8167
64.7167
28.3333
38.0333
37.2
30.55
31.5833
42.8833
40.7833
34
45.7167
68.3833
46.5167
17.25
50.65
33.35
29.5167
36.1
39.2167
53.6
47.6667
55.95
32
46.55
36.8
30.5333
35.1833
15.35
51.3833
16.5167
28.5667
24.0833
45.6
45.1333
23.5167
36.1667
34.6667
54.6333
44.9667
31.2
35.1833
73.05
35.1833
46.5167
37.2833
24.5667
45.5167
35.8
21.1667
22.4167
41.6167
56.4833
34.45
43.3833
42.8333
55.6667
21.8333
56.4667
29.1333
58.45
31.95
46.0833
29.0167
57.15
34.1667
47.9167
28.7167
31.2667
23.4667
55.7667
28.5833
27.7167
24.8833
22.8333
29.8333
62.35
27.9167
27.7833
32.3333
31.2833
25.9
23.4333
21.3833
16.7667
38.8833
28.95
48.1667
22.0333
35.8333
28.6667
26.55
29.2
40.4
21.95
39.85
47.0833
56.75
39.0833
40.25
49.95
27.1667
26.1333
50.1
30.9833
44.7833
30.4167
32.55
19.4833
35.6167
37.4833
45.8167
36.6167
51.5333
58.15
46.0833
36.3167
33.1333
17.2167
50.2333
26.0833
15.3667
48.4
14.75
22.85
34.35
13.85
28.4333
28.8667
40.9667
35.55
30.75
51.8333
39.2667
58.85
27.0667
36.7667
37.1667
31.3
33.25
39.6333
34.5167
34.3333
28.5833
23.3833
45.9167
22.0833
42.9333
30.0833
44.8
39.7833
32.65
33.8167
33.2167
32.9833
17.85
40.55
39.1
26.4167
7.95
24.1
34.55
47.6333
28.2667
54.0167
60.3
51.3667
28.5333
22.5667
53.5
53.25
38.5333
15.25
32.8833
50.1833
34.4833
52.9
30.5833
40.1667
32.3333
29.0833
32.3833
15.4
29.1667
32.2
42.8833
23.5
27.55
41.4167
47.8
49.8
43.5667
70.4667
33.2833
22.9667
42.1833
41.45
30.6167
46.7167
25.95
38.4
39.6667
35.45
15.5833
20.35
28.4333
51.2667
40.1167
48.3
52.25
35.0667
41.3333
33.6833
25.0333
37.8333
42.55
53.9333
31.8833
34.3333
33.6167
40.3333
21.7833
30.3167
24.1667
51.05
52
27.4
18.7333
15.05
31.8333
49.1667
36.05
43.5333
56.35
57
17.65
37.55
56.55
8.96667
17.5167
63.1
47.55
27.7333
15.9333
29.3167
35.6167
57.1167
15.2167
34.7833
29.5667
45.1333
54.7333
40.0167
47.05
41.0833
29.8167
56.9333
28.3167
49.4167
21.9667
36.3333
48.2167
38.8
68.2333
15.15
35.9
25.7167
24.3167
23
39.3333
27.55
25.1833
56.0167
29.7667
38.0167
41.5333
50.0667
54.4667
38.85
20.9667
20.4333
39.1167
28.8167
22.4833
31.7833
31.0833
43.8
45.1667
50.9833
22.55
34.95
32.9333
37
32.5167
43.9
35.45
29.1667
21.7
31.45
37.8167
21.8333
21.6
35.2667
38.7167
27.45
36.4167
26.1833
20.7667
31.8333
36.5
59.5167
17.6833
17.3667
50.85
22.8
34.4833
20.6833
44.2333
26.6167
36.2333
54.6333
30.25
33.4667
15.8833
46.4167
54.5833
21.0167
47.1
46.4333
21.2
72.5833
36.15
28.1667
25.15
27.5167
18.6833
33.4667
35.3
46.5
37.35
50.2333
29.65
30.55
31.1667
44.1167
37.85
23.9
46.05
64.2
54.85
37.2167
44.6667
31.5333
29
29.0833
38.9167
39.85
42.5167
29.6333
53.1667
15.65
43.1
38.4667
32.7333
53.95
39.1167
37.0167
56.7333
32.3667
59.75
18.0167
61.65
46.0833
21.2667
48.2167
29.05
48.0333
37.0833
28.0833
24.6333
36.6333
32.5667
53.3667
32.0167
47.1667
34
34.8167
13.1
46.1
49.0833
46.3667
40.1667
53.8833
25.4667
60.9
39.3667
47.65
45.1667
22.1333
34.6333
48.6333
34.7833
29.1667
41.65
29.7667
41.35
46.1833
54.7667
50.0167
31.8667
23.9833
37.2667
31.5833
50.3167
42.5833
44.6
29.5833
36.15
29.6167
44.4667
31.8667
48.0167
45.3
22.0667
41.4167
69.2333
38.2
24.0833
41.9167
38.2667
23.3333
36.4
39.75
43.25
53.35
44.1333
25.6167
44.8
39.2833
52.75
29.85
23.0667
28.2
33.1833
55.4333
28.1167
41.55
29.4667
44.0667
30.85
21.9833
29.5167
36.2167
25.1667
30.7167
38.7167
35.0833
28.45
22.45
51.9333
27.2167
35.6833
34.15
32.25
29.5
36.1667
32.45
20
54.3
22.9167
57.4
35.0333
30.0333
67.5333
53.7833
42.35
44.6333
28.5167
30.3833
46.8167
37.5167
30.4667
40.6333
37.2333
51.4333
29.4833
30.5167
25.4
31.1667
39.65
35.2167
51.5833
37.3167
8.13333
49.0167
28.35
43.6
41.1333
62.1667
15.6
9.7
26.2
56.6333
29.5333
40.15
44.2167
50.75
44.4333
36.2333
50.6
41.15
35.5167
30.7333
32.2833
46.0167
30.7667
44.3667
38.4833
43.1833
37.2833
15.1
48.2833
33.2167
35.75
31.4333
25.05
39.4833
34.9667
35
34.9667
44.4
41.6167
48.1167
45.9
23.2833
34.5
40.55
17.4333
37.1667
31.0667
14.2667
44.2
28.7333
43.4333
29.8667
28.1833
28.5167
40.6333
37.3833
17.1167
24.1833
38.1167
35.0167
135.017
47.8833
39.5833
63.4
15.9333
38.9667
36.6
48.6167
44.3333
27.9
42.2833
35.3
23.0833
24.6333
38.1
23.0333
39.6167
56.7833
61.6333
23.6
23.1833
30.35
29.3
38.0167
34.8667
17
39
44.6333
35.4
46.5333
40.7667
46.75
73.5167
61.0833
29.8667
36.4833
42.1167
34.5167
28.2667
35.6333
30.2
38.15
50.4833
42.6833
21.3833
43.05
54.0333
22.1667
28.65
44.1167
22.3167
41.9
44.1167
17.3667
45
54.7333
36.7833
46.9333
42.9167
34.2
38.8833
42.9
29.5333
32.5833
41.9833
22.1833
41.6833
35.8
36.5333
56.5
8.56667
23.3
24.7167
44.7833
36.8333
40.8167
28.8167
40.3
51.8667
36.85
41.5
24.3167
51.4167
40.1667
39.8333
44.3333
36.4
37.1833
31.6167
44.9333
39.4833
30.2667
45.7167
37.2667
27.15
44.9
23.8667
37.2167
36.0833
55.8667
43.7167
38.4333
29.3667
30.8167
29
34.8167
15.2667
34.9167
39.85
24.3667
25.7833
27.5
20.85
62.75
39.9667
39.45
46.8
36.7
23.7167
21.75
53.9667
38.2833
47.5
47.6667
24.6
46.6
44.2167
37.7167
62.05
34.75
49.6333
35.4
54.65
16.4
56.6
30.8833
25.6833
34.75
50.45
40.9
44.65
37.8333
45.6333
42.4833
40.4333
29.1833
29
23.0167
52.9833
21.85
38.1
43.1167
34.3
25.6667
39.3833
72.1333
15.9833
43.5
52.4333
16.9167
41.3167
18.9
30.7833
36.1667
18
51.1833
48.75
27.9
41.0833
44.5167
32.9333
34.05
46.5333
46.5167
48.85
29.8833
7.56667
41.4
50.3167
36.9167
27.55
21.6167
30.2167
31
83.0667
46.2
45.3167
19.9833
62.7
24.7
24.5833
31.05
15.2167
42.2667
35.4667
15.3333
63.4667
49.85
40.1833
20.6167
29.8333
46.8833
36.95
21.9
30.9833
26.2
69.3
28.5333
40.45
28.2667
28.3333
38.75
48.5167
28.55
45
44.8167
40.3167
26.4167
29.25
66.8667
47.9833
27.8833
30.35
36.9667
24.5
22.35
28.2167
39.8333
29.2
36.5333
33.4833
32.8333
37.7
20.35
21.7167
29.6833
30.75
29.65
51.2333
40.3167
39.85
30.95
34.05
46.1167
46.25
54.7833
40.05
37.3167
55.3333
34.6167
31.0333
38.5667
31.6167
34
41
30.6833
50.6167
26.9167
22.1333
50.1667
63.4167
51.05
61.2167
57.7333
31.5667
80.55
17.2333
8.41667
30.0833
32.0667
13.65
35.4833
39.2
21.4833
39.6833
22.75
27.4833
33.3833
17.1833
33.25
42.1333
76.5167
47.9167
34.9
43.8167
27.4333
24.8667
29.9167
42.95
38.2
31.8667
27.8167
44.1167
20.6333
23.1333
35.6333
50.8167
37.2333
50.75
27.8167
24.0833
43.5
20.4333
26.4667
36
35.7833
46.65
44.4167
47.9
29.2833
40.9
38.1167
53.15
58.75
49.05
33.0667
21.9167
18.1333
44
40.35
42.7333
43.8833
19.3667
58.2167
31.65
31.3833
33.0833
44.3167
43.6333
44.1833
29.2667
46.6833
43.4667
32.6833
31.2167
46.1833
41.5833
28.9
45.3833
39.7667
40.7333
34.8167
71.85
47
21.65
39.1167
42.5333
29.7333
52.2833
52.0167
33.0667
34.4333
49.5
15.2333
13.1
43.45
30.2167
33.2167
29.3667
37.45
45.7167
24.0167
47.15
22.7167
33.8167
43.0833
57.3167
22.1333
40.7833
33.3667
25.4833
15.7667
37.15
36.9833
49.2833
28.9667
40.1333
41.55
27.4667
51.7
25.35
31.2167
30.6833
50.1
48.9667
43.6833
32.7
38.1
30.2333
36.5167
36.2333
51.0667
31.1833
42.7667
41.5167
46.0333
23.35
22.7167
33.4667
22.65
49.55
21.4
30.5
36.0667
32.4667
37.0667
33.0167
20.2167
28.5833
54.4333
17.45
42.2667
47.5667
39.0167
26.9333
39.4833
57.0833
31.65
23.75
29.45
51.3333
34.8667
41.85
33.1
27.3167
38.1667
39.1833
55.7667
8.96667
32.9
51.6833
21.7667
30.4333
41.8167
15.9833
40.0667
26.4833
40.0833
44.9167
29.45
30.65
16.5333
42.3333
21.2667
59.2833
47.4333
23.5333
30.4333
63.2
39.3833
35.1833
28.8167
35.0333
35.7333
35.7333
41.8833
37.55
47.45
58.55
22.7667
25.35
39.35
49.15
43.6833
45.5833
25.8167
36.05
31.4167
40.4833
24.5667
29.0333
31.8333
51.0833
39.4
20.2667
34.2333
38.2
40.9
16.4333
28.7333
23.5333
53.25
21.6
41.6833
42.2333
24.1167
37.65
24.75
40.7
35.7333
23.15
29.3
24.5333
46.9333
21.9667
59.7833
41.8833
40.7333
58.6
43.75
27.8833
26.35
45.35
34.9
54.0667
16.4333
25.1
34.2
36.6833
19.1833
29.6833
44
30.1167
23.6667
23.6
41.5333
43.3833
33.3667
43.1833
28.85
52.2333
47.15
31.5167
28.5667
21.1167
47.05
21.8
22.2667
32.4
22.5167
22.3167
32.85
30.8833
40.5833
38.8167
56.4333
39.6667
23.0833
30.35
23.6
28.4333
29.1667
35.0167
35.4
36.4833
16.2833
29.65
35.05
27.7833
45.8333
37.8667
43.1333
35.2
32.35
43.5833
41.9333
27.1333
27.8833
16.9
14.15
47.2667
32.7667
24.1667
21.9333
37.9667
36.2333
27.1
47.4833
37.4
31.3667
40.2
35.7333
65.4333
23.7167
48.85
40.7667
31.6833
27.4833
27.2
31.3333
22.2667
37.0167
17.8333
43.4
39.9333
22.4833
33.0667
34.7333
43.1
42.55
37.6333
21.15
55.5167
34.1
42.05
59.0667
58.3167
55.6667
33.65
38.25
53.4
43.8333
39.4
32.6
27.15
46.3333
47.3833
39.6
35.7833
45.6833
49.8167
16.2167
21.75
21.9833
31.6333
29.8333
30.1333
34.6667
46.3
43.4167
49.3
37.65
45.4333
31.35
16.1667
33.6333
40.8667
37.05
30.3167
38.3167
16.7833
35.3333
68.3833
41.6167
60.75
35.5167
50.0333
51.4833
41.9333
37.05
40.2167
63.3
10.5333
22.9833
30.7167
20.9833
23.65
62.8
31.5167
40.0833
91.9333
36.2667
19.4833
49.1667
24.05
32.7
24.15
36.1167
35.7167
45.2667
25.8833
51.1333
50.6667
58.2
31.7
38.65
41.1
9.43333
45.6333
34.75
30.6667
42.5
53.8333
36.3667
40.2167
42.95
16.4833
14.6667
31.7833
41.15
38.9833
57.7167
35.6167
29.6167
29.35
44.4167
30.6833
33.4333
16.1333
33.2167
38.5667
30.4667
38.0833
59.1667
33.9167
46.5333
42.0333
25.05
15.0333
21.1167
46.4667
29.4667
30.7167
16.1167
35.55
25.7333
30.7
40.3
25.8167
28.4833
22.1333
32.5333
48.95
35.25
39.8333
36.3
34.8333
54.4833
35.7667
32.65
30.0167
16.5833
35.0333
54.2167
33.4833
26.2333
34.8
35.3833
27.2833
50.2333
28.4167
42.4333
46.3
33.05
15.2167
34.7833
53.7333
28.8833
29.6833
44.8833
40.2
21.65
75.3833
48.3333
44.1333
36.2167
32.1
58.8667
40.5
23.0667
34.3667
29.5833
21.4833
27.65
49.6167
45.2667
41.3667
30.3667
33.4333
32.1833
30.5667
22.05
38.45
30.4167
38.7167
37.6333
28.35
40.3833
17.1167
38
30.0667
40.9333
17.2833
45.0667
33.7833
41.8833
16.4
68.7167
33.7833
29.5167
52.1167
46.1667
54.4
32.5667
10.4833
21.1167
45.4667
37.9833
29.0833
32.25
36
23.2333
34.8833
24.2167
28.95
57.4333
27.6667
23
27.8667
28.0833
31.9833
34.8667
40.8667
27.8833
41.4667
28.5667
17.0333
28.8833
47.25
39.6333
16.2167
28.75
36.5833
30.4333
30.4167
39.85
37.7667
47.55
48.05
52.5333
41.0167
44.7
25.35
20.6833
24.0833
28.4
28.15
45.6667
46.7667
47.9667
34.4833
21.4833
58.2167
30.5167
51.1833
35.9667
69.4333
22.7167
32.7333
35.85
7.76667
31.9
27.5667
45.7667
42.7
45.2
31.0667
58.6167
39.9833
43.45
25.25
35.3
25.4167
8.43333
33.65
37.65
24.4667
25.95
40.0667
42.85
59.4167
60.6
35.35
35.5
27.4833
29.4833
32.3
43.9167
38.2167
14.95
41.3167
40.8
23.4
29.3833
41.1167
31.7667
38.4833
34.55
27.1833
15.9667
20.35
43.6167
39.4
29.5667
50.2167
35.95
29.85
44.7
37.25
24.7167
36.3
31.15
41.8167
17.2167
61.25
54.45
25.8667
48.1
27.85
10.4167
70.0333
19.9667
59.8167
32.2167
22.4167
42.4
42.4167
49.65
39.9167
8.28333
23.6333
17.9167
30.0667
48.45
49.0667
25.7333
30.8167
44.3833
24.0833
21.5333
45.6
48.6
62.1667
41.9667
27.2333
36.0833
48.15
54.2667
32.3333
44.8167
41.1333
57.7
36.75
57.9833
42.8
31.7167
54.95
36.4333
14.4
45.95
24.6
28.35
45.1
57.0833
51.7167
36.6
37.0333
40.8333
27.8333
35.6167
27.8333
28.4333
30.9833
28.0333
50.0333
35.0833
38.7833
27.8333
34.45
42.4167
35.6833
26.95
29.9333
38.0667
39.6333
36.1333
23.9333
58.8667
36.4833
42.4
39.75
65.8
28.7667
33.7333
46.4167
24.3
35.4667
41.4167
33.0667
53.2833
35.4333
33.4
29.65
58.5333
52.1333
52.8667
41.1333
34.5833
31.2333
48.45
32.3833
42.6667
38.05
47.2
40.5
24.85
31.4167
50.8667
56.0167
30.75
14.5167
20.8333
44.95
41.5833
49.1167
37.5667
32.2167
50.1
15.95
43.4833
32.6167
17.4
35.1667
44.3167
53.9167
16.6
18.3
36.4167
58.9
18.65
35.9667
51.9
44.9833
35.6167
21.7167
44.5167
30.0167
83.1333
47.3333
52.8333
26.7
23.4333
43.3167
35.3
55.45
20.7833
22.1
42.3833
15.55
57.7
23
49.6667
40.4167
15.4833
22.8667
17.25
21.4333
28.4333
40.8333
27.1833
43.8667
10.2333
53.25
25.6667
44.4333
24.2667
38.6833
18.3167
31.6667
36.7333
41.0333
28.6667
31.9667
45.0667
28.3833
43.0667
37.5333
37.1833
36.6167
39.4167
41.8
29.85
42.5167
28.0833
63.9
44.3833
24.45
31.55
19.4167
24.2333
42.3333
36.6
9.83333
45.7333
24.2667
30.55
23.2167
38.2
54.1
11.2
31.5333
21
19.8167
36.4667
26.6
36.35
22.3
34.5333
44.3333
33.8
48.9667
29.5167
50.85
59.6667
59.2667
24.2
60.05
22.1167
37.9
18.3
43.4667
59.7833
28.2667
42.6667
36.2833
23.6833
22.0833
29.8167
60.1167
42.6167
47.0833
11.65
58.3667
32.1167
17.3667
29.95
29.8833
55.35
40.5333
18.9
65.3167
36.9
37.5333
37.25
38.3167
23.3167
9.78333
46.9167
24.7833
49.8667
36.4
48.6833
61.3333
22.6167
28.4667
21
22.8167
20.3833
33.8667
35.3
50.45
33.6
29.8833
26.15
75.4667
36.5167
37.8667
32.55
29.4167
44.25
56.0833
46.5
30.15
31.6
24.2833
36.8
23.2167
47.9333
17.9167
30.9667
8.9
39.55
31.9167
31.5
27.05
34.6833
52.1833
31.4167
39.4833
28.1833
37.8167
39.6667
29.5167
29.25
25.25
39.2333
27.2
59.8
58.4167
24.2333
26.3667
35.3
21.7333
36.6833
65.85
43.4833
46.05
39.9833
37.8167
40.3667
24.05
46.8333
21.9667
47.85
22.4167
29.1333
39.6167
28.95
33.8667
62.4333
58.3833
38.0167
62.8833
28.85
29.65
43.7167
55.5333
24.7833
28.3833
59.9833
58.3167
27.3167
37.7667
36.1833
35.15
26.2833
46.6833
52.1167
37.8
35.8833
35.1
60.8
21.2333
56.2833
29.8667
26.0333
24.0167
14.35
30.0333
37.75
40.2167
48.15
50.6
35.5
35.3333
17.7167
40.85
24.0167
20.9167
15.4167
35.7167
28.9667
48.8167
36.9333
26.0167
37.0667
45.4833
21.2
47.6333
37.9667
47.7167
25.15
29.0167
39.05
35.15
43.1
45.6
50.2167
33.15
42.4
51.7167
42.1667
30.5
40.4833
21.1667
58.5
24.7333
35.45
24.3333
30.65
35.8833
47.9833
56.7667
35.9333
21.8833
44.7667
33.1167
34.25
21.2667
45.9333
46.5833
16.1
37.0833
22.4167
29.2333
38.6667
19.9667
22.2333
43.4833
30.7667
32.2667
40.7833
45.2833
44.9167
34.8
34.7167
36.2
27.9
28.9833
31.5333
51.3667
48.6167
36.85
31.6333
23.8667
39
44.05
44.9
29.5667
54.15
31.5167
26.6
39.7
18.0167
22.9333
31.7833
40.9167
43.3833
37.7667
50.1833
42.5167
42.9
48.05
43.6833
30.1333
42.9667
16.6333
28.9333
34.75
23.8833
43.6333
29.5333
35.2167
47.5667
46.0167
38.1
42.4667
29.0333
44.5333
29.25
59.3
40.4167
20.95
27.4167
43.7333
52.9833
42.1833
21.4667
49.6833
31.9167
18.65
37.2333
8.65
53.4833
31.5833
22.7167
50.25
42.0833
41.95
28.3167
43.6
57.2167
40.5
30.3833
32.2667
38.8167
53.8
13.9167
43
47.5333
45.4167
32.4167
40.0333
22.8833
39.8
53.0333
42.9167
26.3667
56.1333
50.2833
30.2
57.2167
57.5167
67.9667
69
35.95
14.4833
50.65
50.7667
28.0333
57.1333
51.0667
42.2833
23.8333
40.8167
46.9167
44.1833
53.4
44.5167
33.5833
28.5667
52.8333
71.5
37.2
42.2
35.05
48.15
49.05
75.2333
38.6667
21.5833
34.5333
29.3167
35.05
57.35
28.7167
36.15
53.5333
38.7833
25.0333
36.0333
40.6667
22.45
22.3167
14.95
21.1
31.1167
53.95
43.3667
39.4333
60.6833
48.9
35.0167
21.9167
34.2167
40.9333
30.7
34.4
21.9167
47.75
47.9167
50.3667
27.2667
67.1167
21.3
9.5
24.2
31.6
34.9167
51.8333
38.75
23.2333
18.55
29.0667
27.25
41.1333
29.7667
40.1167
47.5333
36.6167
43.3
32.4
13.9833
35.8833
17.7
39.0167
48.7167
45.7
36.1833
43.7667
47.9667
49
33.7167
40.6167
23.7833
33.95
43.2833
35.3833
32.75
35.9667
23.6667
41.8
32.2833
37.05
43.7833
30.4333
31.4667
49.25
55.9833
27.35
23.9667
47.3833
40.8833
22.9
44.0667
16.95
22.1333
37.5
44.7667
62.8833
15.0833
41.7167
23.8167
43.5
36.4333
59.3667
33.7167
35.85
39.8333
30.8
31.5333
50.6833
15.3167
49.2
25.7833
27.4
22.3667
30.5667
38.3833
63.2167
39.9333
39.7333
41.8333
28.8167
62.1333
46.35
37.6167
45.3
42.8167
23.6
7.51667
44.3167
37.85
40.0833
24.2667
29.95
40.55
36.35
18.1833
34.1333
40.2167
46.8167
31.5667
26.2167
53
36.3833
8.95
37.6833
44.15
25.6
34.8167
48.7167
31.8167
40.8667
17.9
49.0833
26.3667
22.9333
25.6833
33.6833
39.4
22.9333
22.45
31.5167
50.55
39.9833
35.2333
23.9167
53.5167
41.1833
14.3667
41.1167
73.05
24.8
24.7833
14.9667
64.3
27.5667
53.95
45.5667
35.9
32.6
38.5
39.1667
39.85
33.3667
37.2667
36.5333
33.2
43.6667
20.4667
19.7667
49.2167
69.45
64.6833
37.8833
41.6
22.6
25.8333
42.95
27.5
33.5167
22.8167
46.4333
29.4333
48.65
49.3333
43.1
30.8333
35.0833
51.6
28.1833
38.6167
34.85
20.7
28.85
37.2333
33.8333
29.05
46.9
30.4167
21.4
46.3833
46.3833
42.8167
22.6167
31.7833
27.9
32.5667
57.95
49.0333
37.9167
73.2167
28.1833
42.4167
51.6833
35.25
29.9333
52.55
42.8
32.5333
21.7333
14.85
34.9833
38.6833
62.7
29.5833
30.35
34.1167
51.45
42.25
42.0833
50.55
22.1
14.7833
30.1
37.8
28.3333
15.9833
43.0167
33.2833
23.5333
46.95
81.9
30.7333
56.8167
33.1333
22.8167
39.0833
36.05
29.5333
53.85
20.9667
38.0333
47.55
27.7
29.3667
32.1
33.5167
27.8667
23.3667
39.65
44.7667
44.35
33.2
43.8333
43
27.5167
38.9667
28.1667
33.6833
26.0167
38.8667
28.8667
31.4833
29.05
17.4833
24
28.8
31.7333
15.8667
31.1
23.4
46.2333
61.1167
62.65
27.3
30.1167
34.7167
31.5
40.8167
53.1333
31.0333
36.4333
37.3333
42.15
51.8333
39.6
27.4
35.7167
29.6167
30.0833
43.0333
41.4167
43.5167
23.35
41.7833
66.6667
29.4833
38.35
37.3167
27.05
24.1667
29.1
38.0167
39.2167
16.8667
41.4
38.7667
31.0667
29.1
47.5333
29.8667
15.2
56.65
35.95
42.8667
33.25
29.9833
46.9
42.0167
24.5333
41.5667
49.15
42.7
37.1833
18.2333
30.8667
32.3
46.7333
49.55
57.6167
34.95
23.35
21.75
29.2333
50.95
24.6667
60.4167
17.25
50.6167
35.35
40.95
24.3167
18.3833
31.2167
38.0333
37.0167
42.0167
52.6
34.2833
53.0833
51.0833
51.1167
35.25
29.15
42.85
44.0833
31.1167
60.8167
32.3333
33.8
50.3833
22.3
28.0667
53.95
56.55
28.9667
25.7333
15.5333
32.3167
36.5167
20.8667
50.8833
31.3667
41.3167
44.4333
19.3167
29.6
20.8
23.9333
25.7667
31.9333
22.2167
32.4667
27.7167
18.8833
47.8667
38.6
32.8667
35.85
61.5333
51.3333
42.2667
44.15
24.4333
57.9833
34.7333
42.9833
49.2
25.25
23.7333
50.3
29.6667
34.7333
45.8333
49.05
42.6833
37.7667
36.2833
31.35
41.7
55.45
16.4167
62.15
31.5167
25.1833
39.3833
53.65
38.7833
43.3333
50.9667
19.1833
52.1333
21.7833
40.5833
66.1333
30.9
37.0167
35.9167
16.55
32.2167
48.7
27.4333
51.4333
26.9333
35.0667
43.2
33.2667
42.5833
21.1833
46.6
23.7167
44.7167
28.5333
25.0833
19.85
52.1
36.1833
44.5
37.1333
54.65
53.1667
30.7167
57.4167
28.4333
62.75
42.1333
29.65
49.8
30.55
35.2
33.6833
31.6
57.5667
18.1667
23.6
48.2
36.8167
30.85
21.5333
50.25
22.1167
30.4
37.0333
37.9
57.6833
65.5333
34.0833
45.0167
33.6667
25.9667
34.5833
38.1667
35.6667
41.8167
35.4167
42.1667
37.25
40.4167
38.1333
45.8167
39.5333
23.1
22.0667
16.4167
48.6333
27.5
52.5
33.9167
56.8
28.0667
15.2667
27.2833
56.4833
30.3833
23.25
24.0333
23.4167
25.2333
46.5333
20.8167
53.6333
16.7167
45.1333
30.3333
26.9667
22.6333
9.48333
21.4167
10.1833
29.2167
32.5
29.2667
37.85
32.2
75.7333
33.8167
43.45
65.7833
10.0167
47.7333
56.9833
38.4833
48.85
38.95
31.5667
59
41.2667
46.25
30.3833
35.5333
28.7667
41.05
20.5333
21.2167
41.7333
28.9833
46.9667
41.25
34.4333
42.9667
39.7
41.6167
26.7
53.8333
34.1333
29.6333
22.5833
35.1
45.9667
29.2
43.0667
29.0667
33.3167
22.7
15.3167
45.65
30.6167
125.55
21.2833
46.2333
15.6833
63.1167
38.4333
17.9333
33.4833
57.2
51.9833
30.2667
35.2167
45.3
47.6167
42.0167
23.5167
56.6167
49.6
31.5167
24.9167
35.3167
59.2167
21.6
56.95
33.9833
23.8333
46.35
19.3
34.1333
50.55
35.6833
22.65
42.5167
53.6833
15.8667
34.2333
16.2667
21.8
22.95
27.5667
22.1667
50.8667
30.2
28.7667
23.1833
35.0667
37.9167
30.2167
74.4167
18.9
29.8
60.7167
15.7167
39.3333
25.2
43.95
50.8
19
46.7333
43.8833
54.1167
47.0333
45.1833
32.0667
39.5167
41.1
35.85
28.7167
45.4333
49.65
56.35
40.3167
60.0333
44.8167
30.2167
41.0333
41.3333
25.9333
61.3167
33.4333
22.1833
38.2833
52.0167
43.6167
34.6333
22.0667
30.3833
43
54.65
30.1167
47.7
9.13333
37.4
51.7833
27.8
43.0667
44.2167
51.8333
37.3667
42.9
43.3167
48.6833
14.35
42.0833
46.35
44.75
30.6667
52.0333
39.65
55.4833
51.0167
35.8667
20.6667
30.9167
44.8833
48.4667
58.25
39.7667
47.3833
53.2
40.9
58.5
36.5667
54.5333
26.1
37.05
49.6167
26.2833
43.2667
27.5667
51.7167
31.7167
49.8167
21.8
40.35
48.7
41.5667
30.95
21.4833
60.2
64.4
36.4833
65.8
22.3333
22.9333
38.9333
39.0833
33.9333
31.85
34.8667
46.8333
33.35
37.6333
44.6167
37.8333
23.2333
38
24.7167
43.4167
51.0333
34.9833
19.5
28.4
45.8833
28.8667
50.95
51.65
16.7333
22.7
39.2833
15.9167
56.25
56.0833
23.8833
55.0167
29.5
42.9
24.8333
36.4333
36.45
39.1833
56.2667
36.4167
29.9833
37.5167
21.7167
37.3667
33.0833
34.1667
22.6667
22.75
16.5
54.4
42
54.1167
32.55
35.15
15.7833
36.5667
21.9333
26.7
24.4167
60.45
31.9667
57.9333
29.2833
34.35
40.75
42.4167
32.0833
51.35
43.5667
37.6333
54.95
22.7167
46.0333
30.6333
51.6167
46.05
33.7333
49.0833
46.0667
37.2167
55.4
41.4
48.1833
35.2833
24.2667
22.1167
24.6667
35.5
53.65
51.7667
36.35
40.2167
27.0667
19.8
33.0333
31.3667
30.2167
37.1667
18.65
38.1667
39.2167
46.0333
35.9333
30.8333
46.0167
37.9167
27.8167
37.4667
29.1
37.7
31.2833
36.7167
25.75
15.6833
52.3333
16.0667
32.3
43.5333
30.2
47.7833
29.4167
40.1667
18.7
28.5
43.8333
30.8333
35.4667
49.8833
23.9333
30.9
30.0167
30.2833
45.6333
15.7167
22.55
49.5667
22.6333
48.3167
24.5833
31.1
37.2667
37.0667
30.0167
8.55
25.7167
28.7333
53.5167
34.6833
21.6167
43.0167
63.1333
42.8167
22.0167
32.15
26.6167
35.8667
36.0167
54.45
44.3
43.85
38.4
20.6833
42.3167
29.3333
28.2833
36.4167
37.4833
39.4833
36.45
35.1167
34.5167
28.7667
19.2667
44.5333
29.85
63.1833
45.9167
45.5833
39.7167
41.7667
22.9667
46.8
34
32.8
26.3833
42.1167
57.9333
48.4
22
28.65
55.8667
44.6
46.3
54.7333
41.0833
38.85
34.6167
35.55
33.9667
29.0333
46.15
22.9
28.0667
30.8167
39.3333
24.4667
53.1667
41.0167
51.4167
60.1667
43.0667
24.4167
37.7
44.45
37.4
37.35
37.4833
37.05
24.1
36.9667
27.45
41.1167
42.75
44.9
54.35
13.8333
33.4
37.4833
32.0667
16.9167
33.9667
39.1667
33.1833
53.1667
28.5
39.7833
48.0667
54.65
37.6333
59.8833
36.85
57.7833
29.7
26.9667
41.6833
21.4167
29.75
26.1833
31.7167
29.7333
15.8833
29.7
42.4667
41.35
63.15
16.9333
34.7
30.75
34.8
17.1833
15.6667
24.05
23.35
22.95
37.95
53.75
15.3167
36.4833
41.1833
18.6833
40.7
31.0667
41.8167
21.3
36.1333
41.2667
15.1333
23.0333
36.95
46.2333
79.5833
57.4833
37.5833
44.4
44.5167
24.3833
62.2
36.0833
41.4
15
30.7667
34.3833
49.2833
35.0667
29.6667
58.15
37.25
54.0333
36.1333
45.1167
35.6833
36.0833
37.8333
31.5833
15.5167
30.85
35.5
28.6833
17.5333
39.2833
29.9667
22.3833
23.15
21.9333
46.5667
31
49.6
46.6167
43.4833
33.1667
20.65
36.7
43.5333
24.4167
31.3833
53.9333
25.9333
30.1333
43.0833
23.5833
32.9
29.9667
60.8
51.2333
35
41.2167
24.3333
59.2667
27.6667
32.8333
16.85
34.8167
53.1167
28.9667
32.7167
35.5167
30.85
21.6167
30.5167
25.1167
31.3333
38.6333
42.0333
55.9333
54.3667
50.3333
24.2167
27.5167
24.0167
31.2833
20.0833
29.9333
38.7167
57.7833
30.6833
44.85
47.65
53.1333
40.9
28.1167
49.0833
23.9667
19.8667
64.0833
72.8667
37.5
39.0167
37.05
62.7333
44.25
41.0833
49.4333
31.65
37.35
46.8833
39.9167
37.0333
46.0833
27.9
30.1333
30.0333
15.3
43.2667
19.75
26.7167
20.3667
55.8667
36.7667
28.35
29.9667
27.3833
63.5833
54.9667
31.25
20.9167
24.1667
45.0333
31.35
27.5333
23.7167
53.05
14.95
30.9167
70.45
48.1833
39.05
29.8
27.95
52.4167
78.05
48.1167
54.6
38.7667
22.7
60.8
55.7
38.3333
22.45
31.4333
41.7333
49.9167
43.7167
49.3
52.0167
47.4833
29.4333
43.2167
27.0167
25.4833
18.25
37.5167
45.7833
19.1833
86.4167
56.2333
31.85
38.7333
29.7333
43.0167
40.35
23.4667
28.9667
57.45
53.5
36.1167
37.1167
38.3
38.3167
61.2
35.8167
34.8667
20.5833
17.2167
24.5833
38.35
26.6333
27.0333
47.0667
58.2
34.2333
29.3
34.9
23.1167
38.85
36.1333
29.3667
23.2833
26.7333
38.2833
35.8833
9.78333
48.35
41.6667
37.75
63.15
58.9167
16.7333
58.8833
46.7667
43.4833
24.0667
28.8667
26.0833
49.4167
50.75
56.4
16.3167
8.58333
31.1167
29.3667
62.7333
32.4333
26.2
22.75
37.3667
35.75
55.5833
30.5167
33.7167
50.2167
39.5333
49.75
38.3167
46.4167
36.7167
73.8333
9.66667
31.95
40.1
36.7833
35.7667
16.45
34.4
32.3167
23.3
39.05
36.2833
37.3167
34.6
23.0167
31.9333
38.2
30.1
38.6833
37.1833
40.1667
22.2333
9.7
18.6833
36.9167
46.9
35.85
30.1667
38.5167
29.7333
46.9333
53.0667
35.7333
26.1
36.8333
40.3167
29.7333
30.35
47.1
31.55
52.3167
36.8167
38.5667
8.3
22.0833
25.2167
22.4667
29.2167
29.2333
32.15
31.9333
38.1167
47.25
35.25
37.4
29.6333
34.0667
56.2333
46.6333
21.95
51.7167
47.5833
41.3333
49.3167
39.6
33.4833
27.9667
23.15
36.2833
33.3
22.0333
36.5333
36.4333
37.8167
56.85
36.0167
23.1667
41.1833
17.5833
22.8333
40.5167
21.4667
21.4
43.8167
36.8667
53.7167
35.6
31.1833
63.1833
36.15
42.85
24.0833
38.1333
38.5
27.2833
46.1667
21.9
50.8167
52.8
31.2
53.75
24.9333
56.8167
31.8167
38.8833
42.95
26.9167
27.7833
35.95
42.8
45.1
23.95
51.8
26.5167
39.5333
23.35
46.7833
46.7667
50.9
62.5333
22.3
42.5167
23.4333
45.7833
53.45
47.0667
49.1333
38.0167
28.1333
21.85
36.2833
24.25
41.0667
29.65
10.0667
47.35
26.6167
42.3333
15.8333
28.6667
38.9333
40.1
29.5333
22.4833
22
66.35
28.6167
32.4667
32.7
23.8167
65.9833
25.6167
62.4833
50.1167
43.4
51.7333
24.75
45.7167
53.9167
31.95
54.1
40.8833
60.2333
17.45
29.4
42.8
46.9167
44.5667
39.3167
36
30.25
32.35
28.4
23.05
28.2667
31.0167
31.1
41.0833
32.65
60.3667
18.6333
56.25
37.3167
36.55
21.8
45.9667
34.1667
45.1667
37.1167
64.4833
21.7167
52.4667
22.5
37.9333
47.7333
29.9333
25.0833
39.9167
52.1333
35.5
47.1333
31.8167
25.3667
43.9167
44.2
41.4333
42.3
43.65
22.8167
29.7
38.7833
44.6333
32.7167
57.6333
33.1667
59.0667
48.8667
27.5833
34.7167
57.5833
25.6833
44.35
23.7667
46.55
29.5167
36.2833
15.0333
32.8167
58.4
34.1667
36.9167
36.15
38.7833
57.95
47.7833
38.5167
34.85
40.4333
59.0333
37.45
34.1833
55.3167
40.2833
38.2833
19.9333
24.0167
45.9
23.25
19.2333
33.85
30.7167
23.6667
39.8
41.6667
45.95
17.9167
42.95
46.95
28.5333
21.85
22.9167
29.3167
29.6333
37.5333
46.3167
23.1333
21.6333
35.3667
27.6833
38.45
36.2667
19.7667
28.1167
26.4167
29.75
52.1333
44.3333
58.1667
46.3167
47.4833
31.15
31.7167
29.4333
29.7167
38.1833
34.25
16.6667
49.9833
44.6
54.95
46.9333
23.6167
32.4667
32.4667
37.7167
37.25
45.1833
39.65
48.6167
39.75
38.3
30.9167
53.8167
46.4
15.6333
43.6
41.3333
10.1333
34.7167
31.2667
39.6667
22.5333
28.4833
44.65
43.2167
37.8667
30.6
67.2833
44.2
45.5
22.7833
42.8333
50.5333
33.3333
33.8833
28.9667
9.53333
29.1833
55.5833
28.0333
66.2167
46.2333
34.95
29.1667
46.5167
47.35
45.1833
54.3167
38.9167
48.65
38.7833
30.15
48.55
63.2667
49.8833
33
49.7333
40.1833
42.8333
37.1667
38.6667
32.1167
46.2
42.3333
24.7833
50.55
44.35
28.4333
24.3667
38.1833
55.9833
15.0333
36.3667
36.65
47.15
37.9
31.4
29.4833
43.0667
60.8833
56.75
22.7167
85.0833
59.85
57.1333
27.1833
45.4333
47.4
21.7167
14.7
26.1333
40.8
18.65
36.0667
37.15
27.8667
57.9333
46.1667
35.9833
50.4333
23.05
21.6667
28.3667
34.8167
42.2167
58.5833
28.8
28.7667
16.9167
34.6833
37.1833
44.05
41.9667
39.2
27.9167
26.65
41.15
30.5833
41.5
28.75
65.55
34.2167
43.8667
47.5
69.3333
44.5
22.2667
26.6333
34.05
36.5333
65.8333
51.75
22.8
23.6333
32.1
16.6667
43.3833
37.65
38.05
57.3167
22.2667
39.4833
34.6833
72.6833
30.4833
36.0667
52.6667
26.6
40.3833
56.1
28.2833
27.2833
17.5
35.5333
39.4833
42.6333
47.75
39.25
54.2333
42.1167
41.9
16.6
49.3
40.3167
16.6167
48.9
31.6167
63.4167
35.5333
54.75
52.8833
21.3667
40.25
46.5167
38.3667
20.7
35.3833
32.3667
16.2167
46.6667
44.4333
47.1167
46.7167
37.9833
31.2667
33.8
58.8333
36.0167
21.35
33.9333
29.5
34.2167
59.7167
34.0333
48.7333
40.0167
42.55
29.9
34.4333
35.1333
33.3833
37.8667
45.3
24.1167
26.0167
18.4
30.4833
40.8167
48.2667
24.1333
37.1167
45.5333
38.1
47.8667
41.5
56.2333
39.4167
57.5333
41.65
43.6833
24.4667
30.8167
36.3833
30.95
33.5167
42.2333
68.3833
21.65
15.3333
25.6167
46.5
9.56667
34.55
44.6833
52.5333
28.2
35.4167
46.1833
35.3
41.0167
43.6667
63.1833
36.85
23.4
60.1333
37.8333
41.8
33.3
39.3833
16.85
25
30.2333
25.4
23.3167
29.9833
48.45
28.65
38.5
35.4
28.8667
38.25
33.6167
15.7167
35.4167
33.8167
26.65
34.4833
62.3167
28.85
37.75
36.6
41.0667
28.5333
21.2667
47.5667
43.2167
33.2667
42.1667
33.7833
69.3833
42.4167
35.0167
35.4667
23.2667
18.25
28.6167
43.85
45.5833
44.7167
41.2833
59.25
39.95
28.7667
9.31667
38.9333
52.85
64.1667
25.8667
31.1667
22.05
30.8667
21.2667
32.4167
35.0667
61.9
20.95
29.0833
19.15
31.4
73.7333
23.1667
35.2833
30.9333
18.9333
40.9167
22.4
18.5333
37.5833
36.8667
43.35
45.85
23.1833
32.8667
43.2333
30.5333
28.55
31.6667
29.8833
40.3667
37.65
57.0167
62.7167
32.4833
36.2167
19.0333
40.9833
19.1
16.85
32.4833
17.7833
46.7167
30.7167
51.3833
22.55
29.4
28.7333
38.1833
41.6
31.0667
40.3333
82.5667
15.4
39.6667
35.9
46.5167
26.85
41.4333
41.1167
29.1
38.3167
27.5
37.6833
23.85
23.15
39.2333
28.35
25.3167
30.2667
30.95
51.1167
41.5333
37.5667
57.3833
30.15
47.55
30.55
28.8333
28.4167
66.7333
35.8333
42
43.6667
29.35
25.1333
24.5833
34.7833
26.5833
46.1
38.2667
15.5667
31.6
28.8333
44.9333
35.1667
44.95
46.8833
35.45
30.8333
30.4167
38
30.1
27.6
51.35
8.03333
28.5333
8.46667
63.8333
44.8667
43.8667
28.4333
55.0333
22.7
35.3667
43.3
46.4667
24.8
54.9167
31.1333
21.9167
39.1
41.8
50.3333
38.3
48.2
23.6
46.5667
66.8333
37.5667
23.2
30.55
47.4
24.2333
37.1
49.9
39.5167
28.5833
31.4167
29.9667
34.0333
41.4
37.6
31.1167
28.65
22.3833
38.1333
33.7167
31.9333
42.2167
28.2333
59.9
19.5
21
39.1333
25.3333
21.45
29.9167
33.9833
46.9167
40
17.1833
30.6667
40.8167
33.9667
41.35
18.8167
35.0167
42.2667
36.7167
39.5667
22.3167
30.8333
49.85
42.25
23.1667
34.2333
44.2167
49.8333
56.8833
28.9667
51.3
36.7167
39.6
54.2333
22.2833
15.4833
36.4167
43.1667
28.2
34.5833
30.1
40.5667
40.3667
49.1333
54.0167
45.0833
32.15
37.05
29.1333
50.7333
44.7167
16.7667
53.3167
39.5167
64.8167
43.6167
17.5833
46.8667
43.0167
49.3667
21.4667
46
68.1333
29.0333
48.3667
28.55
42.0167
52.2833
60.9
42.7833
21.8
31.1667
46.2333
60.1667
28.9167
24.5667
24.9167
34.1833
26.3833
45.0167
45.7
27.2167
31.0667
51.2167
22.1333
28.6833
28.8333
49.3333
24.3333
28.15
48.3333
57.8833
53.0833
40.8
44.2833
40.4833
20.2
43.8167
39.3333
31.0167
16.8
19.7833
23.1833
48.5167
45.7667
29.2333
33.8667
34.7833
32.2833
28.4667
16.4
22.75
36.1167
68.4667
62.3
43.8167
79.4
35.7333
65.7
36.7
33.85
49.75
43.6
15.5833
16.95
36.3833
31.5333
41.2667
60.5
34.7333
37.4
34.5
15.2667
36.6667
34.0667
36.95
40.5333
49.7833
39.0333
43.3333
41.8
45.8333
43.4667
60.7167
52.5
43.3
33.3833
35.45
41.45
37.2667
44.9
42.3
38.8
23.2167
43.1
68.7
40.1833
40.0667
28.0167
40.5333
37.4167
16.75
41.9
58.15
25.8833
22.6833
38.0833
29.8167
53.8
52.7
24.05
52.8833
46.4
15.25
49.1667
35.1667
28.8333
34.4167
8.5
28.7833
34.6
40.75
41.55
30.4667
28.0667
52.9
27.8833
54.4167
22.6833
45.35
55.9667
56.1667
27.5833
38.5333
35.6167
39.15
32.9
50.0667
14.7333
14.5167
40.55
33.4
47.8
37.9833
46.5667
32.0167
57.1167
30.7
41.9
34.4
28.05
36.8333
48.35
30.5667
62.7
34.4167
57.6667
29.3
29.7167
23.2833
43.1
47.9333
14.9
54.5833
29.05
50.0833
30.25
36.3333
26.3333
21.7833
51.5833
32.2167
36.1667
37.1167
40.0167
38.1333
43.9833
9.06667
57.0333
39.3833
50.9333
27.9167
28.6333
10.1167
23.3833
23.5
43.6167
38.0667
32.15
35.75
18.6167
32.7
28.6667
42.5333
24.65
34.6667
19.75
41.3833
15.65
28.1167
24.6
28.2833
36.5
44.2833
51.8333
35.1833
27.8667
52.4
58.3833
37.35
29.3
46.15
47.25
30.45
29.3
50.15
33.9667
55.2833
42.05
48.0667
27.1167
21.1
48.2167
11.8333
21.9
36.4833
27.4167
44.9167
29.2667
42.4833
39.5833
29.15
30.1833
22.1
72.5
63.2667
27.8833
35.5333
30.4833
33.0333
16.55
17.5
28.5667
22.1167
16.9667
50.8
34.3667
44.1
28.8667
40.4833
42.4
26.2667
42.0833
42.9833
17.2667
35.5167
40.4333
22.5167
16.6
35.7667
58.4833
58.1667
36
28.85
54.1167
31.3667
65.5167
38.6
52.5
61.5667
28.8833
36.8167
44.2833
45.1667
57.8667
55.55
53.7833
44.0833
33.15
30.05
33.2833
24.3
26.1167
51.35
40.9167
37.8
29.65
108.4
17.05
48.1333
38.4833
40.6
30.4333
44.2833
47.6167
44.0667
26.9833
38.9333
22.6833
18.75
44.15
35.6667
28.0667
15.65
32.8333
44.5167
30.1833
43.95
22.8333
58.1167
36.0667
29.9833
16.3833
38.9667
35.55
42.5667
44.6167
37.25
34.9333
24.85
52.1667
14.4
44.3
45.2167
26.0167
23.1667
41.9667
15.3333
41.3667
25.7
52.0167
49.3167
58.1167
47
53.2333
27.7
36.1333
15.3167
48.5833
45.7167
37.4333
39.7167
57.2333
27.9
33.45
34.85
16.4167
42.0167
30.3
59.9167
55.1333
31.0333
43.9333
24.2833
28.4
25.35
19.6833
46.6
34.9667
31.7833
36.5167
33.4
21.8667
34.0333
38.5167
38.6667
49.2667
58.3333
34.0333
30.1
48.2
46.0667
26.75
38.45
29.9333
39
37.3
42.9333
35.8
36.7167
21.95
39.9667
47.1167
14.2333
42.85
34.25
25.2
39.1667
34.8167
61.0167
49.2333
32.3667
42.7333
27.15
29.7833
42.15
52.4833
27.1833
43.35
48.15
55.7333
34.2
22.2667
57.7833
37.1167
58.85
51.45
22.5167
29.3
43.0833
30.9167
49.2167
38.8833
23.7333
30.5333
35.65
30.5667
42.15
25.65
27.5167
46.0333
34.85
34.3167
41.8167
37.2833
52.4333
58.8333
14.7333
52.0167
16.9667
55.9333
15.0667
25
22.25
28.8333
30.6667
37.4167
35.65
42.9333
22.2833
48.0833
9.9
57.3
36.4167
41.4333
37.7167
49.35
25.3
55.5333
26.3667
69.1167
35.2333
28.4333
21.35
16.6833
53.45
69.0667
33.9167
38.2167
37.8167
36.0667
51.0667
27.55
20.9167
43.2667
23.7833
38.25
16.1333
35.0667
58.3667
39.0833
32.45
38.45
57.9667
23.8833
43.7667
22.5833
20.2333
43.4167
55.55
52.8667
36.3167
33.8333
22.6667
9.11667
25.4167
43.35
22.8167
42.5833
28.35
34.25
28.5167
48.25
32.9667
24.3833
38.9333
30.3
43.9167
57.75
77.65
59.4833
55.9333
46.85
45.4833
39.5
38.75
40.0667
44.25
44.9333
38.4167
27.4
42.5333
32.4333
41.3833
40.65
49.45
33.7167
31.3167
22.15
48.3667
54.75
37.4333
22.5333
37.8833
16.8333
31.75
34.5833
23.5333
32.7333
49.8833
44.9667
17.95
38.0833
25
29.0833
32.2167
35.5667
57.4833
31.6833
68.5
37.7
50.95
50.6667
43.55
25.2167
35.1167
67.7
43.1333
28.75
49.2
45.5167
31.3667
36.6
46.4833
24.45
48.95
46.6667
64.6
44.3333
40.2
26.4
46.4167
38.0667
23.5333
52.7333
44.7167
30.3167
29.5333
48.2167
36.35
20.9167
45.4833
40.5833
43.4833
23.75
17.3
37.3333
23.1167
40.6833
62.6667
40.5
23.4667
45.55
50.4667
8.5
57.95
52.7
54.6
40.1833
46.8833
36.15
22.05
34.7333
57.2333
48.4333
48.9667
38.05
30.3167
42.1
18.7167
36.9
24.4833
19.9
27.2
31.1333
45.6833
39.7
36.15
27.6
27.7167
29.0333
27.1833
30.8
46.4167
44.5667
24.6167
29.35
41.25
30.6167
34.4
32.85
54.95
36.0667
51.3333
47.3
32.75
50.7167
49.6667
22.7833
34.4833
30.8
45.7833
43.3667
33.7167
47.5
42.9333
26.4667
32.2333
46.7
46.6833
54.3167
34.8833
36.05
43.5167
39.1667
60.9833
42.7
9.65
41.7833
20.3667
31.5667
25.7167
49.2333
31.65
38.9167
39.2667
45.4833
48.7833
68.3
31.1167
59.35
42.8167
20.85
27.35
29.3667
53.2333
37.3833
39.7833
41.75
25.3667
30.1
40.2833
36.8167
41.2333
21.7667
41.7167
31.5667
34.85
59.8667
48.4833
40.1167
27.1167
34.5667
31.5
34.9667
43.3
24.65
27.3667
19.7
22.0167
35.3167
51.0333
28.8
23.9167
37.8333
38.55
40.4333
22.4667
45.4667
54.7833
17.3167
33.6667
46.25
21.9667
35.5333
48.8
53.4
24.4167
47.8833
31.1
33.4167
48.6333
38.1667
23.05
48.7
29.4333
49.2667
32.7167
39.5333
37.7667
22.6667
18.25
44.0833
44.45
31.7833
31.1
14.7833
42.1667
51.6
58.6833
49.3
60.45
25.9833
30.8833
25.1167
47.4167
42.1
41.2333
24.0167
35.1833
27.5333
42.7667
61.1667
21.2667
30.5833
49.55
28.7
34.8167
58.5
36
36.1333
54.4333
49.7667
31.6333
40.1833
28.9
29.9667
48.6
51.9833
26.15
31.5167
18.0667
24.5667
19.5833
39.1167
16.5833
21.9
33.3333
37.6833
44.3
42.75
53.85
29.55
47.9167
43.3333
46.95
47.9833
32.7167
18.9667
29.4833
36.5167
27.2333
58.3667
42.15
27.1333
55.0333
52.4833
35.15
28.3
36.9333
42.2333
32.2333
50.15
30.1167
45.55
50.4667
32.0167
24.85
33.9167
22.2167
39.05
26.9667
37.2333
26.7167
30.5667
27.3
29.4167
52.9
56.1333
48.8667
30.55
28.7
30.5667
67.8833
28.7833
59.5667
57.7
32
39.6833
15.6667
44.8
37.1333
39.3333
16.45
30.0167
51.1167
43.3
39.4167
48.7
21.9167
35.0167
39.1333
15.4333
47.6833
44.7667
56.0167
38.7833
40.2833
30.45
37.1667
23.3167
40.6167
28.4667
35.55
14.9333
22.8333
44
61.55
41.95
37.3667
28.35
31.9333
22.8833
49.3
29.55
41.25
26.6167
34.8833
31.3167
21.9667
35.5667
58.0167
38.7167
48.4667
34.45
35.5667
32.1667
41.7
52.0833
50.1667
53
43.3333
29.1333
30.3
45.8
44.5833
31.1667
25.65
49.4667
41.6
29.3167
16.2333
42.9667
37.45
53.3167
31.3
37.3333
44.8167
31.65
22.5
41.65
40.3833
34.9333
23.55
55.6
22.85
38.8667
25.35
58.4
31.25
42.6833
35.65
50.4167
30.3667
45.8333
41.4167
34.85
19.7333
36.5333
36.0167
23.4667
33.7333
28.3167
38.85
22.1
53.5
31.5
24.6
48.8
37.7333
43.3667
32.1167
40.3833
40
43.8333
48.85
55.2167
36.3
44.65
41.4833
29.9667
24.2667
46.6167
43.4333
29.8167
35.6167
54.8667
27.0167
40.7833
28.3167
39.5
68.7333
41.6667
58.3
14.0333
40.8
40.8167
45.1167
26.35
39.2
18.6
56.6167
41.05
7.81667
23.2333
32.3
36.7
25.45
31.9667
28
46.2667
9.5
44.4
41.6
15.8
26.0833
29.7833
36.9667
39.9333
42.5833
28.2
44.5167
41.5167
42.05
30.8333
32.0333
31.0833
50.1667
43.5333
16.4
28.8167
34.7
42.55
43.3833
42.1667
34.5167
47.5
38.6833
35.9333
59.2667
27.7333
31.6
28.8667
20.3667
40.8833
32.1
16.9
45.15
42.8833
43.5667
47.7333
28.3167
37.3
34.85
36.7833
16.1333
32.9333
39.7833
16.6167
45
59.3667
45.3
31.6833
49.0667
40.5167
50.2167
38.2
16.1667
27.9333
59
16.5
38.5833
59.1
69.5667
47.5
34.5667
58.7
28.1833
58.1167
27.6
29.7667
69.05
59.15
37.45
24.95
38.5333
37.75
30.05
28.9667
33.1667
35.3833
32.05
27.9
37.9
22.1167
21.85
45.5333
23.9833
41.3
24.3167
52.4667
41.75
42.8
37.8167
39.2833
35.6333
48.6667
42.0667
47.05
23.3167
46.5167
21.9167
30.4333
58.4
30.85
22.1
42.2167
53.2833
30.4167
34.05
50.45
61.1333
22.6
53.65
37.2833
29.3333
38.0667
33.75
35.8833
41.0833
47.0333
16.35
94.2333
55.8667
47.3
27.2833
48.6
29.6167
31.7833
21.75
36.75
45.1833
24.4167
44.55
72.4167
24.1167
23.2167
32.3333
9.8
19.3833
48.6833
28.7667
49.9833
35.85
50.5167
62.65
44.0667
46.2833
48.05
52.5667
35.2
46.7833
50.5333
22.6
16.1333
33.8
47.9833
30.15
37.25
54.65
34.3833
42.1333
43.2667
41.9667
33.3167
37.9
48.0667
44.3833
46.45
31.2167
32.35
35.2333
16.5833
39.3833
42.95
47.15
38.0667
42.25
41.4333
27.0333
28.25
50.3333
55.7333
39.85
24.0833
21.6667
8.08333
37.9333
33.5167
36.55
33.45
46.5167
26.15
18.0667
53.5833
39.7
15.95
23.3
30.1
28.0667
36.8667
52.95
37.4333
37.0667
55.45
28.9833
17.7667
44.7
28.3
65.45
42.45
36.4667
59.6667
29.25
31.0167
8.15
55.0667
21.4833
22.3
31.2333
33.4667
40.0333
28.9667
22.5167
50.6667
24.45
32.15
22.7667
15
29.6833
40.9167
35.35
46.8333
50.9833
36.2167
45.2667
39.45
41.4833
35.1167
67.8333
26.8667
51.05
29.2167
37.0333
49.75
33.3333
31.6333
14.5667
23.55
30.4333
34.4167
17.0667
31.2167
24.5833
53.6667
43.95
33.2667
34.2333
44.2
31.7833
46.7333
15.5833
41.65
28.1333
34.0833
40.9667
28.65
41.3667
38.1
23.4167
31.2
37.7
63.15
64.3167
49.15
73.15
40.8167
33.7
54.6667
48.9833
16.9667
34.5333
39.4167
51.1
44.95
15.5333
30.4167
20.0167
27.9167
35.9
42.2
23.7667
51.3
54
41.8333
38.1333
27.8833
60.7
34.05
34.4167
23.7167
38.1333
42.1167
34.6167
23.4667
38.9167
29.2333
47.8333
24.5333
34.55
37.75
43.75
42.5833
26
32.5667
36.2667
23.5
46.5
41.9
45.25
26.3833
52.2667
26.0833
33.55
23.2667
16.8167
21.5
21.55
38.1833
46.6
54.8
32.4667
32.1167
24.6333
38.2833
30.55
29.8667
29.35
24.7
22.8333
28.4667
37.7667
29.5667
46.0333
10.0167
27.8
27.8167
31.5
34
35
48.5167
31.5833
42.7333
37.2833
50.9333
46.5333
53.0333
42.15
54.8667
22.3
23.3167
44.5
32.0167
21.5833
23.9667
50.95
19.6167
35.6333
35.9167
48.0333
22.2333
34.9667
30.0167
53.45
42.5167
36.35
44.3167
41.8833
57.2333
32.45
62.4167
34.5833
39.0833
23.6
34.9333
34.9
29.4333
9.81667
30.2667
28.1833
39.3833
28.2333
30.6167
48.9833
27.4
27.8167
22.4667
28.7333
45.65
44.4167
45.1333
36.75
31.7167
39.1667
29.8333
22.4833
14.5833
61.5167
32.8333
37.4667
40.7333
27.7167
32.8
51.4667
23.2167
22.1667
48.5167
31.75
59.7
55.7833
50.4667
26.3667
23.1167
55.55
30.2167
44.6833
40.15
32.9833
29.3833
43.8
52.85
22.9
35.45
54.5667
47.9667
53.3167
35.1167
32.35
44.15
29.0333
40.0167
33.3833
40.6833
66.7167
32.8
35.1833
37.15
24.5
25.4167
39.5167
55.5667
33.0667
33.75
48.2167
46.7667
40.8333
44.5333
39.0833
28.2167
8.25
48.1333
53.7667
46.55
36.7667
40.2167
21.1
43.3667
38.0833
38.15
30.15
41.6833
31.1333
40.0333
16.8333
71.9833
44.7667
33.7333
47.5667
21.8333
37.6167
42.3
54.45
26.1333
45.05
29.4167
32.45
10.9
31.65
47.5
42.8833
27.15
23.1333
41.6333
53.1
8.31667
20.65
48.75
43.6333
35.2333
36.85
33.6333
28.8167
45.3
43.2
34.7167
45.6333
39.6167
54.6833
40.5
31.6333
29.4
23.5
22
29.7167
35.7167
8.08333
44.4
47.6333
40.85
16.7167
71
41.4333
73.9167
23.3333
36.6667
22.7833
24.2667
30.3
38.5333
23.6667
29.25
29.8
39.8167
23.9
29.35
36.5667
49.0333
37.0333
26.75
48.1833
30.9333
37.2167
40.4
47.8
45.2333
36.9167
44.9
46.3833
15.6
26.2
31.5
19.85
38.4
51.7833
36.0167
56.2667
37.4333
50.8167
33.3667
35.5833
28.0667
28.9
49.4667
32.1667
34.1
38.4333
43.6833
18.4333
62.7667
23.1833
52.1167
26.25
41.6
60.1833
38.9167
38.1833
22.4
34.8333
35.2167
55.1333
38.6667
24.0833
39.9333
52.5333
41.2333
27.0833
23.1667
60.9667
28.0167
29.7667
26.95
28.5333
31.1333
30.9333
16.95
15.7
55.55
41.2333
49.8667
37.4833
17.05
21.6667
50.5833
36.5
31.4667
35.1333
8.73333
28.0833
37.95
39.95
47.7
35.4667
41.8667
43.05
15.6833
45.3
42.7333
34.1667
59.05
23.8
51.8333
42.65
28.1667
41.8333
31.1667
44.5667
53.5833
36.4167
29.7667
41.2667
36.7833
23.8167
29.3167
24.6667
47.4667
69.05
44.5667
29.3167
34.8833
30.1
34.9333
38.5167
32.15
37.9833
28.8167
38.0833
35.8667
35.5333
34.6333
32.0333
40.5833
16.4667
51.6667
33.8833
50.6667
29.8833
32.0333
65.3667
29.3167
21.3333
37.35
33.2833
35.3167
51.65
28.4833
35.3167
16.9167
37.4
39.1
41.4
23.65
34.4667
48.25
39.4667
30.0333
34.9167
44.1667
67.45
23.2
43.45
34.65
50.1333
32.7
23.6667
43.2667
66.3667
32.3333
41.9833
43.1667
40.2
23.15
30.8667
38.1667
37.7167
44.2833
38.7
56.4167
35.6667
13.2167
36.6333
28.7
24.5
36.9667
29.0833
22.9667
30
9.7
30.5333
39.45
44.9833
51.8833
55.5667
48.8
35.2
53.7667
53.4833
34.3333
57.7833
53.2667
63.9667
15.2833
28.9167
58.0333
47.1667
44
48.4
36.8
49.5333
27.8833
28.3167
49.8667
32.2667
50.9667
38.6667
15.4667
46.1333
38.7833
37.2667
14.6167
16.85
32.8667
34.5833
30.1833
32.8333
34.35
49.1833
35.7
29.9
49.4
32.65
53.35
43.4667
14.85
29.9167
30.8
15.0833
49.85
36.2
44.7167
24.6
36.3667
30.3667
105.483
21.9
33.1667
41.2333
31.8333
15.7
23.7333
23.2833
41.85
24.65
32.0667
37.65
21.7667
34.2667
48.5167
38.2167
33.2167
36.95
29.1333
39.4333
52.8833
40.3667
58.45
31.7833
30.5833
16.9667
47.6667
25.6667
21.25
33.3833
37.8833
43.4833
49.85
33.0333
31.7833
14.1167
28.2333
24.05
45.2167
42.1333
15.3
30.05
34.1333
36.0833
32.45
30.8
47.5
42.7
29.9667
70.0167
26.3667
55.5
36.3667
50.2667
37.0333
51.3333
39.2
28.3833
41.3833
50.8833
36.9167
37.4167
36.2833
35.6333
48.2333
34.1833
26.05
47.7833
48.3
52.9667
32.5833
42.1167
35.2167
42.1667
49.65
53.9333
52.3167
25.2833
41.9
37.3
44.3333
26.2167
31.1833
35.5333
52.05
48.9667
46.8833
15.0333
16.45
44.9667
18.1
24.6667
29.1333
23.8
57.9833
44.5
58.6333
44.2333
42.9833
32.2667
39.85
43.0333
47.5167
30.5833
52.8833
47.6
33.4833
30.2667
29.7833
25.6333
59.55
49.5333
10.2167
56
40.1833
34.0833
31.0833
54.7667
45.3833
27.55
39.1167
23.6
52.1333
30.25
28.6667
36.1
37.4167
26.3
65.05
35.2667
49.35
61.1667
29.8667
44.6333
27.85
42.0667
34.05
70.0667
28.4833
27.9667
39.1
43.8333
40.6
34.1167
34.9833
52.55
29.6333
15.3667
33.75
39.0333
32.7167
42.7833
53.6167
29.4667
40.2333
32.5
27.8333
15.0667
30.6
36.35
28.6667
51.3
35.9
58.45
45.4
30.1833
50.75
34.6833
24.4667
39.0667
28.7333
29.7167
46.7667
43.7833
42.5
36.5333
31.9
40.7833
37.1333
21.2333
39.7
15.1833
16.9833
46.7167
36.8667
74.7
48.9167
19.8
47.25
26.35
39
26.8333
31.5667
32.2333
30.85
47.4667
23.1167
31.8167
17.1
15.65
27.5667
16.35
37.35
36.1167
30.7333
35.1
54.4167
31.9
56.7333
28.1
35.2833
51.9833
28.6
30.7833
28.5333
30.3
58.6667
48.15
45.6667
31.6
52.65
23.75
32.3167
22.7167
46.1833
39.95
24.3833
38.2
32.9833
36.2167
22.2167
42.8333
49.0833
34.95
41.6833
65.4
42.3833
42.0333
21.2333
36.35
9.78333
32.8167
44.7333
49.9167
36.1167
27.05
38.7333
50.4833
25.4167
29.8667
31.0167
40.8667
22.7167
30.65
36.85
43.7167
45.1667
16.0167
21.6167
38.5833
36.55
38.4667
24.9667
38.2333
37.9833
42.9833
21.3833
8.48333
45.85
37.2833
42.3333
71.7833
30.1
33.3167
45.45
35.1667
21.6833
54.8
24.9667
45.9
32.05
26.3667
38.2
46.85
29.9667
48.9
38.75
47.3833
31.8
33.4333
37.7833
38.35
21.7667
38.8
44.5167
41.9167
25.0167
73.95
15.9
53.0833
44.5
34.4333
41.3167
44.3667
28.8833
48.8
53.7833
14.15
28.5333
78.2167
34.65
33.7333
45.8167
34.8
48.3833
17.0833
42.4
27.1167
62.6833
49.3667
22.3333
35.7833
23.6167
29.1333
36.85
22.9
34.5
34.0167
37.0167
49.5167
29.0333
28.15
26.15
43.7
38.6333
51.7333
43.9833
53.2167
32.3333
35.9667
44.9667
40.5
39.75
52.1833
31.25
48.8833
66.4833
9.1
43.65
44.6333
36.9
42.6833
42.3167
24.8167
46.5
61.4
41.3333
41.1333
32.15
33.6833
24.15
63.5667
50.3167
31.6833
37.7167
21.7333
11.1167
29.6333
24.6167
22.5167
57.25
30.7833
47.0667
24.1667
25.8333
50.8333
31.7333
33.8333
54.0667
58.8833
23.6167
21.9833
44.5333
21.9
29.8167
49.7667
57.4
34.5833
29.5
47.5333
43.8167
24.5333
36.9667
55.4167
25.5
36.9
28.85
38.5333
58.7833
38.7167
34.55
47.1333
33.5333
43.2167
30.3167
31.5167
23.5667
30.6167
42.5167
68.7
39.3333
49.2
34.6667
45.8833
48.25
19.35
24.1667
45.5
35.5
26.7167
22.4667
28.75
22.3333
52.0167
41.7
22.65
15.4833
37.5667
35.45
32.4667
30.6
54.2333
42.1667
47.3667
29.3333
23.35
29.9833
36.8
39.65
44.4333
38.1333
18.35
45.7667
29.9667
29.8833
21.6667
32.85
29.5333
16.3667
36.65
35.4333
36.3667
46.2833
29.5333
26.65
30
31.1167
31.8667
46.4833
51.4
45.4333
13.8667
38.8167
64.25
43.1333
39.75
37.85
43.8167
44.6833
42
31.0333
37.9
33.9
42.8
52.4167
49.1167
45.6
36.6167
11.3667
59
11.2333
33.9333
46.2167
42.95
36.3667
42.6167
46.2167
30.1833
37
29.7833
44.6333
50.1167
48.8833
56.05
41.5667
27.4333
35.3667
51.9667
38.1167
37.75
27.3333
56.4167
31.1167
38.45
26.3333
32.2333
30.4
31.8667
52.1667
37.05
29.15
36.35
34.7167
34.9167
47.4833
53.1167
27.4333
25.4
29
39.2
30.9667
46.2
34.6667
26.2833
26.7833
26.9
48.2333
24.5167
34.6333
47.7167
39.3167
32.55
21.3667
24.4333
65.7833
36.9833
34.3667
25.3
22.4
43.4333
25.0333
29.4333
21.65
30.7833
44.4
42.1667
55.2167
38.25
40.9667
39.5
44.55
34.7833
23.9
32.5333
17.1333
35.85
18.15
36.8667
17.55
26.2333
29.0833
36.8833
27.2167
32.4833
21.95
41.85
30.0167
47.5833
42.75
54.35
52.9667
27.3
17.35
21.4833
31.25
15
33.8167
46.3
44.2833
30.5333
36.9167
22.3167
35.8167
33.7
39.0667
30.5167
34.4167
72.4
38.0167
34.9667
34.0667
27.6667
27.9
40.05
27.9
26.6333
25.7333
33.5167
22.3667
24.0333
19.1
37.1667
27.5333
36.5
36.4333
23.7333
51.3333
35.3833
32.8
16.1667
31.4
56.45
22.8333
28.6167
41.0167
21.3167
33.8333
40.8
30.8
31.6
50.6333
26.2
41.4333
44.15
57.7667
49.9833
38.9833
46.2167
42.25
38.5167
37.9667
36.7167
43.2333
22.2667
38.5167
31.5167
30.7833
45.9667
32.1333
16.2167
36.55
51.6333
36.3667
23.1667
50.2
61.1167
52.6
31.8167
23.6333
42.8333
49.3
21.05
26.1
46.4833
51.45
53.5
45.1
15.45
41.1667
41.3667
40.45
50.3
31.1167
41.5667
47.9167
32.2667
29.6333
47.4
21.55
33.7833
36.85
29.3667
39.8167
25.6833
15.65
42.5167
50.5833
42.5833
69.5667
47.0667
26.6667
44.1167
47.5667
39.5833
41.9833
51.1
35.1
22.8333
44.9667
28
38.8833
34.3
39.5333
33.9333
39.6167
22.2833
19.6833
55.0833
50.65
33.2833
56.7333
14.4667
17.8667
15.3833
37.05
28.5
61.4167
46.5
20.9833
30.6833
44.3833
55.3667
44.1667
45.05
32.2667
28.9667
30.6833
54.6333
23.7
50.75
31.85
35.9
41.0333
37
31.7833
42.9333
35.6
24.8333
38.9
22.6833
25.4167
22.8333
48.7167
29.2333
64.8333
35
36.4333
24.6833
29.3833
22.4
29.7167
41.9667
44.1167
41.5667
30.1
63.3667
33.4167
23.7333
30.7667
35.1667
47.25
45.0833
22.7167
45.2
41.9167
61.8333
17.15
34.9
35.8833
34.5833
33.6
47.2833
41.6167
42.4167
42.4167
53.9
58.5667
34.3
33.3333
55.5667
36.6
48.7167
30.9833
28.8667
49.6167
22.4
21.4833
28.5833
61.45
43.3333
23.75
44
41.65
52
48.2833
28
35.2167
43.4
42.8833
22.65
36.35
33.85
27.6833
43.4667
35.2833
15.0333
23.0833
29.1833
36.2333
39.85
34.1
20.8167
61.1
33.0667
30.6167
30.5333
53.5667
30.5333
40.95
30.5167
46.6667
30.5333
26.7333
87.35
24.7833
77.1
30.55
44.25
20.9333
23.6167
23.0167
21.45
24.8167
56.1667
31.45
50.7333
27.6667
33
50.55
50.4833
38.4167
24.45
37.85
55.25
43.55
60.8
41.8667
29.3167
43.4833
31.75
40.9333
46.7667
42.9
30.4667
38.3
44.8833
32.9333
27.5333
57.5333
36.4
26.35
25.7833
62.4833
33.3833
44.95
31.6167
27.8667
61.0667
15.5333
46.05
21.8833
25.4333
9.71667
32.3333
43.0667
23.9667
28.65
45.6667
48.9333
31.9167
15.6167
54.1
27.95
42.15
31.2
31.5333
37.7167
41.3333
34.1167
55.5
29.0333
11.7333
43.5167
38.1833
47.5833
23.9
55.15
33.5167
32.0667
32.2667
33.85
49.4333
34.8333
8.93333
31.05
39.6167
30.9
32.25
48.6667
67.3667
43.9333
53.9667
33.4667
43.6667
39.4833
14.2167
22.6167
16.4167
29.5833
44.8833
26.2333
29.1167
53.1667
17.65
57.15
34.5
46.65
28.3833
45.35
18
49.2167
32.15
36.3833
53.7
24.2333
14.8667
53.05
43.7667
35.8833
15.9167
52.9167
34.5
38.5167
8.43333
46.3167
30.5333
18
31.5167
25.4833
37.65
39.1833
23.2833
22.4667
82.4333
36.0667
36.9
34.4833
46.1167
29.8167
45.4833
53.9833
38.6333
55.3167
22.25
35.45
45.2833
23.1333
37.7167
30.3
41.0167
33.7333
34.45
38.3167
27.2667
26.0333
49.65
45.0667
29.7
65.8833
24.95
32.1
29.75
53.0333
37.55
30.2333
35.2667
41.35
36.8167
41.55
42.35
42.9333
23.2333
27.8
30.6333
36.4167
47.0333
36.3167
22.2
28.35
42.8833
46.9667
29.6167
46.1
45.25
46.7833
40.0333
34.4
44.5833
41.1833
41.45
43.9833
42.7833
41.6167
16.3333
20.7167
50.1833
28.6
38.4167
42.8667
35.9833
22.0333
41.1
38.3
21.7
23.0333
57.0333
30.7167
66.0333
30.0333
15.3167
30.0667
59.0333
45.25
54.2667
45.9333
36.6
50.4167
29.7167
44.4833
50
29.5833
32.9
43.9
33.0833
37.3333
28.6667
46.0333
49.8667
39.8833
40.3333
42.6333
30.9
28.4167
37.0333
58.15
8.76667
55.3833
27.6667
44.0667
34.5333
36.25
43.9833
49.1167
31.2333
32.5167
24.1333
42.9667
30.0333
22.6667
18.5833
23.1667
64.1333
27.75
45.2333
30.9667
37.5167
39.9
27.0167
22.9833
31.0833
44.1333
42.25
20.3833
38.55
23.0167
23.6333
39.45
32.9
15.2833
23.2333
34.4
18.6333
50.8
37.5833
44.2167
52.9667
51.55
33.0167
44.1833
45.2833
29.0667
36.9
16.3333
29.4333
26.15
31.5167
30.4167
45.9167
35.15
46.5833
43.2167
35.8667
51.3167
34.8
53.1167
8.33333
44.7833
36.6833
54.0667
16.3833
53.4833
50.8833
41.3
37.6667
30.45
48.55
27.3
39.4667
31.6833
31.1167
23.55
24.7667
30.3667
44.0333
45.2667
32.0667
44.7333
40.4833
47.9667
37.1167
38.5
47.2833
45.9
46.1167
23.9667
45.55
42.95
23.0333
30.7833
46.4833
36.4833
31.6167
44.5667
47.5667
37.55
63.6667
35.4667
36.1
34.45
39.6667
26.5667
28.6167
29.3833
48.45
49.6
51.4833
30.2167
30.2833
41.45
56.3167
38.5833
17.4667
31.95
40.1167
32.6833
31.1333
33.6167
39.7333
30.2833
52.0833
14.2333
30.15
49.05
36.2667
29.7833
29.15
26.8167
45.8833
58.5167
30.5833
54.0333
30.7833
32.3833
25.9167
35.2667
38.9
43.0833
38.95
28.8667
8.9
32.05
25.8667
31.8333
38.25
55.7
39.9
32.8667
43.15
65.3833
28.7333
33.7167
29.8833
48.25
42.4
28.25
23.7333
24.8333
41.4333
23.7
34.2333
42.0333
39.9167
36.5167
58.1667
45.7667
33.4333
57.8
51.3833
43.8833
30.0333
20.75
45.1667
49.95
45.4
38.1
47.75
41.2833
37.7333
32.3667
35.3833
35.8833
21.8167
31.05
52.75
30.6333
36.1833
22.3833
42.3333
43.0333
34.7833
57.3667
27.35
52
22.6833
25.7
60.3167
32.3
34.1833
50.35
48.9833
56.7833
9.98333
58.5833
38.3333
42.4
22.9
41.0833
47.7833
50.85
31.65
24.3
16.5667
50.0333
55.5667
52.7833
40.7833
43.0167
48.0833
32.3667
30.15
58.3333
30.2167
29.8
35.4833
40.7667
40.3
55.1333
22.1833
33.6667
52.6167
45.3833
47.5833
15.5333
25.65
34.1667
43.4667
27.2667
37.3667
45.8
42.4333
31.1833
22.1667
43.3667
36.0333
43.2833
39.8167
50.35
39.8333
60.9667
45.1167
28.25
22.0667
57.5167
44.5833
30.8
14.85
36.65
22.3
40.2833
33.3167
20.25
20.8
36.2167
27.8167
44.3
43.5167
42.7667
32.25
34.0667
61.2
30.1167
34.05
31.75
33.0833
46.35
47.4333
33.2833
42.7333
40.2667
33.0833
24.8833
29.0167
37.2333
53.2833
22.6833
49.4167
43.2
40.6333
22.3333
60.45
30.6333
39.0167
42.9333
32.15
36.8333
31.1333
17.7167
40.1167
45.35
19.2167
27.0333
41.7
56.55
35.1333
37.2
41.3667
35.4833
24.5167
46.2333
35.85
30.0333
32.85
16.3333
16.4833
41.1
56.55
30.75
46.9833
30.4833
36.3333
44.8667
41.6333
21.1333
31.3
47.0333
28.3333
15.4167
39.6333
32.6833
46.1833
15.25
51.1667
44.8167
23.2
26.45
41.6833
27.6667
42.6167
34.0333
27.3
34.8667
51.25
14.2833
38.8
64.3167
26.7667
39.1
19.1
45.0667
34.15
15.4333
64.2833
51.4
38.3833
61.3333
30.5167
41.05
24.9833
14.8667
49.8
39.5333
37.5
18.5667
25.5667
49.6667
34.5667
28.1333
28.6167
29.1333
29.2
32.0333
29.7833
43.3667
52.75
40.65
38.0833
56.2
64.6333
17.1167
15.3
32
38.7333
31
28.7667
49.6
39.9
36.4
23.7
23.3833
50
47.7333
14.6333
55.8667
24.85
32.4
56.9833
24.2833
41.55
49.15
36.3167
30.4
47.4
54.8
22.2167
25.1833
36.7333
44.3333
69.7333
24.8
31.1667
32.1667
28.65
46.1667
58.2667
35.1
38.3667
39.1333
30.5
27.95
22.2333
29.2167
29.6833
28.4333
36.9833
63.4333
33.7833
28.2833
28.55
31.0667
29.5167
48.0167
45.8
49.3833
27.2833
26.8
25.9833
32.7167
53.7667
41.2833
15.2
49.1333
26.6167
33.8
41.75
68.3
27.7333
48.9833
29.7333
34.7333
30.5
65.2
46.9333
16.5167
39.6333
44.9333
49.1833
47.55
37.0333
43.1333
47.15
28.2833
34.95
40.35
52
30.45
68.7667
51.8333
48.4333
64.9833
23.9833
41.7
38.9667
20.9833
30.1833
11.2667
17.05
39.7833
36.4333
32.1833
52.2667
48.4
40.75
38.8667
44.0833
33.7
34.2333
21.95
55.0167
16.0667
36.9333
18.9833
62.5833
43.7833
14.6333
31.3
39
33.0667
62.5667
58.55
18.6667
56.3167
57.2167
37.5667
59.4833
37.1167
39.0167
45.15
50.75
56.45
22.9333
40.6
38.2167
44.5167
31.0667
46.0833
42.9167
34.2167
34.1333
21.8667
30.0667
29.8333
55.2167
34.2833
34.0667
51.1333
36.4
30.0167
34.0667
28.8833
29.4667
31.85
24.6333
105
24.1
41.45
51.1833
34.1333
37.9333
35.15
41.4
34.4167
21.7
35.1333
34.3833
45.7333
23.9833
34.0333
37.5333
30.1
15.5667
40.3667
36.5833
54.6
34.7
32.9833
59.3667
47.8333
47.1
16.0333
37.6
42.4167
34.1167
21.7
22.8167
47.45
35.1333
37.1167
31.7833
23.6167
23.3667
33.1667
41.6
30.0833
30.6167
23.9
17.05
23.5333
21.25
24.5333
36.9167
44.65
17.5667
33.9833
35.9667
39.6
51.8
36.8667
37.9333
22.85
31.35
40.3333
23.8333
34.4167
59.25
53.5833
36.45
37.4
49.4667
28.45
34.85
42.75
31.7667
35.5
35.2667
54.4667
36.6
49.4167
43.0833
28.7333
34.45
43.2833
30.9167
30.8667
17.55
25.7833
56.8833
29.8667
48.7333
28.05
40.1
58.55
30.4
43.6833
27.8333
47.6833
33.7667
34.8333
36.6
62
39.2
29.9
27.05
15.6833
35.15
26.3667
37.05
37.85
32.6667
38.4333
79.5833
41.65
34.6333
27.95
28.3167
42.0667
9.05
28.35
35.4833
37.6
35.6667
27.7167
38.6667
48.7
25.05
41.9
31
22.6333
33.4167
28.45
29.2167
42.2167
47.5
25.9167
35.0167
32.1333
31.75
43.5333
44.65
36.9833
37.6667
40
35.8167
47.0167
21.7
33.8667
41.4
48.8667
24.6333
51.5667
58.1333
17.4667
74.2333
38.05
53.55
38.1
30.3333
49.5667
64.2667
38.2333
28.45
29.0333
35.35
38.9167
36.1667
24.4
52.9833
39.0833
31.4833
45.2167
54.1167
36.8
38.5
16.6333
33.3167
24.3833
37.5833
49.9333
20.4667
32.1667
47.4167
37.2
49.55
57.4667
18.15
45.6333
28.3167
46.3167
24.6333
55.0167
38.3333
41.3333
54.9667
28.9333
42.9167
58.3
37.7167
43.25
33.5833
28.4333
70.65
38.0667
32.0833
62.8667
37.7167
26.8333
31.0333
63.7167
41.3833
37.2
32.75
42.5167
9.21667
25.95
64.2167
27.8667
31.2
28.7167
41.0333
43.3333
29.95
28.2
42.5833
108.65
44.25
39.3167
34.8167
30.4167
47.8
38.0833
49.35
8.93333
34.1167
28.8
31.6333
55.7
22.2833
67.5
24.05
35.4833
10.4667
64.1667
28.7167
47.75
24.2833
30.8833
51.7833
26.1833
40.1833
20.9833
31.2
75.3167
35.5
33.65
39.6833
33.1333
34.1
65.1167
38.7667
28.3
54.9833
43.2667
49.4333
29.2
15.3
29.3667
43.2
28.7
27.8333
23.6333
48.2833
43.8667
36.2333
32.1
24.4667
60.3333
40.3167
28.65
28.6667
36.2333
26.8833
39.9167
21.6833
28.6667
38.6167
53.6
24
22.0667
27.85
75.9
25.8
23.0333
40.05
24
17.4167
34.5833
32.6
44.3667
43.8667
14.6667
44.25
46.5167
38.5667
30.2333
29.45
26.9
38.75
46.2333
35.35
27.5333
16.9167
37.4833
46.3667
65.4
33.95
23.5667
43.9333
51.1
22.35
53.8
25.1667
32.1333
50.0833
31.4833
27.2667
22.2667
67.8833
43.4
48.2667
35.2333
32.5167
32.2667
38.5
18.0333
49.0667
35.0167
39.6
42.95
40.8167
51.1167
40.7833
34.0667
50.9333
37.8833
34.7833
29.15
26.5
26.25
37.4
23.6
33.9833
45.3667
58.85
9.45
33
43.9667
33
16.5
42.3667
48.1833
39.0333
35.7333
34.05
26.9
37.0833
31.35
36.45
70.8333
21
29.8333
52.0167
62.5833
27.3333
25.75
44.05
33.75
33.8833
31.7333
46.8333
30.3
66.9833
24.3333
24.3167
42.7667
55.95
39.1333
47.6333
58.3333
37.6
25.4667
37.0833
34.6
65.5667
25.6167
31.1833
30.4167
33.3667
38.1
32.3333
35.9667
11.0833
22.5167
47.6833
38.3833
45.85
28.2333
41.75
27.5833
22.4833
26.5667
44.05
33.7833
39.5167
14.1333
29.85
38.7833
36.85
21.95
46.2333
28.6667
31.8833
52.8833
34.4
53.4
30.7
30.5
30.05
27.35
41.4833
61.9833
17.6167
36.95
37.6667
21.15
49.0333
34.15
42.5167
30.4833
20.3667
66.4
40.7667
44.5833
36.15
45.4
35.7667
26.5667
38.3333
23
48.8833
24.9667
46.1
44.2667
29.6833
22.1167
28.5333
36.7333
22.9
31.1333
46.3833
38.4
56.05
27.4833
51.0333
29.6
46.9333
22.15
31.95
38.2333
29.8833
35.25
36.0167
30.4167
54.1167
37.3167
32.7833
38.3667
36.2333
36.7
29.9667
28.6167
47.6833
37.3833
32.8667
30.85
51.3
42.6667
36.5167
33.5167
27.4333
34.0667
39.6833
54.7667
43.6833
23.95
51.5167
23.25
36.8333
23
44.5833
44.8667
46.9333
24.0333
48.3333
36.05
29.0333
26.0167
32.2333
51.4667
26.1667
37.9667
39.4333
49.0833
55.5
46.8667
34.3
21.95
40.75
49.1167
44.1333
26.6833
40.4167
33.9667
44.9833
31.1167
35.5667
44.3833
47.4667
35.85
20.5167
36.7333
45.2
42.2167
47.0333
29.2833
40.4
36.8
42.6167
11.35
52.8333
65.3833
17.3833
23.85
36.6
36.1167
40.85
41.6833
45.4
46.1167
35.7
38.5167
44.8
39.6833
16.7
44.5167
56.0333
23.9
38.5833
42.5
58.3
20.7333
21.9167
44.3667
39.3667
52.4
27.95
57.45
27.8
33.4333
19.55
8.91667
36.9
37.3
66.3833
16.5667
40.3167
59.8667
48.1333
36.0833
40.5
33.3833
35.1
42.5333
27.5833
26.3167
34.8667
22.3333
65.6833
16.2
27.5667
44.45
26.0833
27.9333
53.1
16.1333
51.8667
31.4167
40.6
47.4833
41.8333
44.9333
22.9667
33.25
16.6167
23.9333
35.2833
32.6167
40.8667
52.8333
40.0333
54.5
49.3333
57.65
34.6833
55.2667
71.5667
36.0333
21.75
44.05
60.9
28.3667
31.5833
32.5833
44.1833
35.6667
43.5667
26.3167
28.2667
46.4167
53.0167
51.6667
37.0333
31.3167
28.4167
32.5833
28.4333
24.9167
42.0667
27.7
23.55
62.6
37.1167
45.7
15.1
19.1833
63.3833
38.8333
23.8
41.5167
13.8167
51.7833
58.1
25.9667
37.6333
61.2
51.7833
56.1833
29.95
37.65
27.4
39.3
62.1333
44.1
36.1167
46.6833
38
28.15
40
16.8333
27.0333
50.0333
22.65
29.4833
42.1
23.4833
61.5167
51.3333
66.6167
37.5667
27.4833
20.5667
38.5333
22.0167
52.6333
33.55
27.1167
43.3
35.7333
28.2
22.35
29.85
50.5833
35.75
35.4667
38.1667
17.3833
53.15
18.1167
33.95
22.05
55.9167
39.95
35.2333
35.9333
21.9333
14.9
24.1333
56.4667
35.9833
35.3
42.8667
35.0833
23.05
63.5167
21.2667
43.5833
34.4167
25.8833
66.2667
31.2333
25.7333
52.55
26.45
50.0667
30.2167
36.3
51.55
33.2667
54.3167
53.6167
28.0667
41.15
42.7667
43.2667
61.0333
33.5667
58.6667
45.55
30.5333
24.5667
25.1167
43.7333
43.75
51.6167
34.65
29.0667
34.8167
36.4833
47.8167
23.35
49.95
42.45
36.3167
30.95
43.9333
35.6833
105.733
52.5167
30.4667
49.6667
30.95
29.8167
14.2667
56.75
28.2667
38.4167
42.6
8.7
35.0333
36.1833
58.7333
10.1333
31.9
54.2333
43.1833
20.35
45.8167
45.4667
29.0167
43.2
36.1667
34.9833
30.0667
49.55
20.5333
47
46.6167
32.3833
45.0167
32.35
51.4
22.0333
45.2167
39.6833
38.3333
28.15
48.2
61.9167
48.1667
41.4
27.9667
36.6167
20.85
18.0833
17.0167
47.0333
32.3167
56.5333
34.9667
57.7167
25.4333
52.35
30.9167
43.1667
29.25
35.5333
23.25
41.6
23.7167
39.3333
54.1
38.1833
55
15.7167
26.45
36.1333
22.9333
63.3333
52.4833
25.2
33.6667
42.3
30.05
35.8167
43.1667
42.6333
30.3833
70.4667
47.5167
28.8833
53.55
47.6667
32.5833
44.4167
24.0333
24.8333
36.05
48.95
30.7833
54.1
27.5
62.6167
26.6167
43.2333
50.0333
8.95
29.75
35.8167
23.6833
47.0333
46.3833
35.3333
46.3333
42.15
33.4667
31.4333
73.1333
42.4167
48.55
38.5167
27.85
44.95
37.2833
35.4167
43.0667
41.0167
45.2167
51.7667
48.6667
26.4333
44.2333
22.3167
21.4333
53.0833
48.6667
23.8167
45.9
44.3667
29.2667
35.2833
43.0333
37.7833
39.0333
33.4167
55.0833
30.0167
54.75
56.05
35.0167
32.5667
38.15
34.6667
23.0833
34.0333
37.5333
18.0333
16.5167
42.45
41.6
32.9667
8.8
36.5833
32.45
35.2833
61.9167
37.3
46
42.3833
28.6833
44.4667
26
33.85
41.4667
28.65
22.0333
48.9167
21.35
24.15
36
34.4
18.6167
23.5167
15.65
29
37.2
53.3667
16.75
22.4
29.3833
29.6167
42.35
44.15
26.7833
17.0167
37.5333
49.0667
55.8667
34.5
51.4333
37.1667
31.05
54.7333
21.95
57.9167
23.05
36.2
23.75
33.4667
52.1167
37.65
34.7167
37.1
23.0833
28.4333
42.5333
25.9167
40.9167
30.0667
21.5
36.7667
30.2833
43.8667
22.0167
62.3833
59.3
37.8667
42.5167
32.0833
41
58.95
38.9167
21.55
31.45
37.2833
28.0167
42.65
50.5333
64.8167
37.6333
21.95
28.4833
16.65
41.45
43.2167
38.45
35.6167
29.5
23.8167
42.25
37.6333
31.0833
40.3167
14.95
36.8333
35.85
22.25
39.8
51.2167
42.8833
26.7
48.9833
16.1833
43.5
50.4833
8.71667
40.3167
50.3667
24.55
39.9167
30.35
27.0333
49.4167
46.1167
20.4
64.1333
22.95
28.4167
35.9833
24.4
32.6
18.2167
56.55
32.0167
46.0167
34.0833
53.4
45.1333
15.9667
58.15
51.75
35.0667
42.8333
30.65
35.8167
44.85
41.3833
51.1667
29.15
24.0667
36.9667
34.8167
42.8167
29.2167
51.15
37.7333
35.4167
41.75
64.6833
49.7167
23.9833
42.8167
37.2667
36.9
28.25
33.9
44.0167
22.3167
41.0667
54.6833
57.9167
28.4833
36.9333
47.2
53.4833
37.2167
31.9333
37.3167
28.6833
47.8167
16.5667
26.0333
23.45
49.25
47.4
56.2
55.3667
40.65
45.8167
38.0833
55.15
40.9333
55.9333
48.35
37.95
18.35
36.9
26.55
47.1167
58.9167
37.7667
20.45
60.35
49.0667
43.3
36.5333
48.75
39.95
41.05
25.3333
37.7667
22.8
71.05
31.4
21.05
39.0667
24.8667
28.1833
30.9667
71.8833
26.3833
30.9667
51.0333
45.8333
60.6
47.4
36.0833
51.2333
30.1667
21.9667
27.05
49.9
36.6
38.6167
33.7667
29.9333
41.0333
28.85
39.05
50.9
20.6333
34.9167
30.7
33.25
40.05
30.65
41.7833
41.85
37.2167
48.0333
35.0333
34.8167
36.7
16.9
41.5667
42.7833
51.65
29.8667
37.4
36.2167
43.1
42.8167
29.3667
44.0167
30.95
50.4
54.3667
34.6
24.1167
66.6167
33.3
43.5833
33.9833
39.8167
19.85
44.6833
47.2
21.25
36.6333
24.7167
23.7333
43.7667
37.95
32
38.8167
52.5333
29.8333
24.9667
44.9
51.2833
45.95
46.9667
27.5167
38.3
38.75
28.7
34.35
28.4833
67.0833
44.7833
29.1167
23.2167
40.75
44.9167
36.0833
36.0667
22.1333
25.4
55.45
37.0833
33.4333
33.2833
49.7167
30.7
30.0833
21.4333
41.1
37.2667
30.9667
40.25
50
21.75
39.3667
34.45
28.3667
51.2
37
24.45
54.9
43.6
22
27.3833
42.7
41.8833
24.9667
24.7167
54.2667
35.6167
36.6167
39.0167
34.8333
22.0833
34.45
66.8833
50.8667
35.6333
21.9833
29.8167
40.9833
32.1167
23.2
27.9333
27.3667
49.3
44.5333
71.6833
28.7667
36.7667
26.05
42.9667
34.5833
44.0833
29.7167
30.6833
46.3
47.8333
34.6833
28.95
62.6333
36.6667
40.3667
21.5833
32.95
52.5833
10.2
41.2167
27.2667
38.6667
62.9
46.8
30.6667
58.7667
55.6
19.9167
33.9167
78.5
30.6333
35.4333
39.4667
54.6167
16.6167
40.2
54.75
38.4667
55.9167
33.1667
39.1833
44.6667
29.9833
35.6167
28.7667
39.5167
25.3333
36.8167
34.4167
36.1167
16.0833
32.2167
38.7333
61.7333
52.5333
31.9333
53.1833
46.8333
10.45
24.5167
28.3833
41.5833
49.2333
8.3
49.3
33.55
56.1667
31.4
48.2833
24.5
29.8
39.75
17.05
42.9667
24.4833
47.6333
40.85
44.2333
35.3167
32.9833
42.3833
42.6167
37.6333
27.5667
41.7
30.95
17.55
18.9333
38.1333
37.9333
35.4
9.56667
37.0333
34.6167
48.0833
38.85
56.15
24.95
40.9167
38.05
29.1
37.1
30.7
39.9
36.3
53.0667
47.6167
27.4167
56.5167
31.4667
54.05
39.8833
27.2
51.5
32.35
34.9
29.4667
36.3667
36.9333
40.7667
29.95
43.6167
39.8833
46.1167
54.1
44.3333
62.25
28.4167
23.0667
61.05
45.7833
31.4
35.9333
10.25
46.1
23.6
27.85
37.5667
55.6333
39.3333
40.6333
9.46667
49.3667
37.2
54.0167
36.0833
22.35
27.5833
37
49.1833
27.5167
41.5167
23.0167
55.0167
47.95
29.0833
31.0333
61.3667
49.6833
46.15
42.9833
30.15
25.2667
35.8667
36.5667
41.95
65.6
47.5
42.7333
36.8667
40.9167
49.3333
43.8667
17.8333
31.3333
57.2167
29.0333
54.3167
19.9833
28.7333
54.0167
40.9
29.9333
35.9833
22.6833
24.9333
30.4667
44.4
39.05
41.1167
27.25
49.35
20.9833
43.6833
50.6167
40.4333
48.6
47.6167
58.2
54.25
33.0667
28.4167
33.85
33.85
36.3333
22.9833
51.1833
43.5833
21.0833
15.1667
48.8667
45.9333
18.4667
39.7667
26.5333
33.0333
21.5333
46.95
42.1167
42.4333
24.0833
38.75
20.4833
20.6333
40.6167
33.05
28.35
65.0667
34.25
62.05
54.8833
29.35
20.0667
20.9333
41.2
22.3167
30.4167
61.0167
50.4333
54.0167
47.3333
23.6333
47.7667
30.65
51.55
31.6167
46.7
24.5
53.8333
28.8167
51.5167
24.0667
49.0167
48.25
24.5167
20.3833
25.3333
47.65
42.4167
15.9167
43.9833
41.3167
38.8167
28.1333
51.1
18.6167
44.35
36.6
31.65
28.2833
45.7833
47.7
30.5333
31.1667
9.93333
22.15
28.5
46.4833
48.2833
52.8667
42.9
44.3
26.2167
45.1167
27.9167
37.7667
46.4667
37.9667
33.1167
46.25
38.05
35.4833
21.3667
24.0333
25.3667
38.5167
35.5333
28.4167
17.6667
27.75
51
32.15
38.45
62.95
41.9833
37.2667
34.9667
74.4167
30.1
37.0667
29.2167
50.6167
57.8167
48.4333
50.6333
22.65
50.7
27.8167
23.7833
46.3
32.3
31.1
22.0833
24.7333
44.45
37.9333
46.7833
28.25
67.4167
15.0167
36.15
45.1833
37.8167
46.8833
57.9167
45.8167
31.6667
38.4667
43.2333
31.0667
36.35
25.7
31.85
37.8833
27.75
50
53.0333
46.6
31.2167
29.6
45.7833
42.9
50.6667
37.65
40.95
70.3667
31.3333
44.4167
26.3333
36.25
40.05
42.3167
54.1667
40.8833
45.75
40.6
27
45.7333
34.1167
33.15
30.2667
58.1833
56.9167
44.95
19.8667
21.6
51.4833
38.0167
35.4333
38.1
56.4167
42.3
22.5667
40.1667
35.9
54.8667
38.0667
39.4833
22.9333
17.3167
36.7667
23.4167
44.6333
56.1
31.0167
30.9833
41.3667
34.4833
8.85
51.5333
56.4833
44.6167
59.2667
50.5667
47.2667
35.5667
16.6833
60.6167
16.9333
29.3167
28.6
63.3167
40.9333
26.7333
38.2833
31.2
43.1167
53.5667
41.8
42.2
36.95
32.5667
31.3333
23.4833
31.3
29.65
37.5333
23.9833
44.05
47.1167
50.4
38.6
30.9167
16.7167
37.5833
8.81667
39.8
33.95
38.7333
23.8833
23.3667
29.0167
23.8167
42.4667
35.1
17.0333
37.5167
28.05
48.8833
44.85
49.9167
49.15
54.7
28.1333
23.4333
17.5
21.8333
49.7667
15.2833
21.5667
16.9333
17.4167
25.85
45.1667
24.6
41.3167
25.75
31.9
44.1167
22.7167
35.1333
30.05
53.3667
46.8
34.1667
21.85
63.15
41.1667
35.6333
45.2
12.9
22.8
20.85
26.8833
21.8333
34.0333
33.4167
8.43333
28.9167
24
42.4833
21.8
24.85
54.6
33.35
28.3667
29.8333
21.1167
24.7
47.3667
40.4833
40.55
28.9167
39.7
35.2
40.6
44.5
22.6833
52.8
54.0667
23.6333
26.4667
49.1667
43.2333
34.6
28.2667
15.95
40.7833
43.0833
21.4
45.95
38.2
53.9667
26.4167
20.9833
44.4667
16.2333
55.9
42.1167
30.1167
35.7167
32.6
23.1833
45.7833
27.35
46.4833
24.5333
34.7833
38.5667
40.5667
42.4
28.85
36.5833
23.15
44.4167
23.9667
25.6667
36.65
37.6333
28.85
38.5
34.2667
23.3333
36.6333
38.9
31.8167
15.35
47.2333
32.2167
42.8
47.0667
22.0667
24.2833
51.4667
34.5833
24.1
16.3167
46.3333
43.3667
39.5333
29.45
59.1667
49.0667
39.7
24.6667
40.1167
33.6
32.15
53.7167
42.8
31.1167
28.2167
53.3333
29.4167
39.2167
29.6167
43.9667
54.4833
53.5667
29.3333
51.05
62.7833
35.8
23.6333
27.5833
36.4333
39.8333
22.4833
60.6167
46.2333
49.5667
33.5667
39.9667
48.85
44.75
8.56667
25.9167
47.4167
36.4333
26.9667
23.7667
22.35
64.4833
28.75
39.4
43.3667
30.65
45.8333
43.1833
39.2167
25
33.4333
40.8167
41.5167
21.5833
27.65
35.2167
29
44.8667
25.25
45.8333
22.1
35.5
38.6
40.7333
44.3333
52.5
46.8167
32.0333
30.6
36.5167
42.3333
41.4667
47.05
51.55
35.6333
51.7
43.1667
48.6
40.4
45.8333
40.55
30.55
50.5333
70.2833
40.7167
42.9333
21.4
45.8167
52.45
19.9333
47.0667
49.2167
33.35
21.6
29.05
37.15
33.7
35.0167
43.9833
46.4
37.9333
62.5167
51.5667
32.2333
62.0833
31.8167
21.5
34.4
29.4167
37.35
38.3833
65.2167
8.05
67.7167
42.6167
27.35
32.25
35.5333
12.2833
46.6333
33.0667
33.4833
45.2167
34.0833
55.6167
35.2667
40.05
55.1833
34.35
53.25
36.6667
42
33.8333
71.6333
46.8667
56.05
77.6167
27.8333
24
53
37.05
62.0333
42.9
23.5833
30.05
25.6167
48.3333
60.5
42.4
55.8833
29.5333
37.05
46.65
35.3833
55.1167
59.6833
37.05
40.5667
47.9167
46.4667
21.3
27.7833
40.15
22.6833
31.1333
48.2333
21.7167
42.6833
38.35
47.5833
29.5667
42.25
46.6167
30.55
63.4167
48.3667
56.8167
38.9
28.6
40.05
41.8
23.5333
50.6833
23.3
17.0667
40.2167
34.25
15.6667
41.8833
21.3833
43.4833
43.05
15.0333
41.2333
33.9
24.45
28.4833
22.8
37.1667
60.7333
45.6333
38.05
40.5
23.75
57.75
45.0333
36.4667
51.1667
50.5
47.8333
24.3333
39.1167
43.6667
28.8
38.8333
46.95
42.5833
44.2833
33.6
33.5
31.6167
38.1167
43.6833
22.3
58.6667
55.5833
23.2833
47.05
34.6333
16
35.65
49.4167
38.1667
31.3667
21.3
47.15
43.7333
36.0667
16.1333
15.2833
37.45
64.05
64.95
46.8667
44.5
39.75
39.5667
53
42.0833
36.9
40.8
27.2667
30.3333
42.3333
53.15
16.4
32.1333
33.15
41.1667
29.6
52.9667
29.3167
9.75
36.8833
33.5667
52.0167
35.9167
38.1333
16.5167
16.1
34.15
26.6333
40.6167
38.4333
8.83333
16.7167
29.8
51.7667
46.1833
41.25
21.25
38.7333
29.5333
47.9833
21.4833
58.0333
51.3167
58.25
57.0833
58.95
33.25
42.8667
43.3833
40.4833
39.8667
42.1667
16.1333
21.8167
32.0667
37.95
60.25
38.5833
55.3333
39.3833
38.6833
45.5167
42.9833
26.4833
64.3667
34.3833
36.2167
35.7667
34.4333
48.7833
37.4667
69.2833
41.6167
23.4667
44.9
58.5833
64.1333
38.2333
41.9833
36.8167
32.9
35.0333
49.0167
59.8167
30.1833
28.3333
25.3167
53.7833
30.6167
53.1333
50.35
39.9333
35.9833
61.2
43.15
42.9
24.9667
24.6667
34.0333
28.8333
52.85
34.65
22.6333
43.9167
28.8167
36.75
50.05
34.8
44.1833
44.1
28.25
36.7833
23.4167
60.55
31.2833
41.2167
42.85
48.5667
59.6667
42.3333
33.8167
23.3667
37.6833
47.5167
33.75
49.35
54.5833
41.6333
75.35
25.4
33.0833
43.25
27.9
37.1167
45.65
65.6667
33.4333
17.9667
42.2667
44.6667
40.0167
22.55
30.0833
55.65
46.7167
29.7167
49.75
27.4833
36.3667
42.4
58.4
42.7
30.05
37.4167
44.05
28.5
16.1
52.7333
29.2833
51.1
31.4667
32.3167
35.3167
40.25
34.9333
40.3667
53.9667
58.2167
18.2333
27.5
14.75
48.0833
45.9333
45.1167
15.1667
33.1333
45.55
10.6167
55.2833
20.7167
49.6833
58.1833
48.95
36.6167
45.7667
34.0833
20.4833
46.75
38.7333
36.3
30.9833
22.7167
38.6
33.2667
43.05
25.3
34.1167
40.05
34.6333
26.0333
35.5
36.6
35.45
46.6667
38.2
33.85
59.8167
27.4
31.45
43.1833
47.0333
49.2667
44.15
29.3833
36.7167
34.4833
31.1667
36.8167
53.2
44
36.5667
45.3667
27.5
23.25
58.3667
54.8
44.6833
36.6167
19.6
55.25
32.8
33.4333
33.8667
35.45
28.45
14.8667
39.8167
16.0167
39.6667
48.5667
54.0167
60.7833
58.4833
22.0833
36.7333
28.7333
22.7333
53.2
44.6333
35.2333
10.1333
44.6333
40.85
39.65
54.75
34.2333
36.5667
35.1833
32.0833
35.0833
35.65
44.1833
21.0833
14.6333
38.6333
34.3333
42.8833
33.7667
61.8833
16.7333
25.8667
61
31.95
50.1167
29.1333
52.5333
35.8667
34.1333
31.5333
15.9167
49.1167
42.1167
37.05
46.4333
39.6667
46.85
35.8167
30.85
33.1667
32.6667
21.8
31.5333
30.3
54.35
48.7833
36.6667
28.05
72.8167
25.5
53.2833
40.9167
29.85
35.9333
24.3833
41.7667
39.8167
59.4667
41.7833
28.2
41.7
37.5333
37.6333
22
62.9333
37.7667
34.8
49.85
21.5333
36.05
48.3667
38.3667
18.6
24.1333
51.5167
29.1333
28.7833
36.6167
27.9833
59.0833
24.4833
38.5667
30.2667
20.3333
40.7167
22.8167
23.3333
33.3167
24.6333
47.0333
32.3833
29.8333
22.7333
28.7
30.2167
24.3167
45.45
41.3
40.8833
23.9333
32.7
38.2667
59.3833
32.7833
62.7
22.3333
45.0167
60.4667
22.1833
30.2667
38.1
34.1333
52.3667
37.7667
16.75
38.9
48.7
43.4333
37.4333
24.5333
40.8833
55.1833
23.9833
23.9667
29.15
36.6833
47.1667
32.6833
67.65
39.8167
52.6
24.15
44.9833
58.3167
25.55
63.4667
49.9833
47.9667
21.0833
29.0833
36.7167
37.55
25.2167
18.85
55.2667
28.15
30.2833
16.05
27.9
24.2667
22.1167
16.6167
50.4667
37.3
26.65
43.5833
61.7333
29.0833
29.9667
26.4
24.4667
18.3
29.0833
28.8833
22.5333
18.9
41.0667
20.65
28.5
51.3333
33
47.8833
53.2333
31.05
24.95
25.9167
43.1667
15.8167
16.7333
53.1667
27.6833
22.2167
33.95
54.2333
26.4833
42.8167
36.25
48.4167
42.0333
35.9167
34.1333
35.2333
25.65
48.8667
46.9
53.2833
34.6833
47.3167
41.95
15.75
26.3167
41.1667
29.05
16.7333
35.9167
16.2833
58.3667
57.1167
42.6167
29.8
26.9
46.6
22.8667
22.0667
31.6167
22.8333
45.5833
48.1833
52.85
55.1667
23.85
48.6333
40.45
29.5833
24.2833
48.4333
46.2
23.55
60.65
16
29.1
41.3
31.95
31.55
29.1
41.8
59.9833
46.4
32.7667
36.1333
45.2833
31.3
24.45
64.6833
25.7167
54.1833
44.8
32.15
58.4667
52.3167
30.6
55.0833
28.8167
38.3
54.3333
34.35
42.9667
30.5833
50.6333
34.7
40.95
38.6667
18.85
32.2
54.8
57.2833
52.2833
36.5333
49.9833
35.1
21.2333
37.55
36.9
37.6333
32.8833
23.4333
39.35
22.3167
39.7
26.6
75.4
36.45
44.3
41.65
45.6333
29.1167
45.8833
45.4167
42.65
51.0833
56.1667
34.1667
52.1167
46.5667
49.05
22.15
35.2167
13.6167
32.7167
28.8333
32.6
49.5667
48.1333
40.6833
45.0333
22.2167
31.3667
48.5833
60.3333
38.1167
29.45
23.2833
27.5833
54.1667
66.7
21.85
36.6667
30.2167
35.1833
38.3167
23.5667
16.9
31.9667
60.8
26.1
55.4833
28.5333
41.3333
40.5167
36.1833
48.8
52.4
16.1833
16.3333
43.1
42.3333
29.4167
20.75
23.5
32.3167
44.1833
46.4167
35.1
51.7167
42.2833
34.2
40.05
43.6
47.5833
32.7667
72.3167
31.1833
62.4833
36.9333
29.9
18.6167
15.2
54.3167
49.9667
8.13333
43.65
31.65
29.1333
32.35
40.4167
37.6333
36.9833
41.05
25.55
40.3333
55.2333
42.5333
45.1833
50.25
59.9
43.5
59.9167
41.95
42.0833
21.4167
39.4833
46.7
27.45
31.75
29.5333
37.7167
58.95
38.6667
36.55
26.3833
20.8833
27.4333
33.15
36.1833
38.05
29.85
60.85
25.3333
25.5833
31.3
36.0833
24.3
53.3167
37.2667
42.9
30.7
28.8667
56.1
57.4667
33.1333
69.4333
57.6
16.0333
35.55
47.4
46.9833
25.9667
58.95
40.1333
45.4
22.2333
65.45
43.5833
49.9167
44.4667
35.8667
52
44.4833
27.7
50.3167
30.0667
26.2833
17.65
42.85
53.3167
33.85
68.0333
48.7333
49.2167
52.25
22.8667
23.3833
27.9667
36.2667
35.05
56.3667
107.783
48.9333
46.8
34.8667
24.8667
26
52.85
22.7
44.6833
30.05
62.5167
40.5333
50.2333
24.2
44.7167
40.1167
28.65
36.7333
39.0167
23.9167
55.3833
30.4333
64.4333
37.2667
28.0167
31.95
36.4333
45.0167
28.0833
49.3
29.6833
55.5833
16.35
41.7667
33.3
33.5333
58.1167
50.5333
39.3167
22.5167
33.5
36.7167
26.9
43.1
37.4333
56.8667
47.1833
17.0667
40.4833
45.2167
35.7333
49.35
47.05
26.95
52.8
34.0667
33.6167
37.6667
37.9667
57.6
40.3333
24.7833
29.9667
57.5167
30.1667
65.3333
38.5167
32.3667
28.1833
58.7667
32.9333
28.75
29.1167
62.5167
31.7833
71.5667
72.9
30.8333
44.1833
44.4167
45.9167
21.55
16.9333
51.1167
21.1833
32.2833
24.75
34.3333
40.8833
30.1833
47.35
31.55
48.95
32.1833
44.25
45.2
42.95
41.8667
36.1333
40.95
33.0667
56.7167
43.75
33.2
57.4333
58.8833
35.2833
32.9333
15.05
21.9333
31.5
22.4667
43.7167
42.8833
59.45
51.7333
47.3
29.2
28.2
35.45
24.6333
38.85
29
45.7833
40.0833
61.1833
42.25
40.6667
23.6
35.8333
44.45
40.8
42.05
20.3833
42.6333
37.4
29.5333
46.45
31.8
48.45
41.0167
31.3833
44.8833
38.7333
33.85
51.6
49.6167
25.1833
15.8167
37.0833
16.9
24.6833
22.3667
32.35
48.6167
39.2167
41.65
50.9167
33.55
33.35
81.25
37.75
51.6
23.75
17.4667
62.6667
48.1833
53.7
34.3833
44.3833
34.2333
30.1667
18.2667
40.4833
44.1667
36.2
43.6333
22.05
33.5333
37.7833
30.0167
23.2
27.15
29.85
66.2167
34.8
39.3667
21.4333
52.85
34.65
34.2
36.5
34.4167
61.6667
34.8167
49.1333
39.0667
16.9833
25.6833
27.1
25.9833
30
29.3667
56.5667
37.2167
36.7667
23.4167
52.2
32.7667
27.3333
44.8667
58.7
25
42.05
42.2167
31.15
63.2
32.4167
48.1667
38.8333
46.95
36.3833
51.4833
26.1833
41.7667
35.65
39.6833
23.4
37.9167
20.15
22.9
67.2167
56
51.8167
38.6333
31.2667
43.2
33.3667
37.1167
22.15
23.7333
16.3833
52.1667
56.5
43.5333
26.9333
18.2
38.5667
51.5
46.1833
48.1167
29.6167
37.0833
42.65
44.15
39.7
45.7833
27.4833
47.05
22.8667
15.4167
50.5167
45.4667
28
33.0667
48.3833
25.0833
49.05
29.4333
20.7
41.5833
45.55
68.75
37.3167
25.8
44.9667
32.05
31.1333
37.5333
33.45
33.85
29.9333
34.1833
50.4833
36.85
19.6333
25.9667
29.9167
31.65
51.2667
30.9333
34.6667
49.4167
21.8667
41.4
38.0167
35.0667
38.0667
45.15
41.6
29.8167
37.4667
47.7833
35.3
37.1333
48.6167
55.25
35.1667
16.15
31.5667
34.25
40.7333
34.3
32.1
42.65
49.5167
20.3167
42.3167
35.6
47.7833
36.5333
33.1667
40.0333
45.8833
47.5167
16.3667
41.0333
41.9833
41.8
23
52.6333
40.4333
33.0667
28.6333
33.0333
29.8167
45.2167
46.1167
43.2167
49.0167
47.45
24.1667
58.1333
34.55
26.65
39.9333
52.7333
39.15
45.5167
56.2833
22.15
50
26.1
28.55
40.5667
55.1167
42.1833
46.2167
43.75
29.15
22.3833
32.4
44.8
29.3333
37.5
20.6833
31.1
40.5
23.0667
44.95
28.7167
23.5167
50.5167
42.6333
21.2333
114.783
39.4167
43.6167
39.4833
27.9167
33.85
25.3833
41.4167
32.7
22.3
14.6
34.15
26.65
63.5
31.1667
22.7
33.9167
39.1667
44.4
28.3
40.2
34.7167
54.0333
45.0167
29.65
30.5
14.1833
22.35
37.5167
35.8167
39.6833
30.7
39.4167
38.5333
47.9833
38.45
46.85
57.9333
24.1667
35.3333
47.65
21.7167
50.1667
35.1333
49
15.75
61.2333
49.0833
40.9
22.4
41.0333
47.35
40.6
53.7667
16.2667
30.75
32.3833
63.8667
24.5
39.5167
33.75
51.2167
22.5833
24.1333
21.7833
59.6833
26.8333
47.75
45.5167
17.0333
38.1333
44.9
29.1833
37.1833
37.75
38.4167
52.0167
49.2833
41.9
46.95
44.7333
39.55
26.9833
28.6833
44.0667
42.3
28.7667
40.0167
36.2667
30.3833
44.4333
49.55
25.1667
23.35
36.0333
31.2667
36.9667
39.35
29
55.9833
15.9667
42.65
22.45
57.3167
24.8167
44.1667
47.3667
23.1833
58.1167
45.8167
42.1
36.2
34.6833
40.5833
51.1167
27.8
66.7
37.2167
41.2833
59.2167
8.48333
16.4167
42.75
23.8
38.2
37.5167
35.8333
34.5667
15.2667
37.5
31.7333
35.9333
32.0167
59.4
38.6
36.1667
27.5833
44.65
24.3333
25.05
25.1667
8.58333
24.7667
45.2333
38.4
44.0167
51.05
27.25
50.15
42.45
47.5333
41.9333
52.5667
22.3667
48.5333
20.5333
31.75
28.4333
42.05
27.65
30.6833
42
49.6333
44.0667
9.78333
53.5667
35.65
28.4167
46.8667
43.1333
35.05
51.2833
39.0333
33.05
21.2833
30.45
41.3167
36.7333
61.1
48.8833
23.6333
14.6833
31.3667
33.3333
23.3833
41.6
74.35
38.65
41.1833
24.7833
26.9833
47.2833
8.65
52.3
28
43.8667
25.0833
42.4667
35.0167
30.9667
31.0167
46.75
50.8833
38.8167
32.9333
31.2833
48.3833
23.5667
65.2
22.2667
27.9833
38.0833
23.7667
26.6667
25.2167
34.5
36.0833
37.8333
46.85
47.1333
51.25
30.1833
40.4667
45
16.1
16.7167
18.1833
37.5
43.5
41.3167
24.3333
35.3
53.0167
24.45
41.7667
55.6667
34.05
29.55
35.55
32.4167
24.1667
32.6667
9.21667
22.3833
18.7667
45.3833
38.2333
18.9667
50.0833
25.9333
44.9
45.0333
34.0833
49.75
37.3167
61.95
27.7667
32.95
42.6167
48.9167
21.6833
26.9333
71.5167
14.75
37.65
42.1
37.7833
36.0333
56.8833
20.2167
27.7667
34.8833
31.1833
15.3
37.4333
55.7
39.1
35.8333
57.3667
35.95
48.2667
35.7667
36.25
45.9167
30.1
8.33333
16.6833
30.4
22.1333
41.2667
49.7333
8.11667
24.8
39.2833
37.4333
36.3333
41.4
39.5167
30.0667
25.1833
15.65
33.7833
37.6
30.4167
39.8167
57.25
31.7167
42.95
39.35
44.5833
57.3667
14.5333
34.7833
41.2667
28.2
56.0833
30.9167
21.5167
30.6
29.4667
21.8333
43.6167
37.0167
31.8833
43.2833
35.9167
48.6667
43.45
30.2833
22.7667
34.7833
51.3833
42.9
47.85
41.7333
59.3833
30.1833
22.9167
37.75
29.9333
29.65
22.9
52.6833
39.0333
41.4
29.1833
35.9333
35.1
55.5333
25
38.1667
42.85
24.1667
31.9833
43.4
35.2333
46.3667
19.8
35.0833
36.6833
21.9333
32.8333
37.25
36.7667
40.2167
41.25
47.25
31.3667
63.7
24.7167
44.3667
48.6167
23
29.8833
22.4
22.7
32.8667
50.4
43.45
34.55
52.2167
39
32.7167
44.1833
30.9333
34.3
40.6
50.7167
22.3667
40.75
28.6
24.9833
22.0167
38.9667
27.1833
32.4
40.4833
37.1833
63.3
22.8167
52.75
29.6833
15.9167
53.1667
36.4
29.2833
35.9167
15.8667
76.7667
44.7333
39.7
20.8333
23.7
38.9167
29.6333
35.1667
29.9
35.1
23.0167
15.1333
34.9167
22.4667
37.35
31.3167
37.2667
23.7333
30
45.4667
40.65
34.45
43.7833
34.8333
45.5167
20.4833
26.8167
44.15
22.75
42.1667
41.3167
32.7667
28
16.7167
16.85
38.8833
29.2
33.85
41.8167
36.9167
62.3667
43.4667
65.5833
36.6
39.1833
32.8833
21.7833
22.95
25.4167
34.5667
23.3
21.8167
38.8667
43.6333
18.0167
31.8167
30.9333
46.4
35.8
52.0333
9.13333
36.9167
30.35
47.4667
29.7333
21.65
36.2667
36.8333
41.6667
38.2667
27.9833
51.7167
61.6833
39.4833
24.2667
15.05
38.8
57.7667
17.6333
43.4667
22.6833
17.1667
26.5333
40.3167
38.25
29.4167
38.7667
30.8333
52.95
24.9333
74.0333
39.1333
28.0833
45.7
43.2
35.3667
29.9
33.75
22.6667
45.3333
45.85
27.6667
26.6
17.1333
26.0333
32.7667
39.5833
17.1833
52.5833
29.4167
47.1167
59.6333
26.4
31.7667
22.0333
40.65
48.6333
38.9333
17.0667
36.2
24.35
45.0333
40.9167
28.55
59.45
38.7333
53.8333
43.4167
29.7333
42.5333
40.1667
30.65
44.0833
34.6167
34.9333
26.6
40.05
34.6167
43.15
30.9333
47.55
47.4833
31.05
38.6833
40
40.1667
43.2
22.7333
30.05
51.0333
35
29.8833
40.2333
36.2167
51.85
39.65
30.8
41.95
34.8
24.9333
28.9
26.1833
23.8833
22.5667
47.1333
46.2
30.7
39.0333
30.9
67.4333
22.15
32.7333
27.8167
28.8333
27.15
24.2333
34.4833
28.3833
30.7667
23.4167
40.9833
63.95
33.5333
23.7667
46.1167
25.4
17.2333
57.75
44.8167
36.8333
33.75
23.4167
36.2167
41.0333
35.5833
23.8667
29.7
28.3167
22.3667
27.7333
35.0833
44.95
38.2167
45.1333
47.15
71.2833
32.4
29.75
19.3
42.45
38.65
38.1833
45.55
37.4333
31.9
40.5
38.0333
26.8
16.1333
63.8833
53.2833
41.8833
67.65
25.3667
62.05
36.05
53.7833
38.9333
39.7333
37.85
28.3333
43.4
43.3667
58.1
43.6667
35.2333
38.5333
39
35.1833
56.3
20.5167
34.85
43.2167
34.2667
39.5333
21.5833
44.9667
22.35
41.6333
39.85
44.5333
56.0167
28.7
44.3667
22.4833
23.6333
16.7
28.3333
35.6167
41.8167
30.4333
50.3
35.2333
36.0667
22.7
53.15
41.9667
41.1667
28.1333
16.1667
37.2333
22.1667
41.75
41
42.35
34.0833
49.3
39.85
24.8667
41.3167
43.5
50.3
46.4
19.1667
22.2667
43.9833
40.8333
38.45
32.4167
40.4167
56.2833
28.7
20.5333
22.8
64.0167
28.6
19.5167
40.0333
44.8333
48.1167
30.0667
25.2667
36.95
29.8667
56.4833
37.1
55.0167
22.15
39.5333
26.95
44.2833
51.4
37.7667
36.9333
32.0333
29.05
27.6833
25.35
50.2333
22.2167
37.4
39.0833
51.4833
37.0333
47.2
59.3167
14.6
50.15
28.3167
54.8667
30.4333
38.3667
36.55
57.9333
40.5667
27.6333
53.65
62.1167
30.1167
21.5667
57
70.2
23.4833
63.0833
34.6667
25.2333
57.3333
38.9833
36.9333
44.35
50.35
54.6667
50.1167
44.3
37.7333
29.95
54.8167
45.5
29.4833
28.5167
24.2667
34.8167
33.4333
48.0167
22.4833
23.1167
42.15
38.6833
47.1
45.1333
23.5167
42.8833
37.1
41.2667
43.8833
23.1
40.8667
20.8667
36.3333
34.0333
41.25
30.3
48.9667
22.2833
38.25
35.6667
33.4667
25.85
41.4833
43.95
21.9833
42.8167
20.3333
38.9
49.35
42.9167
30.0833
15.1833
47.7167
16
22.6833
15.9333
40.35
15.35
30.8333
31.7167
31.4167
28.1333
30.3167
25.95
61.2667
37.25
47.7333
35.3
52.4333
35.2833
39.7
36.8833
35.4167
32.2833
29.5
35.9333
46
35.7667
22.2
52.1667
36.25
48.1667
48.8833
37.15
36.1333
38.45
43.4167
40.0667
64.9167
29.9333
41.65
38.2667
50.0333
35.15
36.1
37.3833
21.4667
37.15
36.1
16.15
28.1167
57.1167
32.3667
33.0333
37.3667
64.9667
46.7833
38.7667
41.15
49.4167
35.4
21.6
46.25
39.8667
71.8833
22.9833
30.1833
53.3833
31.5333
45.3667
34.1167
42
35.8833
22.9667
21.4167
38.75
22.9667
32.9
15.15
35.6833
30.4833
29.2
23.3667
28.25
35.6333
42.5167
48.8667
46.9333
48.6333
21
16.5
39.8333
37.1667
33.9
42.7833
67.0167
30.2833
36.55
38.15
45.9667
63.0333
32.0833
35.75
16.0167
39.3833
31.4667
22.5
44.5
44.5667
29.3333
30.3333
22.9
13.5333
35.8
47.7667
45.7167
41.8833
28.15
36.9833
45.3167
32.15
42.7167
41.9
42.2167
45.5333
23.7167
38.6
56.1
29.4
37.35
40.8333
49.7667
34.75
38.55
39.6667
29.4167
48.6167
36.1333
42.95
56.1167
52.1167
40.2833
50.0667
28.1833
52.0833
35.7667
39.2
39.85
40.1
46
35.95
43.1833
41.0667
22.6833
42.5167
54.0667
21.7333
9.66667
29.3667
36.95
36.1167
22.75
94.95
33.7667
49.4167
57.95
23.7
43.35
33.35
31.05
49.9833
33.5
47.1167
47.2333
45.4167
35.5667
55.35
51.0833
29.3167
25.0167
50.2167
66.5
38.6
21.4833
34.6667
21.9
31.25
24.6
45.3667
45.1333
52.7333
45.4667
36.2667
62.4667
17.95
43.5333
35.15
29.5667
29.4333
28.9333
46.6
42.7667
31.8333
35.7667
36.75
16.1
57.6
24.7167
16.9
46.3333
21.5
41.5833
31.65
38.5833
47
23.8667
30.0167
36.8833
23.9167
24.5667
55.4333
43.8667
32.3833
16.7333
50.7333
31.95
55.7167
38.3333
23.15
27.4667
26.2
31.65
36.6167
58.2833
36.6
20.7
25.9333
27.8167
54.75
39.4
17.9667
61.5
31.1333
48.0833
38.8167
38.15
49.4333
25.3667
58.7
39.7
10.1167
46.35
37.7833
59.55
43.55
47.55
40.2667
34.2667
38.5333
44.2833
42.5333
26.8667
28.6
33.2
37.8667
26.9333
37.7167
20.7
60.2833
9.56667
32.1333
31.9333
25.0167
62.2333
30.8667
42.55
8.91667
39.2667
46.1167
22.0167
31.2833
51.15
34.4667
47.45
43.3333
21.9167
43.6167
48.2167
34.6333
29.3333
15.2
38.9333
48.45
43.7667
30.8167
57.0833
23.55
45.2167
35.8167
23.2833
56.5
66.5
36.5167
27.75
36.7833
36.95
65.5333
39.45
28.1167
52.6
41.5833
30.4833
55.1833
9.71667
29.5833
76.1
28.2833
56.7
30.8
33.0333
28.0833
35.2667
41.6
39.1
56.8667
43.0833
30.15
34.4167
31.5833
67.2167
74.7
40.1667
55.3167
33.5833
37.7
47.45
46.85
17.9667
20.75
36.2167
38.05
38.2
22.5167
38.45
13.9833
39.8333
22.8667
56.15
45.3833
42.6667
35.1
43.8
42.3667
34.1667
32.9833
14.7167
43.2333
40.7833
68.0333
59.3167
47.5667
31.45
25.55
45.3667
33.45
30.6833
29.8167
34.5
53.5833
44.2667
40.6333
36.6
36.5667
47.65
63.1333
41.9333
13.3
48.4833
28.8667
25.3
49.9833
30.7
43.8667
78.8333
33.45
32.45
21.5333
38.3833
32.2167
32.8667
65.55
51.75
28.05
38.9833
38.7
39.9667
51.65
49.3333
18.4167
42.5
29.6167
24.5667
48.35
48.4167
28.4167
64.2333
54.0667
23.35
47.3333
59.8667
43.85
37.7167
41.6167
47.6833
41.5167
44.5167
30.6667
47.3833
36.4
30.2
34.7167
33.3667
35.8
38.95
45.9
40.85
33.0667
28.7167
36.55
28.9833
36.3833
24.4667
52.7833
16.4833
29.5833
46.3167
50.4
67.9667
55.95
21.1333
49.3167
36.1667
38.6167
48.7833
54.1833
24.95
38.8333
28.2833
46.3667
42.4333
45.7667
26.7667
49.4167
49.4333
56.4833
23.8667
37.6667
45.6
30.2333
48.2333
14.85
54
30.7833
22.6167
26.35
29.2333
23.4833
33.7333
30.6
34.1333
58.4333
30.7
56.3833
61.1167
28.75
34.9667
29.2667
27.4
39.95
43.8167
48.6
23.3167
35.0167
46.0333
37.75
38.95
28.0667
31.6167
53.5833
42.6167
28.3667
52.7167
37.9
48.65
16.2
34.5167
41.4167
61.9833
24.2
42.1833
35.8833
18.4833
52.6667
43.8333
43.5167
42.75
20.2
48.1833
43.7
21.9667
21.1667
27.2
23.7833
17.0833
44.0333
23.2167
49.8833
32.8333
15.95
34.2333
30.9
33.25
51.7333
22.2833
41.35
31.1667
42.05
33.65
30.1833
31.3333
38.45
38.4667
42
36.7167
38.3
36.9667
17.5333
29.9833
35.6667
21.4333
25.2
34.3667
21.2167
28.5833
21.8667
36.7167
59.0667
31.7
43.1333
43.8333
37.4167
45.0333
50.1
27.9667
10.45
25.3833
56.2
28.1167
36.0333
52.9667
41.9
41.85
29.15
38.4833
47.15
35.9167
22.6
38.6333
30.4667
29.6833
40.4333
38
46.1167
35.5
27.8
33.0167
35.6333
29.8167
44.6167
49.1
16.1833
17.7333
41.2833
35.0833
47.8667
29.35
21.05
15.3167
31.9833
49.8667
47.3
19.2833
38.95
30.6167
29.0667
27.5667
40.6333
24.6667
27.8167
37.9667
36.3
57.6667
39.05
18.1667
51.8333
15.8
36.1667
27.5333
28.6667
40.45
26.5667
28.35
40.2333
31.1667
28.9667
34.8333
35.45
54.0667
22.5167
53.9833
36.6167
33.4
34
52.7
42.8333
36.6667
23.7333
45.3833
44.3167
29.6167
37.55
38.9333
36.6833
58.2
55.0667
33.75
65.6167
49.0833
31.7167
33.8
35.4667
36.4167
59.4167
49.7667
28.7667
24.9167
46.3333
30.65
37.3167
52.2833
32.5
24.8833
32.3167
50.8167
35.1667
46.8833
29.0667
53.1
36.2333
32
49.1833
15.6833
55.7667
28.8833
41.7333
64.6333
52.1833
14.45
25.4
31.25
37.2667
34.1833
23.1667
54.4
36.7833
41.2333
34.8833
35.8667
23.2333
47.7667
38.9
31.2833
33.4167
21.1333
45.3333
49.1667
35.3833
45.6667
55.1
47.1
43.8333
28.0833
45.5167
39.8667
22.1167
23.2167
17.6833
43.4
65.2
39.15
36.5
30.2333
34.8833
61.1167
35.2333
55.6
38.8167
24.4
45.5
58.4167
39.9167
24.55
29.1333
42.3
30.85
24.6167
17.5667
28.0667
46.2
31.8833
45.2
41.0333
28.8333
58.8667
18.2667
45
23.3333
36.6
43.5333
47.1
16.15
42.1833
49.4333
33.1
37.8833
44.1333
32.9333
26.0667
31.1667
22.1167
42.5167
29.2333
42.55
28.4833
50.6667
37.1667
36.1167
23.7167
40.9833
40.6667
22.4667
45.8333
30.4
48.3333
43.5667
29.1333
20.7
29.3667
32.3
31.5833
38.3
31.3333
37.4167
28.6667
45.3
36.4167
32.9833
35.3833
37.1333
31.3333
23.8667
57.9
33.6
26.9333
23.8667
20.5167
23.1
33.6333
32.8167
49.8667
37.2333
43.7167
78.6833
17.7667
20.7333
53.5
43.0667
31.35
39.3333
37.1
35.4667
21.3333
37.9333
70.7333
42.0833
20.7667
20.5333
23.5167
33.7833
55.2667
45.4833
37.9
31.05
48.9667
31.0833
32.7667
40.8833
49.6833
27.8167
30.05
49.4
15.85
22.7667
18.4333
49.6167
40.7833
28.1
19.0833
29.5167
29.6333
35.7333
40.0333
33.4833
56.5167
28.7833
41.4167
18.4667
41.8
45.9333
33.0167
41.6833
48.75
23.8333
31.8667
51.6
45.25
36.6167
36.35
29.9667
49.3667
37.0333
43.2667
59.8
49.0667
61.5833
34.1333
41.3167
38.8333
37.2833
22.3167
43.3667
28.55
24.1167
37.35
39.3333
46.8167
25.55
32.5167
30.5667
43.4667
26.9
27.8667
25.4
31.25
46.8167
60.7
22.5333
19.2333
37.75
54.45
45.4167
24.3667
31.7333
33.1167
25.5833
22.1667
45.9167
32.65
31.8833
29.9333
30.7333
37.1667
51.6333
38.9
42.6167
20.0167
43.6167
36.4
36.3333
24.3667
60.5667
57.1833
65.8167
38.8333
30.9333
49.7833
52.2833
47.7167
41.4833
46.7833
25.2833
65.3333
60.5167
52.0333
50.1833
36.9167
31.4167
32.7667
27.4833
24.65
29.85
28.7333
24.9333
48.3167
44.6
53.8167
40.6833
24.0167
63.2333
28.1
45.5167
37.9333
34.75
15.3667
36.25
37.4833
44.2167
37.1333
38.8333
54.4667
17.15
33.9
22.75
30.8333
45.5
50.45
33.9333
45.3
35.4833
38.2667
22.0833
55.8167
57.3
41.5833
18.35
24.5333
34.7333
31.2833
67.1667
30.65
41.2
50.5333
58.0333
32.1333
46.9167
42.3
24.8333
17.2667
43.25
45.9
44.2333
22.5833
55.5
59.1
29.0667
16.4833
49.75
37.9333
61.2833
48.55
19.2333
31.8
28.65
15.2167
38.9
72
59.95
40.6
29.9167
42.4333
29.4833
34.5
47.7333
48.5167
21.9667
29.9167
28.3
39.1667
34.75
45.0833
33.3167
37.4
32.0667
23.3833
27.95
68.0167
22.9333
39.3167
29.7
59.0333
35.7333
50.9333
35.8333
23.6667
35.8333
40.6833
28.2833
29.3333
33.6667
21.6167
46.7167
62.8833
29.9667
29
40
29.0333
40.6333
55.7833
29.0833
30.35
30.4833
44.5167
33.3
37.0833
46.8167
35.5667
15.2333
30.2333
48.5
46.65
55.8167
39.0667
48.5
15.1167
38.8167
25.25
52.65
28.35
33.5833
30.7833
41.15
31.0667
55.7333
36.7
30.6833
37.35
31.2
27.0667
28.8333
29.4333
36.0833
17.1167
46.9
26.6833
58.4167
31.9667
35.2
28.55
45
36.65
43.7833
42.2333
46.0667
20.7167
29.05
17.9
35.7333
57.7667
41.8333
40.9333
56.5667
23.2833
40.5833
29.9833
49.8667
30.35
43.5333
22.0667
38.9
33
16.7
46.95
30.7167
25.2333
31
49.9333
34.6833
30.7333
19.7833
42.1667
39.8833
27.1833
44.05
20.5167
33.0833
15.1
43.8667
57.35
39.4833
24.6333
58.6
28.0833
23.5333
44.65
27.5167
32.2833
22.1333
22.9
36.6833
44.2
34.2167
32.3
64.4
29.05
42.6
44.4667
49.5833
33.9833
20.0167
40.8667
34.9
47.9667
37.15
17.0167
36.9833
45.9
44.1167
8.96667
40.35
57.5833
28.5333
56.45
35.15
43.3667
37.65
48.25
29.0667
33.3167
33.0167
31.7333
35.7333
29.5
29.1167
27.9167
40.35
23.75
52.1167
37.8333
38.25
40.95
49.1
42.2
46.6667
16.2167
30.65
40.0333
28.1667
14.8833
45.9833
26.8167
39.2667
45.6167
35.0167
32.8
45.15
18.5833
49.2167
48.5833
38.65
14.6667
38.9333
27.6833
54.25
36.4167
45.1
71.2667
48.7667
40.6667
34.35
33.5667
8.41667
38.4833
14.8667
30.1
26.45
33.7833
13.8667
30.7667
51.7833
34.75
51
14.8667
46.6333
56.5
29.6667
24.8167
28.1833
47.85
31.0833
46.3667
51.25
16.8
16.1667
25.55
73.3
32.7
29
28.3167
40.2167
37.5167
29.7167
25.55
51.2167
51.0833
35.95
37.7167
29.05
46.7667
35.9167
19.45
9.78333
60.2167
37.1333
51.2667
54.0667
41.2667
42.3
26.5167
43.1833
30.1667
42.8667
31.75
35.2667
34.5333
16.5833
48.35
34.3833
48.1333
50.8667
38.2833
31.3333
48.1
48.75
48.1
45.3667
39.5833
30.5
35.3333
59.7833
23.0333
57.4
37.25
50.7333
48.3
38.7667
51.5833
52.0833
43.2833
21.85
35.6667
38.3667
22.7833
43.5667
29.1667
23.5667
38.5167
35.3167
22.45
47.9833
51.9
57.8667
37.5667
50.9
44.6833
44.5667
27.1667
44.4667
43.6333
56.2833
31.5667
67.5833
34.7833
19.9333
29.9667
55.95
28.9167
55.0333
51.8333
62.6167
31.6333
40.6667
23.9167
38.9
35.8333
40.7167
37.8667
24
16.4833
36.9667
38.3833
36.25
45.2833
41.6167
55.2833
50.0167
36.2667
42.3833
50.6167
36.9333
28.9167
38.6833
35.6667
21.9833
40.0833
72.1
50.2167
35.3667
30.2833
30.5667
59.9167
24.2167
65.7833
48.0333
34.9667
37.4667
32.8667
50.1833
49.7667
29.6833
38.1333
27.9833
51.5167
45.2
44.1167
16.8667
38.2833
34.85
16.4
50.2333
42.1167
41.7
36.2333
28.0833
44.0833
49.8167
14.8667
36.2
24.65
47.8333
40.0167
27.2667
16.45
24.6667
35.3167
37.6333
25.65
31.5667
46.8667
51.3333
18.7667
35.2
36.2
52.2
47.9167
45.2667
34.4833
23.9667
32.8667
36.7333
54.4
45.6333
27.4667
31.4
22.9667
30.25
59.6833
29.5667
15
65.3833
32.95
41.7833
55.7833
58.2
30.0167
14.8833
37.9
57.9667
47.3
53.1833
51.35
45.0833
17.7333
36.8667
34.2333
62.45
36.9833
28.8167
57.9167
17.8333
26.8
32.0167
29.3667
23.3667
44.05
16.0667
60.9667
30.4667
55.55
36.1667
34.4
37.9333
16.1667
51.75
41.9167
70.4333
40.4667
39.9
34
41.55
29.5167
40.9833
61.75
34.3333
39
60.6167
30.25
27.6
38.3333
32.7667
22.5667
27.8
43.4833
38.4
35.3167
30.4667
45.3333
51.65
57.9833
22.9833
31.0167
47.7833
29.0167
38.65
39.0333
56.9333
28.25
65.7
35.3
31.6
47.7667
54.7833
53.1167
45.55
41.6667
39.8333
20.7667
37.8333
54.3
25.1167
57.7667
48.7833
21.4167
20.7667
65.0667
44.6333
30.3167
24.0833
31.05
22.9333
18.2
37.9167
40.7167
22.1333
39.8167
31.7333
43.9333
42.2167
34.3
30.95
36.2833
25.3833
22.1333
31.2833
33.4667
60.1333
34.7333
39.7667
44.3167
34.3333
61.7167
42
47.7833
37.8333
32.6667
53.7333
47.0333
19.3333
70.5333
22.25
48.65
58.8833
48.3167
49.7
29.1667
53.4
22.8333
49.2667
27.8167
24.5667
39.3167
48
50.6667
30.8667
40.25
30.6
43.1833
28.9833
34.8167
31.6167
36.4333
51.5167
41.25
28.4
29.3333
30.4833
47.6167
43.5
35.9333
61.3
23.7167
44.0667
37.6167
34.2833
11.7667
34.1667
26.55
40.6667
29.3
28.5167
42.0667
33.8167
35.9333
29.2
37.9667
44.4167
33.7
30.1833
56.6333
27.1
44.8333
24.9
57.2167
60.45
29.6667
29.9333
37.85
18.15
29.65
50.7833
29.8333
37.7667
52.4333
32.1
32.5167
21.6167
37.0333
35.9833
53.3167
37.95
54.15
30.6667
42.5667
37.0167
33.3333
56.9833
57.35
31.8167
36.5
50.7333
29.4667
22.2833
50.55
31.6333
16
42.6167
49.4833
36.0167
43.4667
37.2167
44.4333
45.8333
42.2
40.0833
81.6
44.3667
52.4167
26.1833
23.25
28.15
26.2833
45.3667
35.8167
47.7667
45.7667
30.0667
23
45.8
46.65
38.1333
40.15
51.2667
43.3333
29.25
37.7833
30.1167
42.35
45.8333
23.6167
29.65
28.25
33.7333
56.2667
56.7333
32.4167
28.0833
60.3167
51.35
21.5167
23
14.6667
57.6667
33.3167
47.85
39.1833
39.0667
37.4833
45.4667
34.05
31.45
66.6333
36.4667
24.9333
45.8333
38.55
16.3833
47.7833
51.7833
53.15
24.3333
18.1
35.7667
43.1333
50.6
42.9667
34.1
40.0333
37.1833
42.2167
32.6333
45.2
39.9
35.0167
36.9667
29
29.3333
31.45
34.4
38.85
51.85
33.65
57.9833
22.3333
34.1333
16.6333
47.4167
35.0833
27.85
34.9167
36.5667
28.2833
34.65
45.9
30.8667
39.5667
70.5
29.7667
21.1333
35.5333
20.6167
23.2333
23.2167
52.25
55.8667
33.7667
28.7667
17.6167
16.15
38.9333
31.95
28.15
55.8167
63.4167
33.5333
36.9833
29.1
35.7667
30.0833
58.4333
34.2833
25.6333
29.55
32.2
46.7833
22.25
19.05
49.55
30.2833
55.9167
49.4333
51.5833
50.7833
54.35
30.7167
33.7333
53.1667
45.6667
47.7833
23.85
23.7667
42.45
36.8833
30.3833
34.1333
20.85
21.4
51.1
21.6667
31.3333
49.4
40.55
35.05
14.8833
27.6333
23.9833
32.15
10.3
34.2833
34.95
53.25
37.6833
30.5167
23.95
43.4167
47.3167
28.75
48.4667
58.25
34.15
28.5667
23.85
9.55
42.1667
37.5167
16.8833
26.2667
15.1
22.9667
37.7167
56.35
21.35
27.9667
46.3833
49.45
45.9833
34.4833
39.9667
44.4
64.7833
48.3
36.3667
28.85
25.7667
23.6167
31.4167
40.1167
43.7833
32.2
26.4667
31.45
32.95
22.7667
40.55
55.0667
26.6333
60.6833
43.35
40.0167
24.6667
23.3833
35.55
30.2667
41.5333
52.2667
52.9667
8.81667
54.35
42.1833
43.1333
23.4833
58.2
49.5667
34.1167
37.5167
14.8667
55.4
37.45
34.6833
33.8667
45.2833
47.6667
22.7667
21.2333
39.4167
43.4167
56.7667
29.3167
17.5
32.25
36.2167
31.3333
50.8833
53.8833
33.8
36.2833
15.6833
47.3667
16.1833
38.3167
52.4833
35.7833
30.5167
47.2167
48.4167
59.6167
30.0667
41.35
27.9333
52.5667
45.6333
60.55
23.25
42.8333
56.6833
42.8167
29.3
31.4167
38.6833
30.2667
50.3167
36.8833
52.85
43.1167
24.05
39.2333
28.15
39.3833
28.85
31.35
19.5833
37.0333
55.1667
45.3333
56.2167
29.65
40.8833
34.8667
51.2333
22.6333
51.2333
34.15
36.1167
44.6833
47.1167
58.0667
40.3167
34.5167
27.2167
38.4167
17.8333
35.4
24.0833
44.8167
45.8667
34.2
45.35
23.3
23.9833
44.6167
22.25
41.8333
36.8
47.9667
57.4
30.45
40.1333
42.0167
30.2
18.2833
29.0667
31.6333
63.0333
35.35
50.1667
48.4333
40.35
43.4333
48.7833
33.4333
44.75
32.7167
43.7833
27.95
29.5667
36.9833
38.1333
39.1167
44.7667
60.1333
35.7
26.55
29.4833
22.9833
31.1667
15.9167
31.0833
30.8833
35.2667
42.3167
45.2167
39.6833
47.7
26.9
40.5333
20.05
30.3167
28.4833
25.6833
53.75
29.8333
29.1167
24.75
22.2167
36.6167
8.35
25.2667
44.45
34.85
24.4167
47.1667
37.15
29.95
31.3
29.55
31.5
43.2667
33.0667
55.2
22.5
39.6333
51.7833
35.15
59.1
22.95
50.2167
29.25
44.1667
36.1
8.5
35.1333
62.4667
34.6667
38.35
46.0333
42.75
31.1
37.5
30.3667
34.2667
28.9
58.2
51.9167
16.15
65.5
49.0833
38.3667
30.2833
28.1667
35.3167
32.4333
40.35
52.4667
42.3
20.9167
37.0833
22.6667
42.7667
62.95
45.9333
69.2667
44.8167
42.4167
55.8167
28.0667
41.1167
29.7333
52.4667
39.7833
22.7833
35.0167
58.95
32.65
46.1833
30.8833
49.2667
20.95
32.2
18.1333
46.75
16.9667
33.5833
40.7833
29.4833
60.9
22.6833
36.9333
21.8167
36.3
20.7833
18.5167
29.6167
21.6333
58.7
40.9333
17.1
29.9
38.7
28.75
26.55
38.65
36.2
35.7667
32.9167
22.2833
34.9333
40.7333
31.1333
30.1
29.4
46.3833
67.15
23.25
25.3167
46.7
48.3
30.6833
39.3
22.3667
29.6667
29.65
38.3167
32.3333
44.7
40.2167
33.5333
45.05
42.1
38.8167
23.6833
22.3167
49.0333
55.5167
38.8
42.55
36.25
38.2167
41.5167
29.2667
27.3
27.9833
29.6667
35.2333
22.25
28.3167
45.5167
42.55
39.7833
39.3833
39.6167
21.6333
29.7833
40.3333
72.2
49.6
31.4833
49.0333
49.3833
36.5
46.8167
23.0167
21.4167
38.2833
41.5333
27.65
49.5333
43.75
22.1833
31.2333
50.2
32.7167
38.7667
47.75
39.7667
37
22.5667
46.3833
44.3167
20.8667
42.8333
42.35
29.9167
39.35
31.1833
43.4667
45.15
30.6667
29.7
45.0167
35.3333
23.8333
58.0667
36.7833
27
38.1333
47.6333
23.6333
41.9833
15.0833
32.3
42.8
30.1833
46.0667
30.7833
38.1833
41.0667
29.7667
35.4667
22.6667
42.4333
52.6167
28.9167
43.4667
15.8667
22.3333
35.0167
34.0667
41.3167
40.3667
54.6333
31.7667
48.9667
47.5167
49.55
60.2833
35.4333
41.1
38.7333
34.95
23.35
52.9333
25.3167
16.1667
54.45
35.5167
17.6167
34.9333
49.8667
48.7333
37.5833
36.8
15.6667
23.5833
37.1333
59.5333
39.2333
27.75
34.95
13.5
35.2833
69.5167
38.2167
36.0333
26.7833
29.8333
45.1667
35.5667
78.4833
51.9833
59.3
16.2167
60.8167
59.85
29.55
41.7
29.85
41.0833
22.4167
62.7
22.7667
52.8667
34.95
39.2167
39.1
23.3167
17.3
30.1333
29.2667
65.7833
61.1
33.0833
36.4
27.4667
31.8833
47.6833
27.85
28.7333
24.7667
28.3333
52.75
39.6333
33.1
29.9667
33.2667
20.8833
33.8667
25.25
26.7833
28.65
46.8167
38.6833
16.95
32.5833
55.9833
30.6167
43.5833
16.7167
22.4333
45.05
51.65
54.85
57.0667
10.5833
49.4
47.25
37.6667
32.3333
34.8667
28.1667
15.5833
29.4667
19.6667
37.8667
30.5833
29.2
60.9833
38.05
27.1167
42.9833
31.7167
31
15.05
31.8833
60.8333
15.45
31.2833
32.0667
44.55
40.4667
36.25
55.9
30.1833
53.55
18.1
54.9167
47.6167
55.0833
35.7167
38.7667
41.1667
26.2
33.6667
38.6333
21.75
17.2833
49.35
66.0833
47.3667
59.9833
34.9667
27.7667
17.2333
48.0167
29.05
36.7833
32.2333
53.0333
29
7.4
38.0667
43.2
40.3167
36.4333
34.95
29.4
43.95
21.6167
51.9
60.4333
15.2
30.85
33.4
23.8667
37.7833
25.05
15.2167
37.6167
35.1333
31
60.35
49.6333
33.3333
38.55
26.7833
44.6667
30.5333
66.7
58.9833
52.3833
40.4167
35.2833
39.1
42.5833
53.4667
24.7333
43.0667
31.9833
36.1833
67.85
39.3167
27.15
29.8667
36.2333
50.4333
24.9833
27.8667
38.5167
35.7167
45.1333
41.3667
26.8167
23.95
34.7333
32.8
25.3333
44.1
43.8667
31.5167
39.6667
52.15
33.6333
46.7667
35.9167
60.45
73.2667
46.4167
43.0333
33.4667
31.3333
54.2
61.2333
60.4333
26.7333
43.55
56.0833
39.5333
28.0667
54.15
37.6833
35.3667
43.4333
43.7167
46.3167
28.5667
27.05
65.2833
43.5
38.5
34.6833
39.25
41.9667
21.0667
54.1333
38.95
36.2
29.9333
36.8667
24.9833
43.5
14.8
61.0667
30.35
44.7167
48.8667
39
42.55
52.4833
49.9833
31.2
31.1667
32.1
30.7333
15.8667
57.4833
62.3167
28.6667
42.0833
15.45
42.55
33.5333
45.5333
31.4667
32.45
18.4167
37.0833
33.75
47.6
49.7833
44.7333
54.6
49.1667
61.55
28.7167
42.4833
39.8167
36.8167
28.0667
22.4167
16.3
35.7667
56.9167
52.7333
34.7333
37.2667
29.4833
48.8
29.3833
35.7667
44.9
27.9167
47.5167
49.2
33.8167
27.8667
21.8
43.1833
46.85
52.65
63.9667
43.95
36.0167
34.7667
8.9
36.5167
44.7167
42.0333
51.9667
44.4167
44.6
36.6333
31.1167
62.7333
58.4333
33.45
18.5
31.6333
55
49.7
47.3333
29.6
21.7833
24.2333
44.0167
28.7333
33.9833
9.01667
44.55
46.4833
41.8167
21.7333
44.4833
24.55
38.3167
34.2667
41.7
31.1833
34.4833
51.95
49.1667
23.3833
27.8
42.7
50.1167
17.9
39.9833
47.4667
50.1667
48.15
56.4167
30.55
37.05
47.0333
54.6833
44.65
30.7167
36.2167
21.7833
38.1667
45.8833
36.2
23.5667
34.9333
52.05
37.2167
46.1833
22.6167
20.0167
23.5
22.4333
40.1
22.4
37.1667
27.8667
39.0833
31.1167
43.85
49.9333
9.76667
62.6833
17.7
47.9333
44.35
29.7833
44.4667
61.8333
47.7333
16.0667
50.6
44.4
34.7833
45.05
46.0667
35.4167
47.8667
17.3667
24.6667
38.2333
49.0333
33.5833
40.3333
32.35
27.4
44.3667
31.2833
31.8167
37.1333
26.45
30.9833
32.6167
33.3333
50.0167
9.55
53.7167
40.3333
30.3833
43.0833
32.6167
15.4833
59.0833
42.4333
21.1
34.3333
23.5667
29.4167
28.8167
50.8333
30.2333
51.4667
16.8167
39.3833
33.2333
61.75
45.5667
46.1
41.95
16.1833
58.7167
8.95
56.9333
24.8333
30.0833
49.2
43.9167
38.7
29.5167
49.5167
51.4833
32.1667
30.05
31.9167
39.55
38.15
24.2667
36.9
32.8833
36.3
36.75
35.3333
27.4833
19.15
34.3333
20.6
35.2167
47.9833
33.4167
15.4667
42.85
37.0833
34.35
30.85
22.2167
15.7667
43.4
47.4667
49.0833
29.4667
45.4667
31.35
50.9
48.4
45.4
33.1833
55.35
27.45
48.35
16.9833
23.4
30.55
34.9333
58.3667
29.7
35.95
30.8
29.45
37.2667
33.4
32.1
25.5667
41.8833
30.8333
33.05
52.85
42.6
44.3833
35.7
31.3167
34.7833
41.7333
27.9333
22.1167
39.9
22.4167
33.25
55.6833
22.45
45.0667
22.7333
30.75
43.15
48.1
38.6167
47.3333
32.6167
25
37.2
57.7667
8.36667
34.6
36.9833
33.5667
35.9333
34.2167
15.9333
35.1833
38.0333
44.9833
34.6333
42.45
47.2667
41.8833
35.35
46.7667
63.7333
27.9333
33.6833
54.45
25.2
22.2833
54.45
24.6833
16.1667
56.6167
23.3167
22.5333
48.9833
41.9667
32.7833
23.3167
35.5667
31.0833
35.3167
36.65
45.1
37.5167
37.4
36.9667
38.55
46.75
48.2667
40.8
35.2333
23.8333
23.85
39.7833
37.3667
36.95
32.9167
25.7167
14.4167
61.2833
41.55
34.75
47.0667
29.5
22.3667
44.05
33.1833
37
41.8667
38.8667
38.5333
38.8667
55.3333
28.4667
35.0667
24.8667
40.9
39.3833
25.7167
34.1333
47.9333
32.5333
29.8667
40.7
19.8
42.5167
30.7667
61.5333
44
52
56.0167
35.0667
38.05
34.95
58.9
54.8167
40.45
38.6667
15.1
37.3833
37.9167
18.2667
24.0667
14.6667
16.5333
28.8167
37.9333
27.25
28.9
37.9
28.8
21.9667
43.1167
24.9333
52.8167
44.35
23.2
23.5167
19.4167
36.85
40.45
23.6167
39.55
37.0167
37.3667
37.0333
29.1333
22.1833
22.2333
45.2
74.95
39.4833
36.2
38.05
40.85
42.9333
56.2667
61.4333
22.2833
30.1333
50.4667
49.4667
35.65
63.2667
28.35
20.7167
29.9167
32.6833
34.4
28.7833
24.6333
42.9667
29.75
22.4167
42.1
16.2167
48.2167
38.6167
29.4167
31.0167
29.2833
47.85
20.7167
38.8333
59.1167
29.0167
38.4333
46.0333
45.75
34.5667
23.2333
60
33.1833
40.75
43.05
37.1667
39.1667
23.9333
22.5667
29.3667
41.2
16.1
46.8333
27.8
42.8833
31.3167
51.95
29.3167
50.1167
42.6167
34.0167
31.9
50
21.25
15.35
37.3667
29.1333
43.35
35.2833
34.0833
37.7667
34.2333
28.6333
52.0333
40.2667
43.0333
36.3333
41.6
52.7
28.6167
35.5333
17.4333
15.5
27.4167
47.5333
29
28.2
22.2
43.9667
25.75
27.9833
49.6
23.5333
40.75
42.45
31.7
30.15
28.5167
48.3167
46.3833
39.7167
29.2833
39.95
37.25
41.85
38.9333
29.0333
33.0667
22.1
34.35
36.75
74.7
34.35
23.4
37.75
41.65
36.4167
44.75
35.8
37.0667
24.0667
50.5167
28.5167
45.6333
25.95
40.3167
41.8
37.1667
51.6667
30.85
50.0333
22.9833
29.6333
40.8
23
37.85
31.9167
47.5
56.4167
41.4167
34.0167
46.7167
36.2333
44.0167
28.9
29.2667
32.6667
26.3833
27.85
48.8833
38.25
52.9167
41.7
21.1833
39.4667
24.4
43.1667
27.8167
36.8
56.75
39.5
19.0167
31.3167
32.8167
38.1667
41.5833
45.5833
33.85
55.3167
8.76667
21.95
59
43.1333
32.2
43.0833
21.4333
37.1333
24.1167
23.8667
41.5333
38.5
18.15
43.0667
30.7
31.5
39.25
49.9833
40.6333
42.0333
52.2
38.3667
34.5667
23.4333
35.0833
22.35
47.15
29.55
11.7667
31.1667
38.0667
43.1
39.4
47.7667
31.4833
36.9833
36.6833
8.28333
35.75
33.7333
28.35
23.2167
49.4833
27.7167
44.3833
53.3333
45.5
28.6167
72.4
36.6333
46.0833
28.4333
35.4667
22.0667
62.45
57.9333
22.9
24
44.6
40.95
44.0667
30.6667
53.3
36.5833
49.0333
20.7
22.2
39.6167
35.25
41.9167
36
31.0667
21.75
51.9167
23.8167
54.75
28.9333
29.0833
24.55
29.7833
30.1
36.9333
52.5
59.2167
46.2
40.5833
20.2167
42.2333
35.3667
36.1667
29.85
31.4833
24.15
24.3833
28.9167
45.4667
40.8333
46.7833
23.0667
16.1167
46.7333
30.7167
52.5833
14.8333
47.7167
29.85
22.4167
40.95
52.0167
22.1
42.9833
29.45
48.3
42.2
30.6
35.15
65.7167
52.5
31.7833
24.9
62.6167
22.7833
22.8
34.95
31.3667
58.9667
42.45
27.6667
48.8
36.9167
27.3833
24.9667
51.15
39.0333
31.1167
40.2
57.8333
21.5333
28.9833
48.4167
30.9
57.3
25.6667
34.55
55.9833
17.7667
48.9167
36.0833
63.6167
45.3833
46.0667
34.55
37.45
39.55
38.4833
61.7833
28.8167
41.0167
38.0667
41.4167
70.5
37
41.2333
55.1833
35.2833
21.6667
36.3667
28.75
22.7333
45.3333
26.8667
71.5333
33.35
23.8667
43.4333
45.4
39.55
30.0333
44.6833
49
24.0667
32.2333
47.3833
31.7833
41.4667
17.1833
16.3833
48.7
44.7333
28.2833
39.1333
31.2667
46.3167
63.9667
46.1833
75.75
36.1167
30.7667
35.2833
39.9
29.5333
36.4667
49.7833
16.8833
48.9667
42.5
36.2167
22.7333
31.6667
42.4
54.15
32.9
40.6833
21.1
32.4333
47.6
16.2667
16.8333
31.7
56.9667
22.7667
21.9333
41.4833
33.15
48.9333
28.4167
15.7667
42.3333
79.6333
40.9167
24.3167
44.7167
36.4
24
33.6833
35.6167
42.0333
30.4833
32.85
28.3833
25.5333
44.65
32.2167
31.8833
44.5333
17.3333
34.9667
43.6167
41.8667
23.8667
30.0333
22.6167
33.5
45.65
37.9167
38.7167
36.3167
31.25
47.9833
38.8
30.7667
35.8
46.4833
15.45
31.9333
41
70.7333
36.9
26.7333
16.6333
35.9833
32.9667
15.5667
39.5667
20.1667
47.1667
46.6833
20.7
54.05
46.4667
36.55
32.8833
55.4833
50.35
38.8167
33.9333
43.3667
20.7333
43.5833
44.0667
26.1667
37.3333
45.4167
20.5833
33.4333
42.15
42.5167
45.3333
49.4333
29.1333
37.85
38.5167
23.0333
29.3833
37.7833
61.05
22.7833
35.3333
40.4667
19.1833
41.35
43.9667
36.6833
35.8833
24.2167
30.7833
46.4833
36.65
34.45
43.6833
32.1167
54.3333
46.45
43.7
65.8667
32.75
40.6167
40.1667
37.7
37.1333
37.2
29.5167
50.0833
31.1333
31.2333
27.7167
21.1833
43.3833
51.7
32.8
51.55
29.1
46.9167
37.6833
28.7
18.5
56.1667
38.9833
29.8167
29.6833
43.9333
23.9833
58.7167
64.5167
24.4833
51.2833
47.8
29.8333
33.35
38.45
15.9333
20.5
47.3667
23.9833
73.3833
34.0167
36.3333
38.1333
21.3167
29.55
15.0333
53.05
44.2833
40.9833
54.6167
56.7333
43.6167
35.1833
57.9167
29.5
56.35
16.65
25.9667
48.7667
60.4
46.55
47.3833
42.3333
27.05
31.05
18.0833
30.7167
23.9833
40.5
32.4167
47.3167
15.4
40.6333
23.5
35.85
24.6167
55.6167
16.05
48.1167
57.4
40.0167
47.6333
31.0167
28.45
45.6333
29.0333
29.0167
33.3333
44.1167
36.5667
46.6833
27.3
45.3333
27.0167
36.5
21.2167
42.4333
28.3333
47.35
49.3667
36.0167
35.8667
30.05
50.2833
49.4667
14.55
35.1333
25.8167
34.8333
24.5333
44.7
47.4833
43.0333
45
52.2667
21.6833
16.4
29.8667
24.1333
33.8
49.8
31.8333
46.1167
38.5667
44.9333
37.6167
76.65
44.3167
15.3667
43.5167
46.7167
35.0333
55.85
46.9
30.0833
23.3
15.5
46.6667
43.3833
15.05
26.7833
21.3667
48.6333
27.0333
35.9167
26.3167
54.5167
43.05
31.5333
23.35
61.3833
39.0167
45.45
46.25
38.1333
32.8333
36.5667
23.7667
41.8167
31.4333
24.1
22.8333
33.0667
33.7333
23.4
23.1833
39.7167
37.9333
28.8667
63.8833
37.35
25.9667
38.3667
28.3167
31.0833
47.85
24.1333
35.25
57.5333
45.7333
22.65
42.9167
46.6333
26.3833
44.8333
26.1333
60.5167
30.3333
40.6167
55.9667
36.8167
45.3
36.8
58.45
36.9333
34.55
30.3333
24.6
40.3
31.8
43.1333
35.7833
22.7667
39.15
22.4
55.4667
33.9833
22.0833
23.7
35.2167
36.2667
26.3
72.2333
42.4167
62.5167
28.1667
25.4333
59.5667
32.9333
29.5333
38.85
53.3167
33.9833
38.6333
46.6167
50.4167
21.15
96.0333
48.95
22.9667
29.8
52.7833
48.9833
24.65
20.1167
22.3
36.2333
57.6167
50.4333
54.9667
40.9667
36.1167
34.2333
33.45
44.7833
42.3
37.5167
22.05
28.85
41.7167
41.3
27.2667
24.2
46.55
22.3
35.6667
52.85
28.6667
49.95
46.65
56.6333
26.6
33.3833
34.6667
33.6833
34.1333
32.9167
36.7833
33.85
52.4667
34.2167
61.55
41.8
43.6167
35.3833
35.6
33.9167
50.3667
22.4167
45.5333
41.9833
47.25
38.2333
36.3667
27.75
36.1667
26.9167
22.05
8.9
26.5667
43.1333
28.35
41.5
23.05
34.25
57.35
61.6667
46.7833
24.2833
40.9667
30.25
41.3333
29.8333
27.1833
37.6667
36.7667
24.5833
38.55
37.8667
14.5833
38.95
54.55
36.75
55.1167
37.85
39.3833
51.1333
24.1167
39.8833
61.5
40.6333
64.9833
47.9833
19.9167
40.1
29.9333
23.9667
29.7667
28.05
22.2167
60.65
28.1
38.2167
42.6833
57.4333
36.7833
61.05
24.9833
29.5667
38
27.9833
43.4333
59.6833
44.75
21.0333
35.45
37.5167
22.8167
30.6167
32.1833
30.6
19.8833
41.1167
24.6833
29.5167
36.0833
22.4667
46.1333
38.5667
15.9333
38.0667
35.2
56.4833
50.3667
47.6833
40.3333
24.4833
23.8167
22.4667
56.9333
16.9
45.6833
56.8833
35.7667
11.5333
25.9
29.0167
60.8333
43.8
24.5667
30.1167
44.8833
28.6167
24.45
41.0167
67.3667
22.5833
45.6833
54.9833
64.95
58.0167
31.1
40.35
29.2333
23.2333
23.4667
16.8333
40.1167
56.3
46.0333
32.4667
16.5667
28.0333
16.8
50.5
31.4167
36.85
47.4
40.65
24.55
44.6833
43.45
65.0333
50.8333
17.6333
71.4
41.5833
16.6333
37.2167
55.2833
43.55
39.3
28.85
49.05
40.2833
23.5167
35.7
28.7333
60.4667
37.8833
39.9
50.6
29.7667
43.7667
47.6167
53.5333
47.4
53.6167
38.3667
33.5833
43.7667
30.85
35.0167
44.7333
56.0167
40.85
45.9833
45.7667
28.2167
17.6167
30.6167
42.2167
39.4167
35.9167
31.3667
50.5667
48.7667
37.1333
36.25
31.5
26.2333
45.3333
40.7333
38.9667
53.9
35.1
43.15
31.8667
58.9
31.7833
23.4167
31.5333
30.95
49.6833
40.2667
40.9833
44.75
32.8167
45.4
54.8333
44.2333
29.5833
59.05
38.0833
30.1333
41.95
44.4333
15.2
22.2333
42.5
40.6
28.9833
23.1833
41.0833
30.9
16.4167
52.5667
23.75
41.75
14.5333
40.2333
29.6167
23.05
27.3833
37.15
24.8833
35.05
35.15
16.1
40.0333
22.1667
61.6167
47.75
56.0167
27.35
45.7333
31.2333
55.6
31.35
43
23.45
36.4833
35.75
21.9333
42.3667
44.7833
15.1167
43.2333
45.5833
40.6667
47.9167
34.0833
43.0833
37.3333
33.35
25.7333
31.2333
23.1333
27.3667
30.8
43.6667
50.1333
30.9167
29.1667
32.8333
37.1167
37.05
35.2
20.5
41.8667
36.6833
40.35
34.6833
50.55
28.45
32.6667
44.45
51.0667
26.2833
37.2667
46.1167
17.3
35.9167
21.5833
44.8
22.3833
34.3667
35.5333
30.2333
52.1667
43.6833
33.25
23.15
37.4
34.8
33.45
34.9167
30.65
23.9
44.5167
45.7
34.6833
29.5
35.3833
22.4667
43.0333
23.6
29.3833
23.5167
25.9333
155.55
39.9333
50.4
29.4333
50.7333
8.86667
25.6667
24.9167
37.1167
23
28.85
47.1333
26.7833
49.3667
37.6833
43.8167
44.6667
31.5833
37.4333
39.9833
31.6667
23.4
40.0833
37.2833
8.85
48.8667
36.5667
30.2667
27.2833
10.1
38.3
55.6167
22.2
55.95
29.95
51.6333
36.45
31.8167
50.05
41.3833
50.4
22.9
31.2667
31.8333
47.8167
29.0833
34.8833
54.1833
37.5333
35.0833
22.3
21.7
71.4167
34.35
26.3833
57.2333
37.0667
37.9167
42.4
62.5667
32.0667
42.8
37
44.25
48.9667
34.6833
52.05
17.3667
25.8667
15.35
45.6167
38.65
33.3333
27.8667
42.2667
16.15
35.5833
16.75
37.1833
50.8833
41.9
26.0333
25.25
21.9833
57.25
25.4
23.2
27.9
52.6
41.85
55.3167
39.9167
49.9833
34.0833
38.9333
38.95
30.5667
26.6833
45.7333
56.8833
29.9333
69.2
43.5
34
30.3667
32.9667
29.6833
38.3
30.6833
34.5
21.6333
54.8333
49.6
32.5667
38.8
44.3
52.05
44.3667
29.15
17.0833
25.7333
21.65
27.5167
25.1167
22.4167
27.6833
32.5
29.2333
8.8
50.45
34.5167
45.9333
31.35
48.7
26.7333
27.0833
37.1167
35.9
47.9167
48.0667
34.7
27.55
26.1833
16.4833
44.2167
42.2
36.7667
32.4333
47.5167
29.7
48.6833
38.6333
29.85
42.5667
37.4833
19.1333
40.1167
50.3167
15.6
25.55
36.3667
37.8833
50.7667
39.6
40.9333
36.8333
34.8667
33.65
32.45
16.85
58.2167
15.3667
40.65
22.8833
40.8167
30.5667
30.9333
40.1667
28.3667
24.5833
42.2667
22.9833
50.2833
46.0167
26.4833
53.5333
24.4167
35.8667
36.25
48.8667
34.55
23.95
51.8833
33.5833
75.2
43.2833
23.2
22.6
38.9333
43.2333
23.35
22.3333
57.1167
35.0833
32.7833
38.7833
47.1333
45.5833
55.5833
42.9833
49.9667
28.1167
45.8333
33.75
28.8333
55.25
38.25
37.7667
26.45
34.6667
29.45
28.85
54.65
29.4
33.7833
51.9167
45.1
62.8
37.8333
36.7333
51.8833
36.1833
36.7333
34.05
64.1
47.3833
30.8167
37.2167
49.6833
45.2
36.2333
39.2167
39.1333
45.95
32.4833
44.0833
46.6333
31.15
27.3167
60.05
43.1167
28.05
36.15
44.1167
36.15
16.5167
28.7167
36.3
16.5667
36.5167
42.2833
43.9833
45.8333
19.5667
35.6
32.2833
8.56667
39.0167
39.9
41.6833
54.5
32.4167
40.1333
36.7333
33.7
44.3667
38.0167
34.8333
26.45
29.85
40.3667
39.8667
37.0667
28.2333
25.3667
27.65
41.8667
31.4
52.8833
25.5333
53.4167
22.4333
24.0667
27.3833
53.4833
52.1833
21.6
30.8
51.0333
38.0667
42.1
27.65
42.8667
32.7333
31.7
36.2167
25.5333
49.3
8.15
51.0167
29.3333
35.0333
53.55
34.5667
53.2
28.1167
40
42.2667
24.6333
23.5833
47.1167
50.5667
20.3833
40.1667
32.2333
22.9333
45.7667
44.4333
45.6667
55.1167
26.1
41.5
36.05
47.8667
22.7667
42.55
52.2667
50.9833
31
44
21.7833
29.9167
17.0833
31.7
24.55
40.7833
36.8833
34.0833
38.3333
26.85
35.1333
29.6333
14.6667
39.45
15.85
34.8167
15.0833
7.23333
38.4167
43.9833
28.7833
37.7833
47.9333
29.6833
48.35
25.6333
22
28.1
44.2
51.95
32.2167
38.2167
9.66667
40.35
43.1667
31.3667
23.9
27.3167
30.1833
57.55
55.45
51.7167
36.3833
58.2167
38.2
29.8
18.6333
16.25
85.8167
23.1167
29.0167
30.55
32.4833
17.4333
37.45
28.4667
51.05
44.7333
32.5333
34.35
29
42.6333
23.8167
27.9167
23.8167
23.8
39.1333
42.5667
41.7
24.7167
38.25
50.4
52.7667
33.4
26.9333
37.6333
33.85
29.8
22.1333
40.3167
35.4167
21.9667
29.6167
59.8333
24.1667
67.6
38.25
25.75
30.85
24.7833
40.3333
31.05
24.0333
39.05
17.1333
29.4
30.0167
30.1
45.75
42.9667
30.0667
29.6333
43.85
43.85
45.8
24.0833
45.95
52.6167
36.5
34.95
43.8333
32.8167
35.1167
28.1333
36.4167
68.1667
42.8
29.1333
33.6
22.4333
30.3833
46.4667
28.0667
57.85
32.0833
38.8833
15.4333
22.3833
29.65
23.85
52.9667
15.7167
45.9167
35.9
48.8667
60.95
43.8167
37.1667
35.3833
25.4
17.2333
37.0167
65.8333
33.1
24.0333
29.6
58.55
23.9
28.6333
62.9167
21.1833
39.7667
43.95
36.5333
38.0167
54.95
33.4333
24.0833
50.3833
59.45
41.3833
40.6833
35.8833
32.8
35.9
40.7833
30.1667
15.45
36.7667
42.1167
29.5833
33.0167
31.4167
23.0667
52.4
51.5667
58.5833
34.7833
41.75
37.8833
30.75
36.4333
55.8333
61.1
28.3
35.8333
34.9667
30.8833
51.1833
51.1333
41.25
44.5
36.2833
22.0167
52.3333
27.8
34.7667
32.9833
58.05
64
29.9167
41.3167
46.7667
23.3167
31.5333
45.4833
29.85
44.1667
41.3
34.9333
29.9833
57.0833
32.1167
52.45
27.75
39.0167
44.9333
9.11667
43.1333
39.7333
65.3333
44.7
41.7833
45.9333
32.0833
39.0833
24.25
22.6667
38.4833
16.85
38.0167
23.9333
44.45
37.3167
37.9333
28.8
47.4
40.85
23.3667
42.3167
37
36.15
22.8667
34.6333
44.3833
49.7667
55.6667
16.7
27.75
33.35
32.1333
35.1667
36.8333
36.8667
49.8667
52.2
65.8333
38.8167
21.2
33.8
36.7167
30.4167
54.3667
39.5
39.5333
62.25
41.5
31.9667
55.15
21.2167
47.5667
48.5333
31.1
39.7833
55.5
50.6667
46.5833
54.9833
61.8667
31.2833
35.7
51.6333
24.55
24.3833
23.25
27.3167
40.7
25.1333
34.9667
35.2833
21.2667
62.2167
36.1
37.2167
66.5167
35.7
28.9833
78.1833
35.1667
47.2667
26.55
47.8667
50.2
52.7667
18.1333
41.0833
38.7833
31.2167
47.55
38.5333
75.65
24.8333
26.2333
56.3
25.0833
43
44.4
34.8167
42.85
41.6167
52.0167
37.5
32.3167
55.8
41.1
52.0667
29.35
47.8833
33.8667
37.5333
29.65
31.8667
53.0667
52.2833
21.4667
28.6
31.8167
44.5833
43.4167
38.6
36.5
36.9
46.3333
51.95
30
33.15
36.9667
49.5167
52.5167
37.4
46.6
23.8833
55.25
37.95
37.75
31.9333
16.6167
48.85
27.9333
25.7333
27.7333
32.7
51.9333
26.35
22.7
44.8667
43.7833
23.3167
35.5
41.9167
44.8167
59.6167
45.05
53.25
44.2667
34.6167
18.2
21.8
32.6
18.45
34.5
41.05
60.0167
15.65
52.8333
14.9333
21.4
7.55
88.4167
46.5
35.0333
22.4833
40.1167
43.4167
36.2833
32.6333
22.1167
31.25
22.6167
48.6
18.6
34.3667
20.5167
29.4667
46.7667
34.5667
21.15
44.9667
35.05
49.55
16.8667
47.7667
20.9833
25.3167
51.8833
32.4
48.7167
43.6333
44.9
60.1333
53.6333
46.3833
36.1
32.55
35.9333
23.8833
40.55
32.4333
33.6333
55.8667
42.1
36.1333
22.65
48.35
34.65
22.85
16.8
40.4
49.1333
41.45
69.3833
42.1167
28.1167
31.6833
23.55
34.0333
43.3
45.9667
48.25
34.95
45.3333
36.9833
33.8833
40.8333
35.45
28.9667
32.3667
45.9167
43.4833
53.5333
16.5333
32.5667
47.9333
9.01667
46.7833
38.3
22.9667
29.3667
35.4667
51.4167
46.2
30.35
27.6667
37.7167
26.5167
38.1333
34.3167
16.7667
55.45
39.2
30.6167
36.8833
29.2333
9
46.05
49.55
43.45
58.0333
47.6667
38.65
57.7833
39.95
25.3
30.9
53.0167
30.3333
34.5833
30.4
25.4667
45.6
43.5667
31.5667
38.6833
46.6667
34.3667
21.5333
23.3667
33.8667
54.0333
29.7833
41.85
22.8167
58.45
34.8167
54.4833
35.4167
49.1333
41.0833
21.7833
41
24.25
44.7167
44.85
44.25
21.5167
54.6167
43.3167
15.95
36.3667
31.5
24.15
37.6333
53.8833
24.4833
23.1167
34.55
37.55
37.05
23.85
31.85
29.5833
56.9
36.9333
30.75
23.6
24.5667
51.3
21.1167
39.4167
26.65
30.4667
35.35
45.9833
65.5333
72.3
21.0667
28.2833
45.9833
32.2167
25.8
41.7
35.9333
57.2
44.3
40.1333
51.7333
45.6
35.9167
46.6333
47.1
45.6167
37.35
49.6167
36.75
28.45
14.3167
20.0833
41.9333
16.2333
32.0667
39.2167
31.9667
37.0667
26.3333
34.4667
43.7833
22.4833
39.6333
33
44.3833
21.8833
19.6167
23.1333
31.9833
33.5
63.1
20.6667
29.6667
33.2
33.4167
50.2833
83.6833
30.2167
46.5
50.2333
51.4667
29.8833
53
41.6667
40.65
48.5667
15.1333
49.4333
44.7667
23.5167
31.4167
34.6833
47.0667
68.2667
34.6833
45.1
36.1833
46.6
21.5833
36.1
48.2833
29.8167
27.8833
40.55
21.6167
52.4833
22
43.25
53.4167
35.3333
29.2833
8.96667
28.8333
31.3667
39.9833
23.6
30.8167
29.75
64.2
24.05
36.9833
29.7
17.7167
33.8
44.2167
35.2
41.2667
68.8
41.9
49.1
34.1167
48.45
40.05
54.7667
26.7167
25.8167
42.4833
33.6167
46.0167
31.3667
41
40.6
43.8333
64.3833
35.6833
45.4333
27.0833
29.5333
23.45
31.8833
23.5333
35.25
68.1833
36.6333
29.8833
59.6333
35.75
35.7333
23.3667
38.2
37
37.9833
21.85
39.2
46.2833
36.1167
31.7
28.6667
20.6667
38.15
26.4
34.1
40.45
42.2167
29.3167
49.2667
43.3333
40.9167
22.3667
39.8667
21.95
16.8167
39.7
27.6
39.5
46.6
29.9667
29.4667
25.0667
40.0167
63.6833
40.1667
21.1667
60
33.3167
66.4333
53.3833
37.65
44.1667
29.6167
24.2667
37.8667
52.8333
48.75
33.4
47.2
15.3833
44.2667
22.35
44.0333
26.9833
29.6
49.7
65.3833
47.85
25.8667
33.7333
50.7167
45.4333
38.85
44.1167
40.5333
67.7833
29.9167
30
51.8667
42.9833
40.5
18.6833
69.5833
29.6833
66.2833
34.55
49.45
35.5833
51.6333
28.4
19.3667
37.0667
41.3
24.2
30.25
32.7
47.8333
33.2667
35.05
38.4
53.7667
41.15
34.5
29.5
27.4833
23.3
31.2667
60.3333
27.1333
46.4667
39.55
36.6
60.0167
69.7333
56.3667
25.5333
29.8
40.7833
37.3833
43.2833
8.2
54.7167
45.5333
49.1667
35.6167
41.3833
34.6167
43.75
25.8667
35.5833
59.5167
29.35
37.2833
28.5833
45.9167
38.7167
23.3167
48.1167
57.55
52.7333
42.1
31.9667
31.15
35.4833
53.3833
40.7833
32.8833
43.2667
58.9667
42.15
22.4833
44.4667
31.3333
23.8
30.4667
34.5
31.9167
21.2667
44.4833
29.2833
50.1333
42.8667
42.1
47.7333
28.2667
22.2333
23.4167
48.05
37.0333
14.1167
51.6833
17.7
55.8167
27.65
45.35
22.6167
29.6
41.2833
53.7833
52.5167
38.6833
31.0333
22.8
27.6
21.7
27.8167
29.2833
51.8667
46.2333
49.8667
28.3333
58.5167
46.5167
35.7833
21.9333
34.3333
39.5
27.7667
27.3167
41.3167
29.2667
26.8
57.9333
22.35
44.45
48.5
46.4
45.5
43.5167
42.85
55.5
53.0667
27.8167
21.3
33.6167
33.8333
54.75
46.9333
43.7167
28.4
39.4333
36.9
66.2833
42.7833
31.6833
36.6667
43.35
42.1333
28.1333
15.8167
39.0833
55.85
28.9167
26.1333
22.6833
19.35
16.15
44.5333
30.2333
44.65
47.1667
55.6333
15.1833
34.8167
25.8167
28.45
31
39.1833
28.6333
42.7333
31.1333
30.1667
47.2
42.7167
22.2333
39.6167
45.5
40.6167
49.9
37.55
37.8167
30.7167
21.1167
57.9
43.3667
36.9333
42.7
51.1333
21.85
37.7
42.0167
37.0667
39.0667
10.3667
43.25
28.75
30.9833
31.9
49.8
42.75
52.7
52.7333
55.9833
33.3
52.1333
24.2333
60.4833
56.7333
22.4833
37.2
23.1833
38.3667
22.2
45.2
35.95
18.1833
41.0333
28.6
35.6
14.8667
28.9333
49.0833
29.65
45.5667
33.55
23.2333
30.0333
31.0833
37.4333
52.6833
27.9
33.95
21.1333
23.0333
58.5667
46.3667
52.2167
46.0333
36.8
37.2167
28.6
22.7167
52.7333
19.2333
36.3
14.8167
29.0667
41.8167
25.55
44
39.6833
39.8
52.0833
32
56.1167
16.9333
28.5
34.1333
29.1667
36.6167
39.2
33.0333
48.15
15.1167
30.8667
46.5667
35.2333
24.5
43.8833
51.4833
53.8333
52.3833
58.2167
31.15
29.1
57
16.6667
54.4833
51.5167
28.6833
38.8833
30.5667
28.1
16.4667
28.35
56.1333
62.3667
43.7333
41.2167
26.7333
53.2
55.2667
26.9667
74.5333
40.7833
64.15
36.6833
34.0333
45.8667
53.8667
34.7
40.4167
36.55
57.25
46.5667
30.7833
26.55
43.5833
31.1833
34.05
37.7333
65.6167
29.9
41.7
27.2667
47.8833
37.05
49.9
48.65
60.3
35.3167
36.9833
19.2833
42.4833
24.1167
53.2167
36.0833
33.1667
23.1167
28.25
22.6667
53.25
25.8333
31.4
47.7
45.1333
24.9
43.9167
44.1333
35.1
35.65
31.8167
33.6
42.5
26.6
33.4833
35.0667
20.2167
29.5833
28.9667
22.3
45.5833
31.3167
30.9833
70.2
27.6
41.05
28.5167
56.5167
16.4167
10.8167
47.6667
28.8
36.7333
24.0333
37.0167
45.3667
22.6833
43.8
28.9833
32.25
15.6
43.4667
30.2667
54.2333
36.5
44.5
58.1333
35.95
52.4667
22.4167
39.6
29.7333
35.05
57.95
48.1167
43.9167
42.4
33.4833
38.1333
14.7667
42.7333
43.4
43.3667
45.55
41.5333
29.2167
22.9333
17.2333
55.5167
51.6
36.1333
24.4333
50.1
33.7
32.6167
45.9333
45.4
44.1
31.8167
34.9667
60.8833
35.1333
24.2333
62.7333
15.3667
27.2667
23.1833
30.1833
22.2333
23.1333
15.8833
30.6
42.7833
49.6833
33.5667
39.7
21.3
50.0667
63.6333
57.4333
35.4333
40.1833
24.5333
22.4167
22.65
34.9333
48.8667
37.8167
38.4167
16.3333
36.45
41.6333
38.9167
40.6167
30.5167
23.0833
17.3
22.1
30.5333
43.4833
21.65
51.2667
42.2833
31.5167
39.0167
48.6667
31.9333
53.8667
36.3667
54.9
29.3167
32.3167
31.3
40.8167
25.2667
16.5833
31.05
31.7333
31.7
39.3833
27.1
38.1167
30.6333
35.1
40.95
61.4833
50.7
41.15
29.0333
62.1833
64.4333
66.4
27.9833
42.25
41.2667
37.9167
42.75
48.0167
15.2833
40.7667
47.0167
31.65
33.5833
38.65
54.5667
41.15
35.5333
37
22.25
45.5333
67.5
15.8333
28.3667
23.6833
53.9667
40.5833
50
25.6833
43.75
24.2333
44.5833
24.0667
37.8667
51.8333
27.3333
15.35
16.35
55.8
15.5333
61.4
43.8667
27.6167
24.0667
19.7667
30.45
35.4667
45.6
53.7333
45.1167
44.4
21.05
22.2833
46.8667
9.3
41.0667
47.9
21.6667
18.2833
49.5333
51.0333
34.9667
36.8833
28.7
32.4167
56.9833
54.0833
50.0833
49.8833
57.7667
28.5
53.4833
45.5333
30.4
24.0333
31.1
28.8333
33.6667
56.2333
43.2333
37.3333
28.6667
44.45
25.4167
36.5167
49.8667
34.2
34.8
23.7
45.5
33.75
15.85
43.55
30.1333
36.5667
51.15
22.1667
35.0833
22.65
45.1167
51.4167
49.8667
50.35
40.7667
30.35
34.95
71.4667
28.8667
43.45
49.0833
43.2667
45.1167
32.2333
43.95
32.1833
26.0833
27.45
56
36.45
55.2667
29.25
45.1667
36.2333
59.7333
35.0333
24.9333
18.35
21.2333
22.0167
27.4
40.7333
43.1
22.25
29.3333
42.0167
29.4167
26.8333
32.5167
16.1667
26.0167
57.8833
35.8333
33.45
29.0333
16.1667
32.5167
37.3667
65.4833
65.4667
42.5833
49.1667
47.25
24
34.7833
43.95
38.8
36.7833
43.05
35.2833
45.0667
38.6167
45.7
38.8167
47.1667
44.5
14.0833
35.9667
17.5
33.9167
28.5667
28.9167
20.4333
23.25
35.1
33.6833
55.1667
57.65
43.6333
32.7333
23.8
40.5667
31.0833
29.55
42.9667
42.0833
40.5833
22.4333
35.7333
36.9333
65.2833
23.3833
38.7167
37.9833
51.9
23.85
34.6833
30.5167
69.5833
39.2
35.75
32.1333
28.3833
22.3833
42.8
34.7833
20.1167
29.5167
35.5
42
28.3333
36.1833
35.3333
27.4833
16.1333
38.2
23.4167
49.7
24.5
29.65
50.0333
28.6167
44.4
51.55
32.05
38.3667
34.3667
17.4833
35.8833
30.2
46.5333
30.3833
35.4333
30.75
47.65
36.9833
20.5333
49.6667
38.4
14.5
42.65
42.6167
22.3833
28.7833
21.1167
23.75
53.7167
28.55
37.6667
62.9667
61.3167
23.15
38.5167
41.9167
43.7167
32
37.15
43.2667
29.8833
34.7
16.2333
16.6167
26.65
36.1167
55.9167
35.1333
30.05
47.5667
46.9333
38.8333
22.6667
44.4333
30.0667
36.7667
31.7333
64.35
34.3
33.1
50.9167
34.45
33.95
51.2167
14.8333
21.6
22.1167
21.7333
51.7167
29.0167
45.4167
27.7833
43.15
36.1833
52.6333
56.55
38.6333
37.7667
30.7667
21.3833
57.25
52.8667
25.8167
47.0167
51.1333
42.7167
30.8667
38.7333
28.9667
44.0667
33.9167
29.6333
39.1667
31.5667
51.9833
39.8667
51.0667
24.15
31.1333
28.9
37.65
50.9167
21.7833
31.95
30.05
23.7667
24.1333
49.0833
52.5333
30.4333
31.3
37.8833
9.4
30.0667
58.95
17.3333
22.5833
27.7167
35.1833
22.7167
14.7667
15.6
29.3167
29.45
48.7333
21.8667
36.4167
54.6
21.7333
25.3167
51.5333
21.6333
36.3667
17.9167
28.7
47.4333
34.3833
30.3667
51.8
30.7667
24.5667
29.9833
28.25
36.8333
48.7333
58.8
39.3167
39.6
28.75
23.1833
29.25
33.7833
36.6667
21.7667
28.5167
35.35
60.1333
36.5667
23.6167
17.2833
58.65
43.0833
37.85
36.5333
49.4667
28.1667
34.9667
21.95
50.9333
41.8667
48.7
20.8667
15.6667
41.6833
21.8333
37.2833
35.25
34.7333
53.6833
46.85
28.65
28.0333
21.4333
39.75
55.05
46.2667
59.9667
36.6667
48.2333
22.0167
44.4833
29.1833
50.0667
32.9333
41.6333
34.2833
51.6667
34.2667
61.2167
41.7
34.25
36.2333
34.9167
22.8833
35.8333
36.2333
57.4667
29.8833
45.2833
45.2167
25.8667
47.4667
18.1333
30.65
29.8333
38.55
43.05
40.5667
48.5167
36.7167
57.8167
33.7
64.3667
28.6667
27.6833
32.0833
30.1167
33.8167
26.3
30.5833
21.15
21.3833
41.5
36.6667
49.3167
49.3833
46.3
33.2667
27.35
16.25
40.9167
65.8167
70.35
34.4333
48.15
36.35
30.4
59.4667
39.6833
16.6833
20.4167
27.8333
11.1833
49.8833
43.6833
37.35
9.5
63.8
34.2833
28.4833
33.1833
22.8
44.7333
9.38333
28.9
25.7167
35.9167
37.0167
39.35
18.3833
25.45
28.4333
36.45
34.2
9.21667
17.7333
22.15
51.35
52.5667
35.7833
26.6167
22.75
54.15
54.2333
33.5833
28.7833
35.6667
29.05
55.2667
29.0833
31.15
40.6333
35.3
31.2333
28.4833
40.3667
38.7167
29.7333
28.4667
29.1
30.6833
45.6167
42.4667
31.65
46.25
39.8167
25.5333
28.3667
45.2167
53.3167
33.6833
47.1833
30.7833
47.5667
46.6333
59.2167
51.5167
43.1167
22.9167
36.4833
34.8
41.4333
41.4333
29.65
48.45
43.1333
21.95
34.0167
43.2167
50.8
17.2667
49.2167
40.4
32.3667
61.9667
60.0333
32.2
22.7667
29.05
50.4667
43.5167
24.1167
17.1167
39.8833
35.6667
18.0667
18.7833
28.15
55.9667
39.5333
45.4333
28.15
23.5
43.9
41.6833
35.7167
38.3833
43.2
53.9167
40.0833
34.7333
34.0167
29.15
50.85
57.05
51.1
31.0833
43.6167
50.8333
38.5833
57.7167
45.7667
42.9667
38.5667
21.6167
62.9333
55.7667
44.2333
26.75
40.7
33.4667
21.6167
30.5833
26.25
35.05
34.0667
49.4333
54.9
52.25
34.6333
51.3833
47.0667
45.5667
25.4
24.35
75.2833
15.1667
22.8667
51.6667
55.0167
46.1167
21.7667
30.4667
33.4333
31.6
31.0667
41.8667
41.6
29.5667
41.7833
60.05
41.55
25.3167
37.8
44.5167
27.4333
36.1833
24
41.3333
29.55
51.4167
38.0667
41.9167
60.6167
28.6333
23.3667
41.35
61.5667
28.9333
23.9
37.2167
33.8667
26.95
21.1
38.6667
55.0833
37.9
42.35
41.3333
49.3833
52.8667
39.45
37.9667
36.3
38.5333
64.7
30.9667
20.9333
17
31.45
52.9833
38.25
37.9333
29.5167
34.4333
43.7667
30.2833
39.3667
29.45
35.25
16.0833
20.8
44.95
24.4167
27.3833
57.8333
27.3167
27.2667
38.0333
59.5333
50.65
37.1167
28.9333
37.7333
39.1167
50.9167
20.55
40.1167
46.4833
41.3167
27.45
36.6333
34.15
31.4667
42.1833
21.9
46.9167
40.4667
44.45
28.4
45.0833
50.6833
46.1833
63.4833
36.2833
22.5667
56.9667
109.917
37.5333
25.1833
50
55.5
29.4333
38.1333
43.4
45.1833
30.35
44.2333
44.8667
23.3833
23.4
41.2
48.2333
29.2167
25.2
40.3167
54.8167
50.3333
46.0333
36
40.4333
31.6667
20.4167
21.35
52.6833
41.1833
22.0667
39.1833
28.9
29.4
33.2667
39.5167
21.4833
35.9667
24.0167
36.6667
38.7
35
46.85
49.3167
29.4167
33.7833
29.7667
43.0667
15.35
45.35
30.0167
55.1333
38.2167
38.05
35.15
40.4333
32.1
26.6
15.6667
36.4333
28.9
43.5667
46.5333
59.4667
33.95
21.9667
17.5333
30.3667
22.85
37.8333
30.1167
30.2833
48.7333
23.3
32.1333
17.2333
38.1667
34.5333
43.6667
28.75
55.9833
41.3667
31.8
37.1
40.4
35.6667
45.9333
22.8167
55.8167
21.9333
40.3833
30.3667
21.3333
22.35
23.45
35.5333
9.73333
42.5
34.5833
21.1833
50.9
36.05
38.2833
42.8
32.2333
15.6667
41.5
42.4667
34.35
44.1167
37.5667
14.45
35.1667
29.7167
45.3167
60.3167
29.9833
23.7167
29.5333
28.8167
52.8333
50.4
14
46.3
47.9167
64.6
47.95
24.05
43.6167
29.15
29.3667
29.1833
35.5
28.0333
54.3167
29.4333
50.3
44.05
60.75
39.9
9.93333
32
35.6667
56.35
39.7667
33.4167
35.1167
37.9167
30.0833
24.25
51.45
55.9
22.3333
29.0167
23.6
56.3333
45.1667
39.1333
23.3833
29.55
34.8
50.3333
20.7667
50.8833
20.2667
50.1333
36.6
40.9
23.5667
38.15
68.8
33.8167
34.8667
24.3833
29.0167
69.0167
44.4667
38.0167
23.9333
47.3167
23.6333
36.7167
44.1667
37.0333
65.65
41.1667
52.4
48.3
33.6
30.3667
36.1667
50.1167
37.9833
44.05
30.5
30.8667
37.1667
53.8333
22.55
48.7167
42.5167
31.6333
28.0167
58.3667
33.4833
36.2333
41.5667
41.0833
20.6667
30.45
31.8833
15.3833
29.8333
28.55
29.1167
67.2
14.7
51.6167
30.6667
46.4333
55.45
23.6667
22.8833
21.2667
14.8167
66.1833
37.3333
30.3167
35.2167
52.1
47.5667
33.5667
24.7
23.1167
56.3667
30.5167
28.9833
29.1833
28.3333
36.9667
36.8333
24.2167
38.6833
36.8333
8.46667
46.0333
42.0333
42.1333
49.1833
48.45
45.8167
30.8667
48.4833
21.95
29.7333
46.2833
40.1333
40.7
51.3
23.6833
30.4333
46.0667
33.4667
27.6167
29.4333
28.5167
32.7833
30.3833
20.9833
54.05
39.15
50.95
35.1833
42.4
37.9333
52.75
32.9167
58.5333
35.6667
42.0333
8.18333
37.3167
64.0333
64.75
36.2167
48.7167
38.6333
68.2667
43.3
30.4833
52.4
31.3333
41.9833
35.45
40.6167
48.4333
38.3333
53.35
32.7833
46.0167
40.8333
72.9667
30.8667
23.1333
25.8667
48.2833
22.5
31.25
40.6167
38.9167
32.7833
18.0667
40.9667
28.0333
41
36
32.7667
31.8833
29.95
40.0833
15.7167
38.7
28.9167
44.0667
17.6833
27.6667
50.7667
28.95
46.3833
30.6833
35.7667
46.7
34.45
28.4833
56.3333
17.2667
23.3833
31.8333
23.5833
30.2167
58.6667
32.7667
46.8333
36.4167
15.4
27.8667
39.6833
29.4
36.6333
68.6667
40.9833
24.6833
34.6667
25.7167
25.3
49.4333
16.2667
45.3667
30.35
61.9667
33.9833
40.7667
58.1833
47.5667
23.5667
50.6333
30.6
30.4833
65.2833
54.45
40.7667
55.95
21.5167
37.15
43.35
45.45
29.1833
34.4333
36.2833
42.5667
16.2833
25.9333
30.9667
27.8667
53.4
61.25
46.05
18.8
29.7333
42.9333
55.1
43.8667
23.2833
36.5
46.6
26.2333
26.2833
35.5833
33.9167
61.2
28.4167
25.65
43.7833
46.8167
22.3167
55.9667
42.4167
33.3333
14.3
30.7333
54.9333
37.7833
49.25
58.0667
55.4
50.2167
76.2833
38.8333
31.3167
48.8
8.96667
43.5167
19.1833
49.1667
46.8
64.8167
54.1167
44.6167
75.2667
46.3667
45.5167
65.1333
39.7333
51.7667
16.8833
43.2667
24.3167
36.6
35.6167
29.3333
55.1333
38.3667
28.9
8.4
28.2167
41.4667
32.7
36.3
52.6167
45
45.6833
22.1833
43.6
37.0833
43.85
43.3
29.1
37.2
34.4333
23.4833
44.5667
34.4333
27.5
28.2167
27.5333
25.7667
16.6167
34.5833
24.1167
39.0167
32.65
40.4833
35.4333
45.0167
25.1667
40.7
30.9833
41.1667
28.8833
54.0333
28.0667
43.75
32.4833
35.6167
33.6167
43.0333
38.25
21.1667
29.2667
25.2
30.35
38.8333
34.1167
18.9167
60.1833
37.6667
32.1667
29.8667
39.4
30.9833
58.85
31.4333
20.75
40.2
50.1333
33.6333
24.5167
56.1833
47.5667
50.3833
38.4167
45.5167
21.4167
44.2333
33.2167
23.3667
34.2667
38.8833
28.0833
63.65
37.4833
20.9833
23.7333
30.8167
64.85
41.5667
37.7167
34.7667
34.7833
33.4167
25.6
30.0333
27.6333
56.75
46.2833
34.8833
44.7333
25.5333
17.95
24.5
53.5833
51.8667
22.45
50.45
39.7333
30.6
37.9667
34.7833
38.5167
20.85
21.7167
36.5167
57.3667
33.75
39.4333
31.7167
39.2167
43.05
48.4333
33.0333
24.4667
32.6833
39.6
23.1167
30.9167
41.2167
46.75
30.9667
63.95
28.7167
46.95
53.1833
37.5833
63.3167
31.2333
27.65
48.1833
36.15
25.9333
43.7
16.2333
41.5
43.35
37.1833
30.8167
35.1667
16.6833
28.85
28.9167
22.6167
54.95
60.7333
35.8167
47.4333
58.2
59.6333
31.35
26.4667
17.8
39.5667
20.0667
52.7833
33.1
33.9167
31.5667
39.3833
15.0167
41.1667
39.3667
45.65
27.6167
36.3333
22.5667
33.4667
28.1333
22.6667
49.8
57.5167
25.4833
27.7833
23.9167
24.6
42.3667
48.8333
49.6
39.7333
33.75
51.2833
29.0167
37.3833
47.4833
38.55
17.35
33.2167
52.5667
62.4333
52.1833
55.75
21.15
46.25
30.85
47.4167
59.0667
63.4333
27.3167
23.3167
37.2833
41.6333
31.4833
43.05
30.1167
56.0833
26.6
36.5333
31.2167
53.45
30.1333
33.45
35.1833
44.75
50.3333
41.55
32.8
41.7833
30.7333
72.3833
33.8
36.4
21.2667
22.7667
52.4167
54.2
33.1167
32.4167
25.4333
39.9833
28.75
55.5
28.3
50.7333
36.4167
38.8667
37.95
22.1667
38.1
55.4
41.3167
37
41.45
41.4167
52.7
29.5833
34.75
29.7
37.8167
16.8333
20.2
34.55
70.5833
60.6667
36.6167
33.7167
42.5333
33.1
48.65
40.25
30.0667
37.3333
37.8167
38.0167
44.1667
30.4667
30.45
45.95
47.2167
40.8
18.3667
19.0167
31.1
15
23
69.45
56.4833
16.3833
45.9333
26.85
53.7
56.5333
26.3667
46.8
45.15
33.05
31.3667
16.1667
45.3
24.5833
56.7167
30.15
60.1167
34.55
36.5333
50.65
37.3833
26.3167
38.5167
34.9833
43.15
44.5167
29.65
27.3667
26.9667
29.6833
43.5333
19.8333
41.6667
41.7
69.3167
49.3833
46.0667
46.3167
30.1667
32.2667
46.3167
27.5833
29.95
46.5833
34.4667
29.3667
40.5833
50.1667
16.1167
36.4167
60.7833
32.3333
40.7833
39.3167
23.4333
70.6
32.2167
32.2333
36.55
34.3333
61.7167
28.4667
49.4667
24.15
29.1667
35.25
38.5333
42.4333
30.5167
38.35
22.85
23.2
40.6
49.4
31.3
43.5333
58.6833
56.1833
52.6333
31.4167
56.7833
40.9667
41.1
44.8833
34.1167
28.3833
53.7
32.1833
29.1167
51.3167
41.1333
51.8
63.0667
33.0167
30.8833
51.3
36.0333
26.65
29.2333
29.8
43.0167
33.1833
15.6833
17.85
39.4667
35.7167
47.2333
32.2167
38.7333
48.2167
22.1833
62.3167
29.0333
41.8167
52.5
11.5667
31.1333
26.75
41.0333
38
32.1667
29.0167
17.7
30.8167
22.4
29.3667
79.5667
51.4167
33.35
46.3
48.2833
43.8667
27.0167
47.2167
38.7667
64.8333
36.0333
33.5833
34.0667
30.2333
23.0667
37.5333
34.7333
24.3833
41.35
38.25
18.8333
33.7833
20.7667
16.2833
38.5833
32.9
28.4667
57.7833
31.1167
37.3
31
46.7
30.6833
43.35
32.0667
72.45
33.3
44
26.1
37.3667
36.9667
39.9667
32.0333
32.9333
35.5167
30.7833
61.9167
66.7833
34.6833
35.7333
45.6667
39.1333
42.85
23.0333
42.5833
61.1333
23.3167
63.6333
33.7833
43.4667
33.3833
55.8833
27.1833
36.8
26.45
31.9667
38.65
38.5333
53.2667
35.8167
44.4167
44.8167
26.8333
48.4333
23.5167
49.0667
29.8833
46.2833
31.0333
47.6667
48.6333
27.4833
51.3833
39.8833
34.0667
29.5667
44.45
53.2667
37.9333
37.9167
47.6
40.6333
24.0167
25.7
46.2833
53.4833
43.4
36.3
23.8667
43.0667
29.2833
39
32.4833
38.0667
38.3833
40.95
36.1333
34.7333
43.0667
45.2333
34.8167
23.8
23.8333
57.3833
30.1
42.4167
47.9333
45.1
38.2167
35.05
49.1167
38.7833
27.3667
34.3333
34.4667
45.6833
37.9833
30.1833
50.2333
45.6333
38.5167
30.7667
65.1
30.35
17.45
29.2667
29.9833
30.9333
38.05
24.35
34.0167
41.4167
37.6167
66.2667
50.6
37.5333
30.5667
34.4
47.5167
30.2667
24.2833
53.5167
47.2333
24.6667
28.1833
22.1167
58.9167
30.4
42.95
30.4
48.95
40.65
34.15
28.7167
51.9
55.0667
41.5667
54.4333
29.1333
37.5
52.4333
41.5167
29.9667
36.9833
45.5667
22.4833
54.5833
32.8333
51.3833
22.9333
35.0667
45.1167
35.95
57.3833
50.2667
29.6833
35.3
33.25
23.5667
26.3
43.8333
36.3333
44.3667
44.4167
15.3
54.8
28.1
36.5833
26.7667
36.6833
28.0167
50.25
36.7833
23.7167
38.0167
57.6833
31.3333
27.3333
46.0167
36.8667
57.3833
22.6167
42.0833
28.3667
36.2167
37.0833
37.85
45.4333
22.8833
25.4167
40.1333
41.2167
25.45
38.0333
24.3333
45.55
61.05
17.6
19.3167
44.3333
29.2
47.6833
37.2167
38.4333
46.8667
35.5333
35.7167
37.5167
26.7167
52.6333
27.9333
38.3833
54.4167
36.95
47.3667
43.1667
44.2667
20.8833
37.5167
30.4833
36.25
27.4167
50.4833
46.7833
18.6
54.9333
26.7667
47.2
31.1667
42.25
45
54.4167
38.0167
54.55
42.1167
55.3667
15.8167
37.7333
71.9833
47.3833
34.1667
47.8667
14.3667
38.6
63.6833
37.6
66.6833
34.4167
45.7333
35.85
33.9833
28.5667
49.7667
27.3
43.65
28.9667
29.4667
30.6167
43.0833
50.4667
24.2667
46.75
47.3333
38.1833
38.2333
24.1333
27.3333
21.9833
46.4
45.2167
35.1333
22.7667
44.55
33.7333
19.4167
50.6167
32.1833
31.2333
29.8833
41.9667
22.9167
26.2667
41.6833
16.2
38.7333
30.1
26.1167
45.6167
39.5333
24.9667
30.4
23.0167
16.3667
30.8
48.9667
47.2333
55.4667
46.8333
53.3333
28.2167
82.0833
30.6667
42.3833
29.6667
25.8
34.6333
31.6667
33.5333
59.7333
45.9167
44.85
51.8333
23.1
33.25
24.1
38.8333
59.3333
48.3167
50.55
44.45
41.9
57.3833
36.15
30.8167
49.6333
53.8833
23.5167
41.25
31.1667
29.4333
34.4667
36.3667
39.8333
43.5667
28.25
49.3167
23.6167
40.2
33.0167
51.25
20.2167
51.05
34.1667
17.0167
47.6333
44.7833
17.5333
29.35
48.5833
37.7
76.2833
43.4833
37.7833
57.0167
54.1333
27.8
51.3667
32.5667
22.35
30.4167
28.7833
15.6833
53.2167
38.2333
35.6833
40.15
29.65
17.2667
22.1833
42.85
52.15
35.0833
52.45
14.1167
36.4667
28.7833
44.3333
46.5333
50.5667
17.25
49.0167
28.25
30.7667
28.5667
41.8667
40.7333
33.4
56.3167
30.3167
27.9
45.75
39.7333
36.35
36.5167
29.3
17.0333
40.5667
36.25
15.6333
37.6833
25.1667
37.6667
49.8
37.6
19.9167
34.4833
67.2833
41.8833
39.3333
35.3
22.15
67.25
55.3167
34.3
49.7667
49.55
9.86667
51.3
33.3333
41.9
29.9
22.8833
54.35
40.5667
22.6
17.7333
39.25
23.8833
15.05
21.4833
27.8167
36.9
35.0667
36.5833
39.65
58.9
29.0833
33.3
33.8833
45.5833
58.9167
41.6833
34.5333
23.5
46.8667
48.0833
53.05
50.4
31
31.35
23.9
35.0167
9.8
34.2333
15.05
23.3667
30.8
35.3833
20.6667
17.6667
76.15
48.8833
35.5833
26.4833
53.3667
68.5333
43.3667
45.6333
15.9
47.0333
22.3167
42.1
52.0667
49.7
54.8667
39.25
46.6333
31.8833
30.2333
41.9667
49.6833
47.2833
31.3333
26.9333
39.2333
24.05
59.05
14.8833
45.7833
42.6
70.7
44.05
24.9833
57.6167
36.9
52.9333
39.15
35.3833
42.8333
35.4167
67.1333
43.3833
22.1
28.3833
21.6667
28.5167
50.2
49.5333
26.9333
29.25
35.2
14.75
31.8333
34.1
17
35.1667
15.1333
38.4167
46.25
47.65
30.2
30.7833
54.1167
46.1833
68.4167
52.5333
36.8833
18.6167
44.8833
44.2167
26.6333
46.2333
49.7
36.8
38.4167
41.7167
50.5833
42.2167
35.35
53.65
54.4
36.3333
23.5
52.8167
36.1667
66.15
21.75
37.3333
30.05
24.0833
48.25
28.9167
28.25
41.8833
47.7167
21.1167
35.8167
46.1167
41.6333
59.35
48.5
30.65
43.2833
47.9833
35.15
39.0167
33.6333
23.0833
38.15
44.2
35.05
30.0833
56
28.5167
22.6833
53.15
36.1333
42.3
28.95
23.8833
24.6667
41
28.6667
52.9167
50.6667
25.5
30.2167
45.75
36.1
25.4333
35.5
31.9333
21.9833
31.9333
17.6667
32.9
25.05
30.0833
19.8833
47.05
29.4833
38.3
43.7167
22.1167
33.3
39.45
29.45
47.5833
29.25
40.3667
29.4667
37.6
27.8167
38.7333
56.9667
31.6333
52.8667
38.2
32.7
35.9833
33.45
37.25
59.1
79.9167
46.7833
41.1167
37.4333
40.0167
57.15
44.1333
37.25
26.3667
31.8667
41.95
45.95
45.4667
51.2167
28.5333
25.0333
65.3
44.65
29.9
45.8833
21.2833
44.0333
29.65
42.2333
50.7
42.0833
59.3
45.8833
24.7833
25.8
24.0667
70.3667
35.2833
42.6833
45.8833
47.4833
29.8
39.3167
36.8833
49.2333
42.7833
32.8667
47.7667
38.8667
61
25.1667
41.5
23.55
27.5167
48.2
45.8
57.05
30
35.2667
27.15
51.4
37.2333
36.95
29.2833
23.05
44.5333
48.7167
28.6667
33.2667
42.9167
37.1167
20.7667
21.4667
49.45
41.6833
35.8667
44.5167
58.8
31.5167
9.38333
40.45
56.5667
25.2833
32.25
20.8
36.3667
36.6167
35.0833
22.0167
28.9
30.25
24.25
44.8167
29.0167
31.35
17.8333
33.2
30.7333
16.1833
59.4167
41.8667
39.4
38.15
52.8333
46
37.3167
22.7833
38.8333
28.0833
48.7833
29.1667
54.5667
35.1833
28.2333
31.7
30
35.8333
26.9667
38.7
42.8833
43.4667
49.1167
45.2833
40.1667
41.1333
26.9667
33.8167
35.3833
30.85
37.7333
34.8833
23.3
54.7167
48.4667
31.4833
42.1333
25
35.3833
24.2833
43.6333
53.55
43.7833
49.45
60.35
49.8167
35.05
48.05
31.9833
33.8333
12.5333
34.8333
32.6667
29.1167
45.6833
21.7333
47.3833
26.9167
29.6167
24.7333
23.0167
31.15
30.8833
46.9167
37.9667
59.1167
44.65
44.8167
48.5
33.1667
44.4167
41.4667
35.1667
42.85
61.9833
39.9333
28.6833
44.95
45.7
32.1667
36.9833
36.5667
33.45
16.9833
23.6
52.5833
39.9333
38.8833
25.3333
28.3
20.6167
57.95
21.45
25.1833
36.9167
38.9667
48.1833
26.9167
35.3
38.9167
38.9667
48.1667
24.6167
33.1167
36.6333
37.55
35.3333
31.9167
44.3667
42.6333
35.6167
21.8667
35.4
24.0833
52.0833
48.9
39.7
33.5
31.45
30.7833
33.7833
16.8333
28.9833
18.9167
49.6667
69.0667
37.3
51.2833
20.8833
36.8167
38.75
62.4
47.6667
36.1833
36.9167
42.3333
43.0333
28.8167
34.7667
30.7667
32
57.15
38.7167
16.6833
45.1667
47.65
23.6667
22.3667
59.3167
60.9
22.6667
26.9
54
37.6
21.9833
36.5167
28.2833
22.5
36.3
47.9167
37.65
55.0167
44.4333
45.15
21.5167
38.7167
22.2667
36.55
16.7333
33.1833
32.3833
35.8667
35.9833
34.1667
31.6
30.4
39.2167
47.85
27.9833
23.1667
31.3333
40.8667
43.65
36
21.55
36.3333
33.9167
31.5667
37.95
9.81667
23.3833
56.6167
29.4167
22.65
22.7833
16.0167
55.4
40.65
34.6167
39.7167
51.55
33.95
40.4833
46
42.6833
55.9333
35.5
38.9833
28.55
52.95
24.7
44.4
26.9167
45.75
31.6167
29.35
31.95
56.5167
49.65
39.75
49.6
46.85
58.8833
27.2833
34.45
50.0333
25.4
43.2667
43.4833
49.75
64.8833
33.9333
31.35
36.8833
36.2
15.9667
53.3
32.9333
14.5833
7.85
20.25
30.7333
28.25
57.2333
20.9833
31.1
41.2
24.8833
31.25
36.6
36.3833
16.65
34.8333
30.7167
38.6167
47.3
37.3
32.05
34.65
41.2833
55.4167
46.55
36.2333
32.5167
26.7333
67.5667
34.2
32.0167
16.2833
39.4
47.9167
20.85
31.8833
34.4833
34.8833
33.7833
32.7833
44.9
34.7167
26.8
47.6833
35.2
21.0833
32.8167
34.0667
38.6167
29.1167
27.95
42.8833
46.4167
52.5667
31.15
36.8667
45.5333
16.6667
45.65
62.9833
55.15
31.2333
42.7833
35.4667
39.1167
39.9333
34.1167
38.6
45.75
31.8333
41
63.9667
30.6167
39.5667
38.5333
42.9333
49.0333
55.5167
31.1167
37.6833
51.7
25.4167
23.5333
43.75
27.8667
42.7
38.6667
53.1
30.5833
22.4833
38.6167
36.5833
41.4167
24.9
19.05
28.25
34.2667
41.35
50.9833
47.2667
25.7
46.9167
40.2
21.2167
53.3167
21.4667
32.9
29.9833
47.5667
17.45
22.4333
30.5
24.6667
49.3167
42.8333
22.4833
24.9333
24.0333
31.6333
42.4
40.9833
22.7333
28.9833
29.9667
47.2333
52.7667
36.95
43.7667
40.65
51.1667
41.2667
50.3333
30.65
39.3
22.65
34.4333
42.7
49.7
48.6333
20.1833
36.3167
48.8667
43
40.4167
17.05
37
32.8
33.7833
30.9833
29.5
35.4833
22.8333
10.0833
21.5167
42.6333
62.85
22.4333
43.2833
35.6667
39.3667
26.6167
31.8167
32.5
21.7333
43.2333
40.15
51.3667
14.7167
44.4667
22.35
37.65
15.5167
66.1
30.5
40.5833
53.7167
14.9667
35.7833
34.75
32.8
47.45
18.3
39.3333
54.0333
28.3
46.0833
23.6
58.0667
42.8833
23.3333
44.2833
25.3667
51.4667
40.7167
44.3333
15.95
38.0167
45.6833
42.2667
43.0667
22.7
24.15
36.4667
25.0167
18.3333
15.4667
37.6167
38.3833
36.3667
31.3167
36.9667
54.2333
18.1333
31.7833
29.2667
42.7333
40.85
66.5667
32.6333
52.0167
29.1167
38.9
21.9833
31.3167
71.9167
34.9833
42.2333
48.3833
20.8333
43.1833
68.6167
41.8
39.1333
27.1667
22.8
38.35
28.3667
49.3167
39.65
39.7667
31.6
29.0833
44.8333
50.3833
56.8833
37.2
40.5833
9.55
45.05
47.95
24
27.6833
39.1167
49
50.4333
69.1
23.4167
21.2833
49.9
30.4833
23.6333
24.3667
40.2833
34.4333
42.6833
17.2333
45.6667
21.6667
49.95
35.4
39.2333
36.3667
29.7333
31.2833
33.7
21.6333
32.95
28.95
36.8333
40.3333
32.7167
45.2333
40.0667
35.1833
43.95
50.3833
67.95
35.7667
49.7667
55.2167
27.7167
37.3667
30.8333
28.7667
21.0167
27.9667
50.0167
33
42.4167
42.5667
41.9167
38.8
34.3333
37.2333
32.1
38.7
34.8167
29.3
24.5
28.9667
65.2167
21.8667
30.2667
22.1667
26.4833
50.9167
20.9167
29.4833
37.6167
40.3667
38.75
39.1833
33.1
49.2333
28.15
15.6667
46.2833
14.4667
18.15
35.6667
54.2167
46.1167
30.7333
34.2
41.05
20.7
36.5833
52.9833
38.55
29.7333
28.0167
40.3333
44.55
35.9833
28.4167
39.7333
60.2833
41.2333
38.9333
39.7167
25.1833
58.1167
49.3667
62.55
44.8
18.1667
26.3333
26.4833
29.6333
17.9833
26.8167
63.7333
32.4167
16.7667
36.4
15.6667
35.2667
48.3833
27.5333
28.1833
34.7333
30.9333
34.7
20.9
31.95
43.2
49.8833
54.6667
29.4833
28.6
16.8333
50.6833
27.1167
38.05
28.45
42.1667
27
16.6167
26.75
44.1833
51.7333
39.7833
54.1167
56.5833
8
15.3833
50.75
22.8
61.45
27.7167
51.7833
38.0333
54.9
58.9
64.65
31.3
30.6667
42.4333
30.6667
38.0167
45.1667
34.7833
38.0167
50.6667
45.15
20.7333
45.5833
44.35
22.7667
47.7333
46.1667
40.05
36.8833
30.0833
61.4667
37.9
52.1667
24.7167
49.3667
32.5667
50.3167
37.3
40.75
31.2833
27.1667
22.6333
45.75
16.1
20.8333
52.15
52.1
20.75
57.4333
29.5
40.4167
26.55
23.5
21.45
43.8333
35.4
26.25
46.15
21.0167
32.9167
20.4
16.8833
33.65
45.2667
36.4
36.9
61.4
43.05
31.0667
48.5833
35.45
28.1167
32.2
25.45
30.8167
35.6833
23.8
22.2833
51.3333
45.2
52.5333
52.1333
32.9667
39.3
32.4667
21.4333
31.65
49.2167
56.65
37.9333
30.6333
22.4
40.9833
50.5667
36.1667
53.2
31.2333
37.9167
43.8667
47.5
40.7833
29.4333
73.6167
16.6
47.2833
41.2167
33.6
55.1333
28.6
43.6333
40.2167
34.5667
45.1667
62.75
45.1167
43.1167
26.1833
46.5667
34.1167
41.1
36.2833
42.9167
36.8833
31.5
35.4333
26.1167
31.35
36
34.9167
26.95
34.4167
22.0833
43.7167
28.1167
41.8667
40.1333
15.4667
45.2
26.1667
32.3667
24.3833
19.85
26.1333
30.5833
60.9167
36.0667
40.65
40.1167
22.1
32.5833
15.3333
38.65
41.9333
21.8833
36.7833
28.2
9.03333
31.8
62.05
52.0167
48.7167
28.8667
59.7667
66.6833
16.5833
43.7167
44.8833
50.8
51.6333
35.7667
22.5167
30.0667
49.2833
42.4833
29.9167
50.6
42.3833
30.55
49.3333
45.8667
33.75
24.1667
36.2333
35.6333
36.0333
59.9167
50.25
63.2833
42.45
22.6167
42.1333
42.45
35.1
30.4333
44.4
32.9
35.4833
33.2833
24.2333
57.75
36
45.6167
42.1333
39.25
55.65
53.2667
39.2667
50.0667
37.9167
38.8333
41.6333
23.6
32.25
32.8833
36.3667
42.7167
48.9167
30.0333
52.1667
22.2
23.8833
21.7667
59.2
28.85
44.9167
52.1167
49.0667
47.65
32.7167
40.6333
18.4333
45.5
39.0167
37.2
51.6833
38.3333
22.2333
33.25
43.8333
37.9
30.6667
42.7333
42.8667
30.8667
28.8833
35.35
27.7167
30.65
36.0333
24.7167
39.8
17.7667
23.2833
36.85
29.8333
31.3
48.0167
36.4833
16.85
40.95
48.5667
41.7167
61.3833
33.9167
51.0833
21.7667
39.8333
25.3
24.9667
56.6167
55.55
43.45
59.3333
45.5333
18.2167
60.4
59.5
25.1833
40.5833
22.4833
35.45
46.8333
47.1667
29.7833
20.35
28.95
47.45
43.5833
30.4667
54.0833
21.1333
44.6333
39.7833
43.7667
28.8667
18.4833
29.8167
41.9833
17
30.8167
41.9167
14.3167
49.4
36.9333
39.1167
37.6
48.7667
51.4833
30.35
35.65
22.5
52.3167
35.3333
26.4
16.35
31.8667
44.0333
29.85
39.7333
22.8
40.8333
33.9833
31.3667
25.45
28.6333
38.0167
15.0333
51.3667
22.2833
10.35
37.6
35.6833
36.6167
16.9833
37.65
22.25
50.5167
34.2667
48.2
25.9167
37.7
19.65
49.0333
51.0667
28.7333
42.1833
27.2333
57.8667
35.5
36.75
33.6333
32.35
31.1833
31.7333
38.9333
21.6
32.5167
36.9667
51.4
24.0167
30.4833
44.6333
35.2167
44.6167
17.5333
62.55
22.7667
30.9167
39.9833
50.3833
21.75
28.5
36.2
49.3833
23.2167
17.2333
22.1667
38.6
44.0167
48
23.45
28.8
30.4667
41.5167
29.6667
41.0167
40.9833
55.9333
17.3667
29.6667
23.3667
30.5667
34.6167
36.45
34.2833
8.76667
10.9333
32.85
41.05
38.4333
34.2833
35.1833
39.2667
47.8833
40.3667
34.35
18.4833
35.2833
22.6333
39.5333
24.1
38.4833
48.6167
22.3833
32.8667
31.0833
16.5667
43.2667
64.5833
34.65
16.4
22.2833
30.1667
19.85
36.4167
21.6167
23.7
22.8833
41.7667
32.6167
23.45
55.8667
20.9167
51.8667
36.1333
42.8167
32.8833
25
50.7833
26.6167
24.3667
46.4833
29.5667
58.85
47.4167
28.05
30.7333
25.2333
27.9167
57.05
28.4333
25.7833
13.45
24.5167
42.0333
35.6667
28.2833
30.5833
53.8
19.15
45.2667
24.4
16.0833
32.9833
38.0333
28.6167
46.15
55.3833
17.3167
32.4167
43.15
48.4167
60.4833
45.2667
45.65
35.0833
42.5667
22.85
60.4833
58.9
34.5667
45.9667
38.2333
37.9167
29.5333
28.1167
29.6
29.6167
39.6833
51.4
30.8167
42.0667
36.2667
16.6167
15.2167
45.2333
31.1333
46.95
33.0833
35.4667
28.8333
41.95
45.15
35.2
45.3167
23.0333
40.5
54.65
41.5667
17
28.9333
55.3167
33.65
26.4333
48.2333
30.6833
36.4667
47.35
30.7667
40.7833
35.0833
17.1833
24.6333
16.8
45.35
16.1833
47.4667
37.3167
23.6
34.4667
32.3667
30.2
39.55
53
37.5667
27.95
37.35
53.6167
32.65
43.7
14.8333
38.5167
45.4333
54.1833
45.5333
44.9333
40.4333
30.65
52.4
45.1833
37.35
50.0833
30.8333
24.7
50.0833
43.6
37.35
23.2667
31.15
54.1833
42.4
60.1833
21.7333
35.8833
49.2333
37.3333
38.65
42.6167
22.75
38.1833
26.0333
39.5667
48.85
30.8167
43.6333
48.3667
63.5
28.9
17.2833
30.6333
31.1667
29.4333
44.9667
17.9167
53.8167
27.0833
17.6667
30.9333
36.25
24.2
24.7833
24.0333
36.0667
26.7333
30.5
41.6167
34.25
44.2167
34.8167
15.25
33.5833
61.4167
55.1667
34.1833
39.65
35.8833
33.4667
52.45
52.1167
52.8333
28.1667
15.6667
41.0333
34.9833
53.1
53.55
27.7833
46.2667
45.05
34
23.5333
14.6667
35.1167
47.7
28.2333
25.85
56.3167
30.4667
44.9167
38.0333
51.1333
16.3667
45.6333
37.15
15.9333
52.95
38.8833
29.7667
59.4167
43.5833
34.5667
36.2667
29.2833
54.9
30.2333
37.3
42.1167
16.2
38
46.2167
27.8
30.55
16.4
23.55
35.4167
27.7
56.2
21.0167
29.7667
22.7833
23.8
33.2
30.5667
39.5833
16.6333
48.4333
43.5333
46.55
35.1667
35.7333
22.0667
35.2
34.7833
41.6
50.3333
22.2667
51.5333
25.4667
27.15
20.35
33.25
49.5167
42.8667
21.4333
24.2667
43.1
37.1667
28.3333
13.8333
23.1333
22
37.9667
16.05
29.7833
29.75
47.9167
23.2667
49.35
22.25
28.6667
53.2667
37.1667
34.6
51.5333
23.3167
24.5833
31.0667
42.9333
45.6
40.8167
44.8833
48.4333
31.9333
35.0667
46.6167
31.15
44.9333
30.7167
23.6667
8.3
34.3833
42.25
30.15
36.4833
41.4833
38.1333
45.4167
69.6333
22.8
26.2
40.5667
24.7333
37.7333
24.4833
27.7333
37.7
60.9833
32.9667
29.8
46.15
8.81667
31.9333
30.2667
34.5
40.6833
24.6
38.45
66.7
29.2167
25.3833
38.3833
34.5167
37.1
29.1833
28.15
8.83333
31.4167
48.75
66.1333
36.55
29.1833
39.7333
24.6833
28.6167
40.6833
29.6833
42.25
15.85
19.9333
20.4167
43.7833
41.8667
30.1167
54.5667
44.0667
31.75
29.1667
10.15
63.5833
43.5167
23.4667
40.3167
31.3667
32.8833
50.95
46.0833
56.4
23.1667
29.5167
42.9333
52.3667
63.2167
23.6667
29.7333
35.2167
33.2667
29.1
37
35.1667
23.95
53.9167
151.85
48.5
50.3833
33.1667
23.5167
28.1
48.2667
53.25
32.7333
56.8667
44.7167
40.5
23.5833
45.7833
35.1167
43.2667
29.85
33.2833
45.2167
44.3167
30.2667
28.4333
36.95
35.7
14.75
27.9333
35.8
53.6333
21.4833
46.6167
62.5667
29.5333
35.4167
46.9333
8.21667
39.1333
39.95
43.7
32.4667
25.2333
39.0833
43.8167
19.5667
42.7167
28.55
24.2333
47.55
42.7167
35.9
29
17.3167
68.7667
27.3667
32.6333
43.7667
20.8667
40.5667
33.5333
29.55
52.4833
31.5167
27.1
39.2833
28.9833
54.7333
26.85
17.4667
39.2667
28.5167
26.7333
46.15
27.0333
8.48333
32.4667
35.5
27
16.7333
41.3667
16.6833
43.4667
40.2167
47.6
25.25
56.3333
23.0667
47.2167
22.0333
30.9167
49.9667
52.2833
29.5333
26.8333
42.5833
33.8167
40.35
36.2167
47.4333
42.1167
37.7
23.35
25.0833
35.1833
30.1167
35.0167
54.0667
39.25
37.8333
54.7
39
11.0833
28.4833
35.4
22.4667
42.1
19.3167
9.5
28.9333
39.7333
29.7667
25.0667
29.55
38.95
28.8833
13.55
43.7333
31.8
55.1
34.4833
33.9833
32.7667
38.25
32.05
22.4667
42.4667
33.8667
51.0667
51.3667
16.1667
31.9
35.0833
37.0167
38.75
42.4333
41.6667
21.0333
49.9167
39.15
51.3167
28.9333
39.8833
62.4167
50.8
27.1333
27.6333
20.75
28.2667
36.8
22.0667
23.05
39.3333
40.4667
52.5
35.5833
28.8333
26.8
15.25
42.7167
23.1333
42.4333
49.7
51.2
48.55
27.5333
46.0667
34.1
42.65
42.5167
43.2667
22.7
50.1
38.9667
43.7
22.4
40.5333
37.2833
29.4167
48.0167
31.4333
38.9333
37.7333
30.25
14.7667
49.5833
61.6667
27.6667
37.45
52.7667
38.8
28.2
15.85
40.2833
48.2667
42.8833
42
20.6833
35.0333
61.5333
50.3167
38.75
22.5167
48.0333
27.5833
35.65
47.9
20
30.1167
22.6833
37.8333
54.9
46.15
27.7333
29.8
53.2167
40.4333
45.6
38.2167
42.8333
39.8667
69.0833
18.2833
36.3333
15.9667
30.6333
15.5833
16.7333
37.0167
35.5333
28.7167
39.2333
38.4
38.8333
38.4333
50.4333
33.4
35.0667
26.45
46.75
28.7333
30.0833
56.2833
35.3167
33.3833
40.8333
38.1667
19.0167
24.35
34.0833
41.1167
44.3667
42.7333
64.6
51.05
25.6
33.6333
23.4167
22.4167
43.65
48.6333
51.1667
38.0333
35.35
34.9667
35.7167
30.55
33.7167
28.8
34.3333
25.4833
29.85
56.6333
35.4667
22.7333
23.3167
36.5833
35.5333
34.3667
51
42.8333
28.2667
28.7833
18.9
37.0833
51.05
37.4167
39.4333
35.1667
40.7667
42.4
23.9333
33.4333
43.45
34.4333
56.8667
41.8167
30.0333
28.6833
21.9333
26.95
29.4833
18.1833
44.3833
15.5833
42.2833
34.95
33.6833
35.75
18.4333
41.7667
42.5167
40.9
51.8
72.0833
41.1167
30
38.5167
53.3833
23.6
29.2167
40.55
43.2667
52.2333
15.25
38.4833
43.8
28
36.5833
34.2667
29.8
21.8167
25.2833
27.6
34.6333
70.2667
31.85
31.3833
26.2833
33.3333
52.9667
15.4333
51.4167
18.8667
54.9
35.35
27.55
51.1167
30.2167
35.5667
43.6
51
50.3667
63.0167
29.3
56.7667
44.9333
35.4167
33.6833
35.6833
51.2833
36.5333
39.2833
42.2
38.7667
19.6
45.0333
55.6
35.6833
41.4
48.9667
24.0333
40.7167
58.85
47.7
34.9
37.9333
38.8333
36.5
22.9833
19.5667
40.9333
17.8167
30.0667
32.6333
37.7167
30.75
37.3167
31.5167
50.4167
32.7
22.4
40.9667
24.05
60.0833
36.9
64.25
32.4833
44.35
41.5333
21.8333
41.2
35.4833
42.5833
43.75
37.7333
21.6833
27
30.2
22.8667
33.9667
42.2833
37.9667
35.5
29.0333
30.5
43.5167
32.4833
28.1
63.0333
56.3667
37.7167
32.4333
23.35
29.4
37.45
29.35
43.5
36.9667
17.6167
42.5167
50.25
45.9833
25.1667
53.1
23.1333
56.7333
35.4833
80.0333
35.2167
25.6167
22.4833
51.3167
32.2667
36.35
15.1667
48.3667
37.5833
33.9667
52.5167
47.8833
38.4333
55.45
40.2167
44.4
45.7333
30
44.5333
51.5833
41.3
50.4167
19.5167
53.6667
22.6833
23.9667
33.3667
71.9667
49.1333
33.3667
36.3833
49.2333
22.95
52.35
23.9667
29.7333
36.3167
44.0333
25.9
16.8833
48.4667
45.1167
17.9833
32.9667
9.45
36.3167
35.3667
48.6833
44.8167
28.4167
21.7667
34.5667
43.5333
52.5333
20.5833
36.2833
29.1167
30.6833
18.15
35.2333
34.9
22.2667
36.9833
28.8833
21.8833
25.0333
39.1333
28.35
64.2
55.8667
27.3
27.4833
40.7167
36.4167
43.25
33.65
23.9167
35.55
44.5833
22.9667
36.2333
35.0667
57.8667
26.05
54.85
45.2833
60.4
40.85
35.3
60.8
49.2167
40.3167
58.25
43.5333
29.0333
32.2167
33.7833
50.9667
33.3833
7.88333
28.6667
41.9333
42.8167
41.45
53.55
29.15
41.5333
16.8167
21.5833
35.5667
41.95
36.8
38.65
36.4667
22.2833
29.8167
64.4167
17.1667
45.8
36.85
52.6333
44.3
42.15
16
24.4167
21.15
30.0333
28.2833
21.75
21.05
39.4167
19.45
36.25
29.85
17.4167
51.4667
20.3667
25.0333
29.4167
22
37.7333
36.5667
23.0167
34.8833
29.7333
33.8
24.4
21.05
47.3
47.15
16.65
36.05
35.5833
46.05
30.2833
14.9167
22.9167
59.7333
16.2167
47
46.6333
52.3167
52.3333
46.5667
43.2167
37.3667
57.5333
31.3
31.3667
43.2167
42.05
23.9833
25
29.15
56.8667
19.3833
59.6
23.4
33.4
28.1667
51.5333
30.9667
38.2
34.6167
43.85
32.4333
60.6333
37.8
29.15
28.1667
30.8333
29.6833
37.1833
31.15
47.4
37.7
32.0667
46.1333
23.1667
34.9
30.9333
29.8667
28.6667
44.2333
25.2167
24.3667
47.6167
41.0167
27.8333
29.5667
55.9
53.8333
17.1667
23.5667
34.9167
29.5
48.8
18.8167
44.2333
42.35
54.4167
22.55
28.1333
21.7167
48.1167
44.1167
59.3833
38.7667
25.15
23.7
27.3333
64.1833
34.75
36.3
47.85
22.5833
30.6333
20.1833
22.2167
51.65
44.1833
33.7167
37.8
8.38333
22.5833
57.7
28.4
38.9833
21.5167
33.45
41.3167
9.3
40.85
52.7833
58.85
14.7333
23.8833
52.2667
31.9667
47.5
35.3667
63.1667
51.7833
34.85
29.8
41.9
33.6667
22.05
44.2667
58.3167
27.5333
46.6333
53.3
52.7667
35.9167
49.75
28.6667
26.4333
30.15
39.75
22.6167
46.1
51.75
34.7
36.2167
20.6167
60.6833
31.2667
43.8833
54.2
50.7667
21.5
44.5667
8.56667
61.3667
30.4333
59.3333
40.9833
43.6667
36.2667
15.4
51.4167
35.2333
36.5
30.5667
28.5833
44.3833
45.9333
32.7833
23.5167
24.6333
36.0167
15.7167
67.3333
25.0833
42.9833
30.4833
27.3667
39.2667
41.1333
32.75
36.5
38.8167
42.5
61.3167
39.55
40.7667
40.0167
36.45
50.8667
52.0667
48.7667
40.9833
22.6167
35.8
58.8167
23.4167
42.0667
29.5333
24.8833
40.4
31.5333
32.8
30.8833
29.4667
31.7333
34.3833
29.45
26.7667
23.3667
45.9333
56.4667
36.7167
48.45
59.1667
46.8667
41.1167
25.9333
51.3833
34.1833
34.9667
37.65
42.2167
34.2833
25.5667
28.4167
44.1667
56.6167
61.0667
44.9833
15.5333
36.8333
48.5
15.1833
37.5333
44
46.3
29.0667
23.4
46.3167
15.7333
59
30.1833
40.95
25.6167
29.7
27.3
73.4333
45.2167
43.6667
22.5667
40.9
45.5833
20.2167
29.2667
40.5667
27.8833
22.4833
61.1333
22.1333
49.1833
31.3667
37.7333
43.55
29.25
30.1833
29.2833
29.4667
31.6833
34.3667
50.6667
46.4833
42.3333
35.7833
27.2167
29.8667
68.7167
48.15
35.7667
77.3333
30.75
48.5833
22.7833
38.2833
39.0833
28.5833
44.9333
45.2833
50.65
63.55
37.6167
47.8333
24.3833
14.8667
67.1
22.5167
42.7333
25.4333
22.5167
25.6833
46.35
42.6333
45.2167
46.2333
29.55
30.95
38.6667
37.8333
27.8167
50.6833
45.65
39.5
61.3333
42.7167
45.05
33.3333
53.5833
31.6667
44.3167
38.1167
33.4333
43.7167
10.0167
20.4667
39
40.9167
22.6667
37.55
37.3333
31.9333
34.0167
36.1
43.1
56.2833
28.35
28.6833
37.05
30.6667
24.0333
40.7333
37.9
42.2833
29.9
43.85
45.4833
34.3
53.4333
26.9167
47.8667
24.2667
66.4167
42.7
54.9833
33.85
22.1333
40.4
35.75
17.4
32.6667
9.93333
33.3
21.7833
61.65
31.8667
54.45
29.6667
28.4833
20.85
32.65
40.1
43.9333
31.0667
29.65
46.95
37.55
30.8833
42
43.2333
24.0667
51.95
41.7667
51.2833
41.8667
44.85
15.9833
43.2167
47.65
43.4
44.55
38.3667
34.1
46.7333
49.05
20.9667
14.6167
31.5667
50.2667
59.2667
36.1333
27.7
58.2833
27.7
34.2
16.4333
44.6833
28.2
28.25
39.8167
45.2167
27.7
51.5
27.6667
35.6167
43.7167
41.4167
39.5667
38.4833
45.0333
41.3333
48.95
24.65
47.8333
48.1667
57.0333
29.9
48.25
26.3333
60.5167
24.6167
21
25.0167
23.8167
36.2833
48.3333
49.05
26.8833
27.6
46.3667
36.4667
61.6333
44.8667
23.75
9.53333
62.6833
46.0833
28.15
41.6333
49.65
47.3
41.2167
43.2333
37.0333
22.1667
22.6333
33.0167
31.6167
45.4833
43.7
39.1167
32.35
17.6167
30.0167
19.5833
42.8167
48.55
44.85
36.15
20.1333
36.25
88.1333
36.6
35.5167
39.15
22.4
23.5167
36.25
41.2667
56.7
36.9167
32.65
46.55
34
53.8667
38.2667
32.45
28.6167
35.5667
45.15
18.4667
57.9833
16.15
40.3833
8.85
49.4167
23.7
42.4667
17.1833
30.3167
23.1
55.4
11.1167
29.15
27.95
35.9333
39.9333
27.7167
46.2667
15.85
35.4833
39.2333
28.1167
28.1167
39.1667
16.7333
26.95
21.8167
17.4
20.5667
43.75
46.8333
30.55
29.4667
22.7833
28.2833
25.6333
32.65
28.35
36.55
29.15
46.2667
21.4667
33.6333
33.45
35.4333
54.5
42.4667
22.6667
15.45
42.45
52.1833
53.1167
52.5333
39.5833
48.8833
42.4667
56.5167
28.45
15.8833
33.85
30.5667
50.1333
32.4833
41.1333
52.3333
46.1167
65.8
30.3
48.85
31.3
30.55
34.2833
29.95
24.75
23.6333
45.1333
33.25
35.7833
35.6333
24.3
29.95
20.8833
39.3667
48.6333
58.5167
46.8333
29.9833
48.4667
33.7667
28.35
36.8833
14.6333
42.4667
37.0167
28.0167
23.2
50.3167
43.1
47.65
42.05
42.6167
21.6
42.35
26.2833
47.0833
16.3
37.5
21.4833
44.15
53
35.2833
24.6667
37.5833
23.6333
34.1
40.6
30.4333
31.5
54.4167
55.05
17.5833
15.4333
44.1833
15.3833
35.6667
42.3667
44.95
36.0167
30.5167
32.1167
40.05
29.2667
35.3667
45.9333
24.7
37.2667
29.3667
40.6833
46.5167
29.9167
50.1667
21.3333
28.4
26.5167
30.45
50.8833
39.7
32.05
26.7833
55
30.3667
41.3167
39.3167
43.0667
29.5167
46.6
36.3833
53.1
53.6333
51.9167
43.85
50.3333
35.3333
31.75
20.1333
35.6333
24.7
40.9833
47.15
26.0167
47.8
27.4833
31.8833
23.55
30.5333
30.25
18.2667
41.0333
47.1833
48.6833
42.9833
41.4
29.1667
57.8667
50.9
15.05
29.9
43.7667
39.7
54.7
37.1667
8.5
15.6667
34.4667
34.4667
49.6333
61.9
41.8167
35.9333
27.3833
37.05
34.3167
68.2167
35.4833
33.1667
33.0333
27.2833
45.4167
35.25
53.5667
52.2833
40.0667
31.3
46.95
42.7833
33.05
22.4167
16.3833
44.8167
30.7667
31.5833
60.4667
55.4667
29.3833
46.65
36.4667
35.1833
31.4
26.4
52.4833
45.15
35.1833
35.2333
30.2333
27.2667
57
60.0833
38.0333
39.0667
60.5
47.9167
30.9333
38.7667
37.3167
27.9333
41.1833
15.9
26.1833
41.2167
33.6333
50.7333
23.0167
43.2667
39.9833
39.3333
27.9167
28.5667
29.8333
28.6833
42.9333
58.15
21.4667
47.15
35.4667
45.5167
16.4
30.8667
35.95
22.4167
58.8
43.7333
31.2167
36.4167
27.8333
35.5
42.1167
22.05
15
25.3333
39.6333
53.85
46.9667
54.7333
28.3833
49.7667
44.0833
47.5
23.4333
22.7333
45.5167
30.5
45.6167
22.7667
33.9167
32.35
35.0833
31
29.55
41.25
42.3167
65.65
39.7667
39.4333
23.5167
37.4167
43.5833
43.5167
45.9333
34.0167
41.4833
31.65
30.3667
17.1167
26.1667
21.6333
32.8
48.7167
34.3
46.9
38.3
29.4167
42.0167
26.0833
35.0833
37.5333
27.1
46.05
61.75
33.1833
56.6333
47.4167
37.6667
48.0333
40.7333
35.55
36.7167
46.0667
35.0167
29.4
18.5667
36.6333
43.9667
57.1
48.4
16.2333
60.6167
42
47.6167
40.7167
28.5667
42.1833
34
20.35
24.8
14.85
27.0833
51.4667
31.4167
36.1667
37.7833
30.9667
25.5
40.6667
24.1167
30.4833
58.2833
27.1
36.2833
50.6
18.4
36.7
47.05
53.4
47.8167
46.65
40.6833
22.5
41.9667
45.3833
31.75
28.9833
41.5667
26.65
22.35
31.85
46.2
44.3333
44.5
8.45
26.1167
20.5667
14.3667
17.4167
27.5333
43
40.1833
31.2167
27.7833
52.75
25.45
40.6167
53.3167
36.1
57.6667
30.0167
55.55
51.4833
62.7167
25.6167
51.5833
30.7333
34
37.1167
28.5
40.25
29.1167
32.35
53.4
41.05
38.7167
52.0333
24.8333
49
37.8167
30.5
58.6167
63.7167
38.3833
29.6833
38.2833
39.0167
23.8
36.65
28.55
35.9
54.25
24.3
39.3667
46.95
27.05
56.3167
30.3333
30.15
27
41.5333
40.25
27.7
66.1833
46.35
17.7667
34.8833
46.3333
38.3667
41.7
53.4167
39.6167
23.9833
36
40.1667
22.65
68.6833
23.15
35.0167
33.3833
49.9833
54.75
21.3
27.8167
21.1
43.5333
43.65
59.5
36.9
27.2833
31.5333
53.9833
42.6
72.4667
45.85
50.8
64.6333
54.1333
43.3833
35
35.65
30.3333
41.7
37.5833
32.4
63.6333
46.5833
56.35
30.6167
16.05
23.4667
35.8
43.8167
20.1
42.9667
29.0667
44.5667
21.7167
43.4
44.8167
53.5667
45.65
50.4167
55.75
24.2667
13.9333
41.0667
40.6333
35.1
42.6333
29.4833
44.75
32.2167
36.6833
21.5
33.3333
31.9833
29.2167
38.3333
40.7
31.6333
14.95
41.0333
41.7667
38.6167
42.5333
38.1333
15.6333
38.7667
39.5
48.5167
33.05
51.4833
48.5
43.5
50.65
45.5333
15.05
36.7667
32.5833
43.2333
41.7333
56.2
56.3667
50.4167
33.8333
29.7333
45.9167
49.6333
36.45
30.0333
58.7333
44.15
32.75
43.3167
32.95
30.25
25.1667
44.1
40.4167
58.8833
29.8
45.3167
24.0167
51.8833
26.2167
57.1
30.75
49.8833
45.85
14.7833
15.4333
34.9333
45.8333
37.7333
43.1167
23.9167
54.4833
44.35
55.1667
41
38.9333
52.9667
38.35
30.4
29.8167
30.6
28.8333
30.0667
48.25
29.2
46.0833
16.7833
36.2667
61.4
71.2
47.2833
24.15
20.05
38.25
48.15
35.9167
42.6333
33.7
55.2
17.35
62.5667
65.2833
41.5667
29.4667
39.4667
55.7333
29.0333
29.05
44.6333
65.0833
45.1
46.9333
34.95
30.9833
36.3
24.6833
47.35
35.25
33.1167
48.8667
41.05
36.4
63.35
40.1667
38.1167
43.2167
39.95
19.7833
26.65
45.6167
37.7333
38.2333
59.4667
29.1167
33.7833
45.1167
41.0333
29.3
53.5167
51.7667
19.8167
29.1167
33.05
44.7667
50.4
27.3833
38
62.3667
37
9.3
44.7
31.3667
47.2
37.0333
25.3167
42.95
29.7
22.7667
20.9333
22.9833
48.15
15.8
29.9
39.3333
43.5
37.0333
49.05
39.8667
40.3333
24.75
37.45
41.1667
27.1167
37.0667
34.5167
35.1333
31.3833
31.7
49.85
31.1167
50.15
25.6
35.0667
42.5
28.8833
59.9
35.9333
48.6167
63.55
31.55
24.95
17.1167
21.25
26.25
29.8833
36.5
37.75
51.4667
28.2167
33.6333
38.7833
45.0167
31.1833
34.9167
44.25
34.9167
28.4
21.9
23.7833
29.3333
46.6833
30.8667
43.2167
29.3
37.1667
35.8167
48.7167
22.15
43.3833
32.5
28.4667
29.9
36.55
54.9
36.95
29.9833
39.2167
29.1333
30.05
35.0333
58.9167
54.3167
43.2667
35.2667
62.25
36.0667
66.9667
16.9833
31.7833
35.1
36.1333
23.6
44.9
30.2833
23.9333
10.7333
30.45
43.8167
62.6667
19.4667
51.85
49.4167
23.5167
34.9167
27.7
45.7667
45.4167
14.6667
20.0667
36.1167
50.7667
26.8333
37.5
16.4167
38.9667
38.75
42.6167
32.7333
48.2667
34.7167
27.4
42.4167
34.7167
38.7167
40.05
49.1667
30.4167
53.35
58.1167
41.5167
48.05
45.65
29.1333
16.5
35.3
15.8
23.15
31.5333
30.05
42.15
32.75
18.35
39.2833
29.3167
24.6833
36.4333
48.3833
50.4167
27.3167
80.15
31.2833
23.3667
41.35
56.0333
33.2667
32.2167
34.4167
40.5833
38.8333
49.4833
23.2333
17.4167
46.2167
54.85
33.75
30.2167
40.0333
24.9833
39.2833
36.1833
38.4
51.3833
44.2333
37.5667
54.1
22.8
35.0333
26.95
56.9667
25.1667
27.2833
57.1
43.5
44.5833
22.5667
53.0167
34.4333
54.3333
44.3667
57.9
18.35
28.8167
41.8667
29.2167
51.2
28.6
58.9167
39.5333
26.45
30.9
63.8333
22.5
35.95
35.1167
27.9167
30.5333
28.6833
68.65
27.5167
29.3333
38.9167
55.05
47.6833
38.2167
47.45
34.1667
58.8667
22.7
23.4167
33.2167
24.2
36.9
44.1667
21.3333
36.7667
23.2167
41.1833
39.95
35.6333
41.4333
36.6167
44.8833
55.0167
34.8
51.0333
17
28.15
43.15
44.1
51.85
15.4833
32.85
17.0833
67.8167
51.6833
27.7167
51.1667
33.0333
43.3167
45.8333
33.4
42.4833
39.25
15.4333
18.1
65.8333
23.1167
28.75
34.2667
41.5
31.8167
34.2333
34.3667
34.6
21.9167
25.1167
60.2333
28.4333
45.9333
49
40.75
29.9667
36.9167
33.4
38.1667
45.2833
22.6667
45.5
48.35
16.9833
26.8667
44.8833
34.6833
47.4667
47.1833
21.5333
29.15
43.3167
16
23.1833
24.6167
21.9667
41.9
39.8167
27.5167
25.6333
41.2167
31.15
51.8333
34.9333
32.05
53.8167
38.85
36
44.5833
33.5333
54.35
67.8667
45.0667
58.1333
35.9
41.1167
36.3833
37.75
58.9667
41.5167
22.1167
30.2333
24.8667
24.4167
44.45
22.4167
53.6
28.9333
35.0833
28.3667
52.45
41.8167
36.8333
63.9333
15.05
15.4167
30.5333
36.1833
50.5
32.85
37.6
38.5667
37.0333
15.95
42.2
22.35
41.4
29.55
26.75
44.2833
36.4
37.8
37.7833
37.55
21.8333
29.1833
38.2
31.25
32.8
50.0333
48.7
25.3
41.8167
32.1833
58.9
37.2333
20.4667
37.1833
32.3
15.3667
34.7667
62.8833
31.4833
50.0167
41.75
36.0333
23.4167
23.8
49.9167
31.5833
57.2
51.9833
28.95
28.55
61.1667
34.25
35.0667
45.3833
43.6333
27.9667
44.6
57.05
9.58333
15.8
39.9667
41.1333
25.2
36.35
39.9167
43.0333
46.5167
30.6
41.7667
23.8667
20.6333
29.7333
24.8
51.1833
32.0167
17.95
40.1667
32.1
45.9833
47.3
47.1833
26.05
22.1833
29.35
58.1833
40.25
43.7667
29.25
53.2667
30.55
36.75
33.1333
37.0167
35.9333
21.6
30.55
34.9833
32.7833
30.2833
57.5833
26.5833
22.1833
16.4
24.2333
47.1833
40.6333
39.6667
30.5333
41.7167
30.95
49.5167
29.6
34.55
22.75
38.8667
37.45
35.4167
46.8333
61.0833
40.05
42.4667
48.8667
60.2667
31.6833
49.5333
16.3667
52.8833
27.7167
70.1833
31.4333
43.6
51.3667
28.7
13.5667
48.5667
47.85
41.6167
50.1167
37.75
39.7833
35
37.4167
41.6667
36.9
15.8167
54.15
52.9
43.2833
37.0833
16.3
41.0333
26.7
30.5
32.75
33.7667
23.5
44.1167
44.85
36.1833
26.55
10.7333
34.6833
16.4667
53.3833
24.4
26.85
51.2667
22.1167
41.1333
50.6833
56.2833
29.6333
42.9333
44.6667
36.7333
39.95
34.6
39.6
28.1667
38.1667
42.45
46.1667
49.4667
53.6833
33.0667
29.5333
32.75
30.5667
22.0833
29.45
25.1167
51.5833
27.2667
49.45
30.3333
32.45
36.45
30.9833
43.2167
33.8
35.9333
28.1333
27.4833
31
35
38.6833
42.2667
17.3
38.4
33.2
39.9333
44.8667
36.05
28.5333
29.15
71.85
45.8167
20.1167
43.4833
63.3
27.8
25.2667
22.5833
44.1833
28.9833
45.8
40.85
27.7
49.5167
35.4
30.3833
36.7833
52.3833
35.8167
37.2167
47.8167
42.6667
43.2333
30.3833
35.6667
16.4
30.8833
33.9667
39.85
41.7833
37
26.8667
18.1
41.05
31.5833
31.8167
30.2667
37.8333
38.3167
57.5833
55.15
51.4333
35
33.95
32.4167
16
41.8167
35.65
30.8167
36.5667
27.8
26.0667
31.5833
24.4167
39.05
53.2333
47.7
45.8667
17.8
26.1333
35.35
40.7167
44.6333
30.3833
35.8167
39.7667
47.0833
47.7833
33.4667
17.5667
28.6333
50.3
22.3167
19
17.2167
32.45
29.0667
23.9333
62.5167
37.4667
46.3
32.75
21.75
42.7333
50.75
10.1167
42.2667
30.1667
48
38.3667
43.9833
41.2167
34.5
33.6
16.2
42.2833
34.4333
36.9667
32.7167
41.5167
36.3667
35.9667
15.5833
33.4167
40.4
41.6167
23.4333
35.4333
21.4333
37.65
17.7333
36.1333
37.5667
44.5167
44.0833
22.9
23.7333
58.1
35.3167
36.4167
30.0167
30.3833
28.7333
42.8167
26
26.8
36.2833
39.2
37.4833
23.7833
50.85
39.5833
47.7167
40.8167
21.6833
16.8
41.95
34.45
49.8333
44.9167
51
37.8333
84.75
52.2667
17.4
46.5833
46.7667
30.3
30.4167
33.5167
60.8
40.9667
49.9833
56.75
33.4
34.3333
51.7833
15.9833
46.4
46.4833
48.15
18.15
17.9167
21.2833
24.9167
35.35
33.7833
32.1167
30.05
47.7333
43.3333
42.5
29.0667
40.9667
22.6333
22.4833
21.9333
37.6667
17.9333
31.4833
58.3333
33.65
32
43.7833
29.5667
45.9
43.0833
26.6833
28.0167
31.7167
53.45
32.4667
35.0167
24.9167
37.1833
47.3333
46.25
43.9833
24.3167
40.4
31.9833
33.3833
10.0667
57.9833
27.9167
48.9667
23.3333
30
44.8167
46.1333
26.5667
39.6667
47.45
28.4
38.3
50.7167
40.3833
43.4667
43.3833
30.65
21.8333
55.15
45.1167
44.4833
43.5833
38.4333
30.25
44.1
45.05
25.4833
38.2167
44.5667
37.2
53.9167
64.2667
39.5
53.6
43.8667
52.85
31.7333
28.1333
60.0167
35.7167
28.65
38.2667
48.8167
27.5667
41.15
29.0333
44.15
34.85
24.1333
56.9167
23.1167
16.0833
48.3833
37.9667
32.5833
22.1667
30.4833
35.75
53.7
50.2833
45.3
40.3833
35.9167
50.5333
23.45
61.3333
28.4667
43.2667
30.3833
29.5167
36.1833
56.15
48.65
22.4167
29.7333
35.3833
28.15
21.5833
29.3333
56.2833
49.2167
50.8333
49.3833
29.3
20.3667
54.55
46.5333
40.35
55.1333
24.85
57.45
29.5333
22.1
30.5
13.85
27.7833
37.3833
34.3167
43.8333
52.9333
30.1333
21.7167
54.2833
22.1
38.0167
24
43.25
36.1833
29.55
34.9333
34.5667
31.7
39.1
25.0333
48.1333
28.0333
51.6833
37.05
35.5333
41.75
38.3667
29.9667
50.5667
67.85
36.7667
32.2667
45.5833
24.05
59.2667
38.15
48.55
28.15
24.7667
49.3667
22.9833
46.05
23.15
35.3667
42.3667
41.1
29.2333
17.3
21.7333
24.2333
39.0167
24.2167
43
36.0167
43.5667
41.9667
42.7167
45.3
28.35
57.3167
21.7167
35.5833
28.7333
36.1333
63.6667
41.0167
29.8833
61.1833
32.4667
56.6667
39.5
39.0167
29.25
50.15
29.65
34.3167
43.9333
48.6
45.9833
44.1667
45.3833
20.3333
41.3333
23.6333
44.05
48.8833
38.55
42.1833
27.5833
41.3
33.2333
24.3167
30.5667
30.9167
43.55
39.55
44.95
26.5
34.9333
34.5333
41.4667
43
48.15
42.9667
37.1333
33.55
38.9167
41.8833
29.9
45.9167
54.1833
44.3167
31.3667
50.25
15.2
45.3
53.0167
48.5167
58.3333
40.3167
30.65
29.1833
26.8333
29.8667
27.3333
25.85
16
48.0667
48.3833
45.4833
37.6667
64.8167
40.3167
40.9833
30.2333
45.75
29.85
51.4667
44.5667
26.15
45.4833
48.3667
27.8667
36.7333
17.1167
76.4667
40.9333
62.7333
38.3667
23.6667
35.5667
31.7167
30.0833
17.3833
50.75
46.3167
46.35
27.4667
32.7667
43.6333
22.8833
14.55
25.0667
47.05
40.9
31.2833
29.2667
56.35
27.85
56.2167
15.2167
31.6333
36.2
35.6667
37.4833
22.05
43.8667
44.8667
30.2
33.7667
35.5167
54.8833
44.45
51.0667
38.8333
36.2167
50.2667
40.8333
50.2667
120.117
27.8167
41.7
53.05
43.9833
34.55
53
42.3167
54.3333
15.2
32.9833
49.95
34.45
34.8
29.15
54.8333
36.7833
29.7
35.3833
45.1
29.1667
35.5833
29.55
47.0667
17.5667
37.5
24.0833
47.3667
43.9
43.8833
18.6
26.2167
55.6833
31.9833
35.7
16.4333
56.2
44.9
22.35
39.3833
40.05
16.6
34.85
46.2333
43.9167
49.9
26.2833
47.65
54.75
36.5333
57.45
33.9
52.6333
29.7
43.2
36.7833
28.6833
43.35
29.35
36.95
41.2167
36.7167
28.6
28.4667
15.85
38.1667
47.8667
32.6833
17.3167
36.2
29.8
39.8667
35.2333
47.65
41.8667
29.8667
41.5333
29.75
49.4667
16.9833
57.6833
49.9333
58.0333
17.2167
35.4
19.6167
33.0333
52.4333
47.3833
44.3333
49.7667
36.2667
61.2
38.7
27.75
36.35
48.3167
31.35
42.2333
51.8167
28.1
40.2167
40.7167
59.25
24.0667
34.6833
46.8167
33.4167
34.05
24.0333
43.3833
33.0167
30.5833
28.0167
36.75
29.2833
48.6833
38.7333
64.8333
29.4333
53.55
35.4
28.6333
55.2333
42.5
23.5667
48.2167
48.65
23.5667
27.9667
24.5167
57.7333
35.9333
40.9
63.8667
55.1667
37.0167
37.2333
23.35
38.2
46.0833
47.75
23.9167
40.1
33.0167
16.8833
33.4667
50
48.3333
28.2333
59.35
16.9833
38.7667
35.0667
36.1667
32.9
23.3833
23.6
21.5333
27.5833
39.9167
29.1167
41.75
21.65
32.2833
60.8667
14.5
35.1833
34.8167
50.7167
37.9667
26.2
30.2167
33.1833
36.5667
45.4833
20.5167
39.8667
57.4333
41.6333
35.7667
41.95
22.5167
54.2667
53.15
53.3167
45.4833
23.1333
25.5
33.7667
43.6333
22.75
56.75
21.0833
27.0667
21.6667
34.5667
30.8833
16.8833
22.6667
43.0167
30.4667
36.9833
23.8833
24.2667
23.3
41.4167
49.65
33.6833
23.4333
20.4
33.2167
8.63333
21.15
22.0167
28.0333
30.8667
40.7833
36.9333
36.5333
14.7833
29.4667
32.15
43.65
29.8833
42.3167
48.7833
31.6667
37.9667
47.6
51.9667
15.1833
41.2833
54.0167
15.4167
24.8833
36.1333
27.8
53.1833
29.25
31.4333
26.1167
37.0167
21.95
38.0167
35.3833
21.4333
36.6833
39.8
29.3667
10.9333
21.5
43.2667
36.5667
46.8333
30.0167
51.7167
23.85
21.7833
30.85
16.75
18.5833
46.45
26.0167
43.3667
51.7333
38.9833
42.8833
43.1333
56.9333
47.3667
43.7833
39.1833
49.8833
49.4167
23.9
38.4667
44.0833
28.1667
44.8667
27.3833
43.6667
49.9
38.65
47.2
36.1167
32.1
29.2167
61.7667
42.15
41.2167
44.3167
47.0833
24.7
37.3167
40.8667
41.8167
43.65
53.2833
22.35
44.25
39.8833
74.5667
62.85
31.6333
29.4333
51.9333
27.0167
45.3833
44.4
27.2833
29.6333
32.7333
29.5
43.05
43.5167
17.6
56.8667
12.5833
51.5667
43.1667
37.7
48.95
30.2167
21.9833
10.1
43.0667
60.2
39.2833
43.3167
43.3
23.7667
25.65
48.4667
28.0167
46.5167
22
38.0333
22.75
20.5
30.7667
30.5667
40.3667
37.75
39.9333
32.75
43.6167
37.3
57.6333
19.6333
39.85
46.8667
29.2333
36.8667
45.4
50.85
33.75
53.1667
42.9167
43.5667
49.9333
38.7333
32.75
36.9
39.6333
43.85
37.6333
57.6833
38.8833
23.9667
37.6667
39.0667
32.7
66.3333
45.2333
38.75
39.75
31.3833
32.5167
40.3167
37.7667
51.6833
48.6167
55.05
28.6167
24.7167
52.8667
27.1167
38.9833
34.6667
35.8
35.6167
36.2667
57.9333
44.4333
41.5333
38.75
58.8833
44.0167
40.5333
22.0667
44.3167
54.9333
34.0167
54.5333
26.8833
52.1167
33.0167
26.6333
31.9333
53.2
29.9333
56
21.9833
43.6667
25.3833
28.0333
30.4333
47.8667
52.9667
40.2833
29.9167
29.95
28.8833
30.2
35.6833
38.7833
27.45
30.8333
29.7167
32.9167
50.8333
39.7667
40.5833
48.4667
23.9833
44.6667
34.5833
53.0167
46.2667
40.75
40.2333
36.55
38.2167
35.7
41.15
47.3833
33.3667
28.05
55.05
28.8833
40.7333
37.6667
28.9667
33.8667
23.75
30.35
54.9333
30.75
25.3833
46.8167
49.6167
33.9333
35.4333
21.8
50.3667
36.0667
40.2
52.6833
59.35
43.8167
36.2
33.5
32.8667
31.5167
31.8833
32.7333
25.1333
48.3833
26.7
30.7
25.3
29.55
46.2667
41.4
35.4833
34.4167
43.5833
58.3833
53
52.8
31.65
36.05
39.4
30.55
49.6833
31.55
27.0833
31.4833
37.7
25.9
36.85
23.5333
54.3667
45.3333
43.3833
28.4333
48.6167
33.4667
50.7167
26.5667
26.6833
41.2
22.6333
36.6333
50.8667
37.65
32.4
44.25
23.4167
51.5167
27.3
28.7667
19.0667
35.2167
23.45
32.9
36.7167
49.45
17.8333
20.7333
37.3667
36.1167
25.6333
22.2667
32.35
39.7
39.35
23.4167
47.6167
40.7833
29.95
24.0667
34.95
24.95
24.9833
25.2
31.3333
15.7667
47.9833
33.3333
36.95
22.7667
34.1667
44.4
30.2667
49.4667
35.5167
62.7333
8.63333
48.65
41.3167
40.1
13.5667
19.05
24.4
32.2333
28.4
32.5333
26.7333
22
43.3667
25.4167
28.8167
13.5667
52.6
15.8833
42.7667
34.5333
23.6333
16.2833
52.2167
43.5333
23.3833
28.9
29.1167
48.2833
35.1333
52.85
23.85
42.6333
39.2333
44.5333
21.4
47.1333
52.9333
32.1833
36.5833
22.5667
35.9833
38.65
44.2
36.9167
34.3
42.2333
38.1667
37.9667
24.9667
57.5667
40.5833
45.3167
22.7167
20.7
35.05
22.1833
42
33
37.8167
16.85
45.1167
17.3167
33.2333
31.4833
47.4167
50.7167
43.8167
23.2667
26.35
41.5667
54.15
27.2667
37.4167
39.2167
33.6833
23.35
27.8
27.6833
22.9167
38.5
29.7833
37.1333
40.5333
34.9667
34.8333
30.65
32.65
53.7
70.9833
15.3667
28.4167
23.4833
45.0833
16.3
42.3667
30.5833
38.4
50.55
28.05
19.6333
24.2667
35.2833
47.25
34.0167
25.8
21.75
30.5167
26.3833
60.0833
39.5833
29.5333
30.7167
29.3167
38.5833
44.8167
39.9
39.3833
40.6333
43.2167
36.8667
35.9
29.5667
21.6167
42.8167
58.1167
41.0833
26.8167
30.9
43.0167
38.5833
34.95
25.55
19.9333
33.8833
37.8667
22.7
43.7167
36.7833
33.25
43.3833
33.5667
60.3
17.0667
37.8667
37.1167
28.4167
32.95
23.7833
38.3667
30.65
30.1667
39.9333
29.7333
24.2333
53.7833
53.4667
36.05
27.65
70.8333
36.0833
49.8
34.7333
20.95
34.8833
49.8167
23.85
49.3
63.05
32.8167
23.0333
30.8667
25.0167
41.3667
22.2167
35.4667
37.05
35.0167
44.2
18.3667
32.05
48.15
42.0167
50.9667
29.95
28.9667
36.2
41.9333
40.3333
29.35
44.9
40.3333
45.7833
55.2167
57.1
23.7167
37.85
33.1333
29.65
50.8833
16.8667
35.35
32.1667
32.2833
48.8
34.1
40.35
45.4833
9.35
38.1833
44.1333
39.8333
37.1
32.0333
41.7833
54.5
41.2333
32.3
47
45.7
28.2167
37.3833
32.7833
44.3833
28.4833
58.5833
17.55
54.4167
24.0667
51.4667
39.7667
41.4833
22.15
50.25
25.7
22.1667
34.2333
49.3833
14.9
42.2667
32.3
22.9167
25.5667
17.8167
27.6167
26.2
36.05
40.2833
28.35
32.0333
37.6833
27.4
21.9
35.6
49.75
38.55
41.9
18.9833
43.2833
40.0333
55.4333
28.55
50.2
14.6
44.9667
35.75
30.1
37.7667
45.2833
36.65
32.2667
34.9167
52.2167
29.8667
38.6167
39.8667
46.6333
53.7833
46.0667
44.3667
43.4833
35.8833
42.2333
25.6833
48.6333
22.8833
24.0667
52.2333
40.3833
34.1667
30.05
49.35
58.3
14.9833
36.35
39.7167
61.4333
42.6167
23.1833
16.0833
33.15
49.9167
22.1333
30.55
39.6167
48.2167
44.7
57.15
52.25
38.6667
37.4333
43.2833
30.3667
53.5833
26.7333
39.5
42.15
57.15
28.5167
62.25
44.1167
15.9833
50.5833
35.8333
25.2667
21.5333
30.25
52.4333
52.2333
30.2667
66.1833
32.0167
22.1167
50.5333
49.3833
54.3
29.1
47.8
56.1
51.4
27.8
44.9667
36.7
30.4833
35.5167
52.7833
48.3167
52.2333
32.75
27.9333
38.25
35.6333
31.55
21.9
34.2333
41.8167
16.7333
29
39.3667
48.9833
46.3833
61.5
56.5667
53.4667
21.2333
35.05
48.8333
42.0667
27.65
16.3333
27.0667
52.15
59.9667
45.9333
40.9833
55.15
17.8667
22.0167
31.0167
44.05
52.6667
21.35
9.78333
45.5667
27.6333
41.3167
30.75
36.1
39.6333
29.85
34.15
42.4333
45.5
21.0833
40.9167
27.7167
29.2667
22.7667
36.15
33.15
37.65
22.7
35.7667
42.9333
29.0667
50.4333
29.8167
49.5333
51.9167
45.9833
41.9
49.95
34.9833
46.3
44.3667
50.4167
26.5
39.4167
26.8667
46.95
43.1
42.6167
52.8333
37.8
35.6833
51.0167
14.5833
33.45
37.6
54.6667
58.75
15.8333
33.1
39.6333
47.8833
15.6333
49.75
28.9333
52.6167
41.9167
33.6667
43.8
33.2167
46.0833
59.3667
44.25
20.5667
31.6333
41.6667
24.9167
43.55
30.9167
55.6667
35.8167
17.9
20.8667
36.5
22.15
47.4333
43.25
42.0167
42.1333
26.7833
46.0333
47.35
30.0167
30.65
38.0833
22.8833
56.1833
29.9667
59.0833
51.8667
59.1167
29.4833
38
38.25
37.45
53.4333
31
39.4833
24.9333
27.4333
36.3167
37.75
23.75
30.4833
37.5167
43.75
43.4
60.7833
17.8
61.55
47.8833
40.9
48.05
37.6667
48.0667
53.2833
33.85
35.6333
29.4
25.2333
38.2
58.5333
31.6167
49.45
29.2
37.5667
50.6833
42.4333
52.85
28.7167
35.2
38.25
21.6167
37.9667
16.8833
35.6833
10.4667
51.45
28.8667
57
52.7833
30.4833
54.4
32.6333
57.5667
56.8833
37.6167
36.7
47.2167
42.6833
25.7167
28.2333
18.2
48.75
29.95
37.1667
35.45
45.65
40.1
45.4833
39.35
35.7
33.0667
42.3333
22.0833
16.9333
39.4
52.1333
39.45
41.1
30.9667
29.0167
29.4667
68.45
31.5667
36.6833
55.1333
34.85
46.2667
41.6333
8.43333
47.8333
25.2833
54.8333
42.6833
37.4833
28.4333
40
30.05
29.4333
40.8167
37.2667
27.8167
32.4
30.55
40.4667
32.3
38.55
32.3667
50.45
33.45
40.4
38.95
46.4333
8.11667
35.9167
24.1833
22.7167
22.6
36.5
36.2667
46.2333
48.4167
29.45
35.7
41.1667
39.3
61.4667
47.5667
21.4
27.8667
65.1167
21.35
36.0333
35.8
21.55
31.4167
49.8333
28.15
32.8667
31.5667
29.7333
51.5167
17.0667
49.7333
20.1
33.8
58.25
40.1667
33.1667
38.4833
41.4
30.3667
24.9167
47.4833
49.0667
36.65
40.35
30.0667
31.8
31.3833
52.1167
40.05
44.7333
20.1167
16.3667
29.3333
29.5167
30.5333
23.5167
40.3167
47.7333
20.75
38.45
21.3167
49.1833
39.7667
35.5833
49.1167
44.3667
21.9667
34.2167
40.4167
37.5667
23.0333
56.7
23.45
37.2833
46.1833
39.9
16.6167
46.45
35.9667
32.1833
36.7167
42.3833
44.8167
28.9167
40.9667
27.45
33.7667
28.6333
18.8
41.3
22.65
23.4833
26.95
36.2167
13.6667
14.3
37.6
35.9
37.6167
22.4167
21.8333
47.2333
53.8667
24.0167
30.3333
61.6833
41.3833
30.8333
40.2333
47.3833
15.5
17.6667
58.4333
41.55
54.1
38.3833
35.4667
11.5833
36.7667
56.25
32.1333
46.6
30.2
37.05
24.75
34.85
24.6333
42.3167
37.0833
41.1667
34.5667
58.7667
37.1167
48.6833
42.3667
42.2
41.7667
46.9833
25.55
31.3
45.2
37.0333
47.25
10.35
45.4833
38.3167
24
37.6833
39.1
19.9167
29.8167
45.8833
30.5
23.9167
37.6833
35.6333
45.4667
49.1833
39.4833
31.2667
28.7833
14.9333
27.15
44.2333
23.5167
36.5333
59.3333
46.1833
36.4833
29.2333
39.0667
39.75
43.9
30.35
32.7833
15.5667
17.3833
38
39.45
29.3333
28.5
41.6333
42.75
49.6333
45.0667
42.5167
43.0167
26.7167
32.7167
49.5667
33.0167
44.8333
30.1
51.3333
31.5333
31.1833
35.6333
34.2333
52.6
44.25
35.7167
24.0333
56.3833
45.05
40.1333
27.8167
46.8333
16
37.1167
44.1333
22.0167
39.8167
39.4667
57.2333
41.5667
44.15
33.9333
23.3667
29.6333
43.9333
56.0833
24.95
38.5
34.85
28.3167
36.55
18.9667
50.0833
52.4167
56.8667
51.5
31.8167
44.05
8.83333
32.5833
29.2667
55.2833
34.0667
55.8167
42.5333
27.3833
31.1833
57.85
38.5
31.1833
31.1
53.8167
31.2167
31.1
34.7667
59.9667
30.15
70.3333
30.45
29.6333
40.7
23.7833
24.45
37.1167
38.8833
56.7667
37.0833
53.8833
9.65
64.2833
48
38.1667
38.8833
52.9667
42.7833
46.85
58.1333
19.6833
39.0333
46.1
42.7333
45.6833
45.2833
9.8
35.2
34.95
27.2833
21.4667
44.4
35.6667
34.4167
37.7667
35.2167
46.2167
28.9
50.25
43.8333
24.2
35.5667
49.8667
22.0333
16.4833
24.2
33.3667
28.8667
21.5333
42.4333
44.1333
21.1
20.6833
55.5833
24.1
43.2
55.45
16.7
38.2167
29.6
30.45
38.8833
28.9833
31.0833
36.9333
44.5667
27.4333
22.1333
61.6833
21.15
40.2833
20.7833
67.5333
29.0833
53.55
26.0833
49.4167
15.2833
18.1667
39.8333
27.7167
23.6833
33.15
43.3
59.1833
46.7667
29.5167
36.85
24.65
20.7
44.3667
26.55
60.6
52.6167
43.1167
21.1167
26.7333
36.1833
34.75
31.8
52.3833
30.35
15.8833
35.7667
36.7667
30.0833
38.1
38.8333
28.6167
16.3833
15.95
48.5
22.5833
43.9667
39.4667
21.45
50.8
39.15
38.8667
41.6667
41.9667
47.45
29.2167
51.3
40.1667
39.25
24.35
54.9333
46.35
44.3
43.3167
21.2
25.9667
26.6167
27.85
7.6
38.0167
35.65
33.75
34.9333
20.7333
23.6833
24.15
51.2667
46.25
51.7
42.6833
41.3667
62.75
33.5333
37.3167
29.85
22.4333
31.15
38.1
14.6333
32.7
53.55
35.6333
30.25
31.15
49.3833
35.5167
23.8333
42.0167
37.0833
34.55
31.0333
49.75
14.1167
40.8667
11.6333
36.1333
23.9667
37.1167
41.1667
49.4167
40.5
41.9167
44.25
33.3333
30.3833
9.65
39.7833
27.8833
49.6
26.8333
26.9
36.7667
36.6333
40.6
53.2333
30.95
51.8667
54.2
51.6333
50.5167
39.15
30.8
40.25
41.6833
36.65
40.45
14.9167
20
37.2167
28.3833
33
28.1333
52.05
46.5833
24.2333
29.1833
39.5
52.5167
29.1
21.9
50.5167
35.1833
49.8
30.9167
42.3333
32.8333
27.4667
36.8833
44.3333
37.3167
30.8167
38.6333
41.3
15.4833
27.75
17.2167
28.4667
46.6167
62.6667
21.6167
48.2667
21.35
38.1667
16.0333
37.8333
40.9
30.8833
38.6333
24.2167
46.9
24.6833
34.2667
43.4667
24.45
37.9167
32.3833
46.7167
34
45.7833
31.5
21.5167
48.0167
22.4167
22.4167
53.1
23.45
47.75
15.6
49.0667
50.5833
43.1667
41.45
43.0833
21.4833
17.8667
8.55
39.9667
36.5333
45.3667
8.33333
29.4333
22.2833
30.8167
44.6333
48.4
63
20.6667
17.2833
53.4333
34.4667
50.2167
53.1333
48.15
27.6
32.7333
19.0167
17.35
43.1
50.1667
42.15
36.4667
24.6667
33.8333
38.5667
33.65
38.5667
35.7833
48.05
37.0833
19.0333
29.35
32.1667
45.0667
49.35
44.9667
15.8167
51.2333
48.5167
64.35
57.2833
46.45
41.7
50.45
37.9833
29.65
34.95
22.8333
53.05
30.75
29.5333
28.2833
60.0333
19.9333
41.65
43.6
36.4167
15.7833
59.8833
44.75
43.9667
52.2833
48.2833
46.75
28.95
37.7333
35.3833
25.8833
45.5
36.8833
21.8167
39.4167
63.3833
22.8
27.6833
34.8333
37.7
36
32.5333
43.5
37.55
38.8167
29.2833
22.2333
36.4
48.4
30.85
37.7
38.8333
49.0833
47.15
20.1333
32.95
61.9667
27.2667
31.2667
20.9667
42.2167
36.4833
22.7667
25.6
56.6333
35.5833
56.7833
16.4667
49.5833
50.1667
41.0333
22.7167
41.1167
44.7667
35.1833
34.7667
51.9333
23.25
29.1
28.0167
44.4
43.8
64.25
38.7667
39.4667
29.7
23.9667
27.6333
39.0833
63.0667
43.75
53.45
43.3667
44.7333
53.5
36.3667
35.9
36.75
49.4667
34.6833
27.3
42.7667
38.4333
40.7
49.1167
30.75
26
28.9667
32.4667
30.6333
24.6333
24.2167
48.4833
39.3833
34.1667
53.4833
23.2167
43.4833
30.6833
31.9833
56.7333
32.45
46.9
21.55
18.9
16.3333
28.1
43.7833
41.0667
24.0667
25.1833
36.9833
30.7167
22.2
22
38.3667
48.5667
52.3667
68.4667
43.2
36.75
21.5333
36.2833
16.25
42.0667
14.1833
34.0333
40.8333
39.45
62.7833
25.8333
43.4833
26.9333
41.5167
44.9833
29.6167
30.45
37.5833
34.4667
40.0333
28.55
22.7667
36.7167
28.1
34.8333
21.4167
35.4667
31.0333
33.3667
25.1833
56.7667
45.7167
41.05
43.15
44.5167
31.5167
41.8333
38.8
31.2833
44.35
28.1833
28
40.35
40.6333
26.6333
37.15
39.3833
29.3167
67.3333
43.7667
61.2833
36.0667
34.8
42.2833
37.5
21.5833
38.3
23.1833
60.1
16.5833
35.1
49.7
42.4833
45.9333
55.6667
39.8167
16.6167
51.5333
40.2167
34.7
36.5333
32.2333
29.7833
44.95
37.4833
28.1333
30.9
52.3667
36.25
49.2333
27.2667
43.35
53.7333
27.4167
40.15
15.5667
36.2333
31.55
22.1
19.3333
26.1
54.35
57.8833
46.9833
58.5
45.2167
23.9333
23.1667
28.2333
45.3167
25.2
31.3
43.15
55.1833
32.1167
45.6
66.4167
44.4833
49.2333
57.8
51.4833
34.5333
43.8333
42.85
32.9167
64.6167
43.4833
56.1167
46.3667
32.75
21.25
42.9333
43.35
44.4833
31.6167
33.1167
46.0333
39.9667
27.05
49.0833
48.3
53.2833
17.7833
49.9333
49.3
18.4
45.5167
33.7333
34.6167
23.45
55.1333
26.0333
43.7
36.8667
35.95
46.9667
31.15
20.5167
32.3333
47.0667
35.75
32.2
26.3333
31.7333
22.4667
31.55
42.4167
64.9667
23.6167
33.0667
23.1833
24.4833
30.35
24.5167
17.45
43.9333
23.8167
33.35
36.2833
37.3167
55.4833
36.0667
50.6
46.45
32.2333
22.45
58.2833
38.2667
38.2667
24.5
44.1667
44.7333
27.8333
35.5667
42.3667
47.6667
30.3
24.8833
21.0667
34.3833
35.6333
35.0833
22.45
34.6333
32.1167
21.2833
57.45
40.6833
30.2833
51.8833
30.6833
39.1667
46.1
41.1667
41.2
37.6
26.2833
52.4167
38.0167
22.4
46.2167
44
42.2
16.0833
43.8333
33.6
39.05
30.3667
40.85
23.6
8.51667
28.9667
23.8167
36.65
33.2833
36.9
43.3167
50.7
41.1833
51.9167
27.0667
33.4667
31.2
27.3
24.15
16.6333
60.0833
37.1
19.8167
27.4833
45.8
56.1667
33.4333
37.55
43.95
23.9667
46
21.2333
28.4333
38.8
25.5667
44.0667
34.95
41.9
28.3
23.6833
30.6667
56.25
43.2333
42.7
41.8167
44.55
36.5667
28.2667
37.95
32.6833
32
18.9333
32.7333
32.0333
47.1
37.1833
37.15
35.35
37.4667
27.9667
37.8833
28.1833
55.5
37.45
14.4167
56.45
42.7833
27.4667
22.7833
36.55
30.1833
20.7167
56.3333
9.4
32.3333
20.75
27.2833
54.0333
56.4333
22.7167
43.5833
50.8833
11
36.7833
18.15
21.2167
51.2667
31.8667
30.8833
49.3167
30.3
17.9833
16.7
56.4667
32.8333
45.9
21.2167
38.1667
27.0167
49.85
21.8333
23.6667
23.4833
30.3667
31.6167
35.1167
21.6333
34.5
28.45
38.5
23.75
31.65
23.4833
56.9167
22.1833
46.75
34.4333
36.6
26.1333
36.4833
30
31.6667
30.1667
29.3
60.7
46.0667
30.6333
32.4167
31.7667
15.0167
30.0667
50.35
27.4833
52.5333
49.3
29.4667
19.8667
45.1
44.6667
15.5
35.0833
23.85
45.7
25.0333
30.05
47.7333
42.4667
49.3333
34.6833
46.0833
47.1167
60.15
22.1167
26.9167
40.8667
54.0833
54.4667
48.9
26.9333
23.1833
36.5167
19.9667
51.0833
45.35
45.75
30.55
36.35
31.8333
45.2167
30.05
28.2
34.7667
47.6
32.3333
62.3167
30.4333
45.6
53.35
26.7167
37
39.15
59.7667
50.75
29.1167
59.7667
34.4667
15.6
48.2833
45.95
34.8167
30.1167
37.8
25.9667
16.9333
41.8
21.5167
38.2833
44.6
15.8
35.9
44.4833
22.05
60.15
30.0167
33.0833
24.2667
38.2667
23.2333
38.7
14.8667
29.4
54.1
20.3333
43.4333
42.6667
33.1333
51.8333
44.1333
48.6667
39.0833
20
51.7
29.2167
22.6
30.0667
22.6
16.9667
14.4833
30.4
31.9833
28.4
16.3167
29.6
50.4333
27.3
51.6333
53.1167
29.8167
27.9
29.0667
43.1833
38.0167
24.5833
40.5167
37.9167
31.2167
40.2333
38.3333
42.7667
43.0167
41.6667
28.7333
31.0167
16.3667
39.1167
54.9167
38.1833
33.7667
39.95
33.35
36.3
35.5667
29.1333
57.8167
25.2167
43.4833
30.2
34.7167
29.9167
49.25
34.1
30.2
28.7167
32.75
36.0333
16.2
29.7833
24.3167
16.1333
44.8167
32.5
44.3167
31.9167
27.2167
36.35
35.9167
42.5667
31.9
32.25
53.9667
30.15
36.1667
29.7333
37.2667
34.7833
14.2167
35.2
33.4333
25.0167
20.7333
30.1333
27.0833
22.5167
39.8833
20.4833
22.4
32.7
51.4167
43.3
55.7833
30.7667
25.35
28.9833
35.55
24.7167
43.2333
38.4
50.7333
50.3833
31.1167
28.6667
28.0667
51.8833
49.2833
34.9833
49.4333
26.05
32.3167
28.35
45.4667
37.9
31.35
44.1833
61.4667
36.3
34.25
40.3167
34.8
36.8333
28.6667
47.1333
24.75
35.45
27.1
15.3333
55.1833
59.9
32.95
41.9333
45.8333
49.25
42.65
52.6667
27.4333
46.8833
36
51.2167
62.4667
34.9333
13.7833
43.0333
25.2167
31.1
44.8333
49.2
32.3833
8.71667
46.95
16.5
44
57.55
34.4167
33.7167
35.4333
52.4
51.2667
41.2
21.7
43.9333
57.1833
8.31667
59.1333
23
48.2
14.5333
34.55
11.85
45.3667
26.8
57.7333
32.25
47.3833
36.6833
37.4833
16.4
37.1167
24.1833
41.3667
50.8
28.4333
27.2167
29.9167
37.6833
22.9833
43.45
36.8
34.35
25.05
15.1667
38.4833
54.6667
30.9833
43.3167
51.6167
43.3
22.5
36.25
46.5
48.0667
63.8833
39.0667
57.1333
32.85
42.8167
29.75
45.85
56.2333
36.25
34.0667
22.2667
29.8833
30.1667
33.45
37.9833
53.6833
38.1333
60.5167
52.9333
32.2333
36.6333
36.2
50.3167
49.8833
28.3333
22.3333
38.55
29.6833
28.1167
16.2333
32.4833
24.5
45.5167
35.7333
39.0667
46.95
20.1167
41.2
30.65
52.2
24.0167
22.5667
28.2833
15.9167
38.0167
30.9667
40.9833
58
43.7333
37.6167
36.8333
49.05
31.05
33.1833
31.4167
25.2667
44.6333
42.35
44.2
30.35
30.3167
27.8833
16.4
23.9333
26.8333
46.6167
47.3667
22.4167
34.7
29.5333
34.5667
18.2667
29.5833
29.25
43.1333
36.55
28.4333
40.6667
43.7167
27.5667
45.7333
66.2
53.0833
21.2333
38.85
49.85
34.55
37.9667
16.7167
32.5667
59.9667
46.95
39.1
58.4167
43.2833
22.4167
48.2333
43.2333
44.4667
31.0167
37.6167
48.1667
25.45
36
23.9833
22.5167
38.05
45.95
42.3167
32.05
57.8
24.0667
54.4667
45.2833
45.15
37.4833
16.3167
36.5
8.45
37.4
17.8833
23.0833
37.3333
49.9
54.9333
9.63333
17.85
33.1667
33.5333
39.8667
53.4
58.15
29.8667
41.6167
39.65
47.7833
41.1
22.8
43.4333
30.4667
50.5333
44.7333
47.8333
44.65
31.7667
53.6167
29.4667
44.4833
59.7
24.6333
45.35
33.8833
38.4667
29.35
45.4333
53.6167
33.65
37.8333
40.05
46.15
44.75
42.6
26.5167
50.1667
39.35
34.8
27.7
36.4167
31.35
52.2333
48.0833
21.8833
40.1833
35.9
34.3667
46.0167
58.2
53.75
50.9167
33.6
43.65
43.2167
17.7167
45.25
39.2333
22.1667
30.0833
35.8667
13.4833
44.2833
61.6333
23.5667
41.8
57.5167
37.2
31.3333
32.4333
55.6667
15.6167
58.4667
33.2
43.0333
49.35
42.35
58.2
21.4667
41.3667
35.55
35.2167
26
38.05
40.9167
30.7167
45.1
35.8667
28.3833
29.9333
42.7667
38.3167
49.65
35.2333
38.4333
55.2667
53.5833
30.6167
42.3667
35.65
29.6167
26.3333
21.9833
24.3667
52.75
37.6833
37.8833
40.4167
26
32.2333
56.8667
45.7667
51.2167
23.65
43.9333
41.2833
31.5333
37.2667
49.8833
22.95
30.2167
42.0333
45.6
47.85
21.9833
44.9333
36.7667
54.6333
44.3333
30.5333
30.4
30.4833
31.4833
34.1333
50.3833
25.6833
23.4667
26.05
43.2167
23.65
20.85
40.1333
44.0333
58.1333
29.3167
31.45
30.3833
27.0333
30.7833
28.4
45
26.75
22.3833
16.1667
46.95
25
20.1167
35.1333
24.75
16.45
49.8
21.3833
21.45
71.95
53.8833
60.5167
43.1167
31.1
32.4667
29.1833
56.6333
26.6333
23.35
40.45
22.4667
51.9167
36.9833
42.8833
29.6167
28.6
43.0833
33.65
22.0667
46.6333
15.25
40.45
49.9
15.25
48.9
23.4167
34.8167
30.0667
58.35
37.0167
15.7833
51.9333
36.6333
39.4833
40.5
56.2167
35.5
33.75
26.5333
36.95
30.0667
39.8167
56.4
50.5667
27.8
30.7
44.0833
23.9833
26.8667
33.6
25.25
31.7833
37.15
35.0167
33.3167
54.3333
46.1167
56.5167
23.2667
41.7
51.1
37.7
61.95
41.0833
53.85
24.6167
50.4167
22.1167
59.5833
43.7
38.75
23.8
47.3
23.6167
50.1
25.8833
47
28.4
43.95
53.2667
38.9
30.6833
43.05
28.3667
29.1667
44.85
34.8333
40.3833
24.35
53.2667
41.75
22.1333
9.35
36.1833
49.55
28.4667
45.45
49.2167
52.9
30.3833
38.45
31.8167
48.9667
79.9
28.2
33.4667
50.8167
81.8
36.1167
45.85
35.55
29.1167
18.8667
35.1333
33.7667
30.6167
9.9
21.1833
41.8333
15.2167
38.65
46.9167
36.5167
50.1167
22.0833
36.5167
28.35
36.35
30.9
37.0167
37.6833
31.0833
25.4667
34.2333
20.05
23.6
30.55
37.25
35.0167
29.0667
30.4
41.0833
23.0333
25.35
59.3167
29.4333
44.3833
49.6667
37.1
22.2
51.05
47.4
13.9
17.3167
17.4167
39.9833
29.0167
45.8667
36.6
23.6833
47.35
41
34.1333
18.7667
28.45
50.6
16.7333
48.8667
47.4667
30.1833
45.95
48.8667
40
22.9
14.6167
32.7333
42.6
25.9833
38.9333
45.3
18.7667
43.6667
22.7667
28.0333
47.6
37.4833
34.8667
36.8333
45.5
42.1
31.15
47.4667
27.0167
36.3167
39.75
34.1167
32.95
30.7833
41.8167
36.1333
39.3167
38.4833
52.65
30.0833
30.2667
15.9667
35.85
28.9
40.0833
36.9667
40.1
16.6333
45.8667
28.9333
24.35
35.9333
55.4667
37.7667
21.5667
34.65
45.65
33.2
33.7333
24.4
50.8333
28.9333
39.25
55.2667
41.2
30.7333
21.7333
29.5
30.85
38.7167
37.35
43.6667
59.5167
43.4333
35.5333
40.8333
28.7667
42.2167
35.45
25.3833
20.9333
29.45
28.1167
28.9
38.8833
53.5833
47.7833
35.1333
9.73333
29.9167
39.1333
21.5333
48.0833
44.5333
38.3667
34.1167
52.05
14.7833
47.1833
31.3
27.7333
31.8333
29.6
49.1
23.8667
56.5833
46.6
50.6333
44.2167
42.5667
41.1667
29.8
40.9833
51.8167
40.0167
39.35
39.6333
39.15
27.95
50.4
36.1667
24.2333
53.8
34.2333
52.5333
33.85
28.8833
41.0167
42.35
15.5833
52.35
47.5167
20.7833
25.3333
26.9
57.1667
42.65
16.2667
30.8833
46.5667
37.4167
46.9667
29.1167
34.6167
15.45
49.5167
35.5167
38.7
37.75
18.8
59.0333
26.9667
23.6667
44.4667
50.4167
24.05
43.6167
41.4333
29.3833
47.1
35.1833
55
31.0667
43.0333
44.4167
37.85
27.4
30.9
38.9833
16.25
28.4333
44.4167
42.85
30.0333
17.7167
24.5833
40.3667
22.8833
36.6833
30.8167
52.8333
22.0667
43.1667
34.9667
43.9667
43.9
23.7833
35.9167
27
49.3167
46.4167
16.3
44.95
28.7333
45.4667
53.2167
58.75
25.0833
47.75
48.9833
36.4667
18.1833
40.65
24.55
36.1167
66.3333
27.4167
30.2667
27.3
61.7
46.2167
23.5833
20.8333
39.9
24.95
27.25
38.4667
32
24.5
14.5
24.2333
40.1167
35.0167
48.9667
37.1333
33.0833
63.0833
33.4333
15.25
34.3667
27.3167
44.3667
34.9
38.6667
56.7
45.2
30.3
36.7
43.5667
36.7333
28.6667
35.6833
36.1
47.25
30.0667
33.9833
39
22.6833
41.6167
46.3167
41.3667
57.9333
36.1167
33.6167
42.4667
39.9667
43.7167
31.3333
31.1167
37.85
41.55
45.6667
22.8167
41.4833
30.7167
47.2333
16.85
43.4
40.1333
40.25
47.6167
46.9167
42.65
39.7
43.6333
33.5833
54.5667
48.1667
34.5
44.25
42.15
53.4667
25.7667
28.7333
49.55
9.78333
37
29.3167
31.5667
23.55
33.5667
24.7667
24.8
40.3
59.0333
36.0167
55.4667
35.6333
46.8833
34.8333
21.5333
29.3833
41.3333
31.1167
31.2333
39
52.2833
41.4667
48.3667
42.5167
27.5
39.1667
25
20.2333
29.5667
21.9333
24.8333
35.1
44.65
22.5167
29.4
46.7667
43.5833
31.9333
30.9333
26.6833
53.7667
49.8667
32.6333
32.5333
62.35
54.9167
40.6667
58.4833
25.8167
28.9
21.95
44.5167
20.4333
47.9333
34.2
55.7667
53.25
55.5333
32.8333
34.6833
64.1167
52.7167
22.4667
43.6833
51.85
31.5667
30.3333
54.5667
10.3333
36.9
33.1167
35.8
35.1667
52.9833
35.55
43.3167
68.9167
38.25
16.7667
28.4833
28.95
51.1
29.8333
41.7667
51.8167
31.3333
47.95
54.4333
41.3167
26.4833
35.75
43.4667
34.9
22.6833
42.7667
38.1
36.3667
43.2167
37.3167
36.9333
39.1833
60.5
51.5333
44.8333
24.4667
26.45
36.0167
28.4333
39.5167
29.6333
27.3167
30.65
44.0667
30.0667
22.2333
23.5333
25.05
24.9
35.4
16.6833
44.9167
31.8333
51.5
39.7833
28.5
28.0833
41.1667
46.7
37.1333
30.7
34.1667
23.6667
41.6
40.2833
33.2167
36.7167
35.6833
28.7833
25.3
32.35
34.2833
28.4
16.2
29.75
27.1833
34.9
47.9
43.3167
54.5
52.1167
46.6167
32.4667
42.3833
21.3167
41.0833
42.15
39.8
29.15
46.8167
25.2833
40.8833
71.0833
38.0333
17.1667
48.9667
29.3
55.3667
35.35
57.4
43.3167
18.1833
32.2833
26.45
29.8667
32.85
38.7667
28.9833
17.8667
34.8
10.3667
21.3667
23.2833
51.7333
40.1333
35.3167
36.2167
23.4333
26.2167
27.4
32.4667
36.6667
18.8833
50.2
34.05
45.7833
58.6
24.3833
16.95
36.2667
41.9833
47.3333
36.25
32.45
43.0333
41.6167
23.3167
52.75
13.4167
21.5833
56.2333
28.2
23.4833
46.6667
29.0333
16.8667
30.8667
27.6833
52.5
51.5
23.1667
8.61667
27.9667
52.95
45.1333
34.3833
31.1833
31.75
28.8167
60.5167
35.2833
22.65
52.1833
33.5333
37.3333
36.6
18.5667
30.5667
49.5333
33.2833
38.6833
48.9833
34.35
21.7
40.25
42.9333
21.3
46.1333
55.8333
55.0833
36.7667
48.55
17.0833
50.1
39.2833
21.8333
33.9667
39.1
49.9167
44.85
63.3167
38.5333
31.0167
41.6333
59.9167
65.3667
29.75
54.2
22.6833
34.2833
54.3667
31.2667
55.1167
37.6333
20.3
16.6
41.9333
33.25
49.5167
46
36.5333
53.8833
49.8
35.9333
61.8
51.3333
27.25
23.7667
24.1
43.35
37.5167
45.2667
28.4667
34.1
25.6667
32.1167
17.45
30.1167
37.0667
38.55
36.5
30.7833
14.9
43.85
22.95
30.1833
46.5167
28.4833
47.3667
59.4
36.1833
59.5
44.5167
50.9
36.3
48.75
32.5
36.7167
35.1333
46.45
39.55
17.4
30.15
41.0833
49.55
35
28.95
48.7167
42.4
23.65
54.1
47.1
38.3167
19.1167
23.85
51.7167
25.9
22.2167
23.2167
37.55
41.85
28.1
17.3167
53.5833
39.05
23.5667
30.5
22.8833
15.8833
43.8
37.45
31.25
47.5167
31.6833
29.0667
39.5833
56.7333
41.8833
33.8167
64.6333
30.85
22.3333
54.5
35.1
23.5333
43.0833
37.8833
63.1667
48.3667
37.5667
41.2
36.4167
41.2667
59.6167
39.8667
29.8833
28.05
42.5
30.85
24.2
30.3167
35.2167
23.9167
34.7
17.8667
23.3
70.8167
50.2333
30.9833
25.2333
27.95
60.3167
17.3167
33.3167
53.6167
20.8833
31.95
35.3667
35.05
24.0667
21.1167
42.3
15.5
44.2667
43.4833
23.8167
47.9167
10.1333
42.8167
47.5833
60.8833
39.2167
43.2667
41.1667
63.1167
40.3333
63.7667
35.85
20.0333
49.05
44.3667
50.6833
38.55
28.6167
35.9
52.3167
52.1167
38.6667
22.8333
16.35
24
45.55
25.6833
58.3
55.6167
56.3167
20.8333
45.8833
36.7167
46.4
45.3333
52.1333
56.1833
66.6
10.4333
16.3833
39.8
59.6833
25.35
31.5333
26.7333
49.4167
41.05
35.9167
31.0667
39.6
28.6667
34.0833
44
28.4833
52.75
29.05
38.7333
44.65
39.4
38
37.5333
47.25
45.0833
42.4333
48.5333
16.2
28.8
34.9333
37.15
54.5167
37.5
15.9667
42.4833
47.0833
51.0833
35.7333
28.9333
42.2333
61.9667
16.2167
31.6333
34.25
43.5667
36.6
29.25
24.1833
34.85
27.9167
36.6833
37.5833
32
40.9667
51.0667
21.3167
47.2333
24.8833
33.75
44.5333
40.85
59.7833
42.5333
44.5333
49.9333
38.1167
33.0167
35.8833
20.7333
26.6167
20.5167
38.8667
23.3333
33.95
31.7
46.7667
36.5
38.45
30.4333
38.1167
41.4
23.6667
47.2667
39.0833
56.25
29.5667
42.3667
49.05
16.2333
23.4833
20.8
50.4333
29.6167
54.8667
49.5667
38.5333
24.8
38.75
35.6667
14.85
29.6667
49.4333
49.15
35.7667
38.3333
38.1333
23.4167
33.1667
36.05
64.9
35.0333
32.7
39.1
37.1333
33.5
41.1
40.0833
49.5167
22.2667
44.3
37.8
54.3
42.3167
35.5667
16.6833
35.6167
36.7
31.8833
32.0833
39.5333
45.6333
43.8333
41.65
35.8667
44.45
27.7167
21.4
26.3167
32.6667
48.7
43.9333
39.0833
40.55
53.7833
27.0833
29.2667
21.7833
28.5167
36.25
35.5333
31.6
21.6
33.8667
25.8833
43.2833
15.2667
22.4667
48.9333
31.5
20.5333
36.4
39.1667
53.0833
38.1
30.6167
55.0667
58.3333
29.8667
19.9833
42.4167
44.2167
27.2167
29.9333
27.2
34.1667
31.3
49.1167
60.5
51.9833
45.0333
39.7833
43.9
32.0667
29.8167
36.6
16.8333
45.2333
52.15
44.3667
50.6833
24.9833
36.4167
16.05
33.4333
41.3833
53.4333
34.2833
18.8167
23.5333
29.9667
32.9667
42.25
9.56667
39.45
22.8833
27.0167
49.95
34.15
53.2667
36.1667
16.8667
41.8333
36.8
45.15
33.9333
31.9
35.8833
56.9
37.95
48.0333
55.7667
44.8833
44.8167
37.1833
47
34.05
57.6833
59.6833
40.4
27.5833
49.6
28.0833
54.6
52.4833
59.0333
42.5
31.55
42.0833
31.2833
28.05
23.85
29.45
23.8333
40.5
40.3
24.2333
36.5333
37.65
39.15
30.5833
41.5667
52.3833
20.3167
22.7
42.0167
50.6167
47.8667
32.3
20.3167
59.8833
44.7333
53.0167
15.8667
68
18.85
29.25
17.4333
32.6333
22.2667
22.5833
46.05
35.4
18.6667
32.85
52.0333
42.4
54.15
22.35
63.8167
20.9
35.0333
30.3
13.1833
47.0333
55.15
30.1667
59.7
27.8333
41.3667
46
31.5333
22.8833
24.1
8.56667
43.0167
47.3833
32.9
36.2333
53.5667
22.3
38.2833
31.65
52.3833
65.0833
56.7333
17.5333
45.2833
31.1167
56.5667
34.5667
49.95
27.5667
41.1
43.4
35.4333
49.6
39.8
23.4667
40.6833
44.1167
37.2167
47.6167
42.2833
43.3
43.9833
38.1833
29.55
35.2833
41.6667
39.2
34.1833
44.7833
33.25
37.6167
28.4333
43.5833
24.9
40.5167
34.9667
46.1667
30.5333
49.1667
33.35
35.3167
60.4667
34.8667
40.95
30.8167
31.7167
26.5333
43.1667
31.45
50.6667
29.6333
43.6333
50.3667
55.5167
35.4333
34.3667
41.6
39.9333
29.4
24.1
40.9667
38.35
51.5667
29.6833
30.75
23.8
38.0333
30.2667
20.9667
21.6333
39.8833
30.1167
14.7
23.35
40.7167
36.1667
47.7333
41.1333
42.2667
26.85
30.9833
57.8833
48.4167
18
16.2167
37.6833
31.25
26.5333
22.4
51.55
34.4333
36.9833
35.4
50.5667
45.25
32.1667
49.25
37.5667
35
20.05
37.1
36.6
15.65
34.7833
48.6667
46.3167
23.1833
33
26.0167
38.0333
30.6167
22.9167
27.8667
28.2833
43.3167
33.45
57.9167
28.3833
35.1333
38.3333
54.8167
28.8333
58.0167
15.0667
33.1
40.3167
41.7667
44.2333
20.1167
33.1
35.3333
33.0833
32.2667
58.3
43.8167
22.7
37.1833
52.8333
57.9
48.5167
45.6
44.8333
22.7167
25.1167
39.5
33.0667
42.4167
37.1
47.7833
28.85
41.1667
15.6333
34.35
49.6167
10.0667
16.4
33.4167
31.9667
54.8667
33.5333
26.6167
44.3167
52.0333
28.55
43.9333
28.4333
36.5
46.95
53.6
46.9833
31.7167
28.6333
43.6167
35.5833
27.3167
28.0333
50.4333
8.51667
23.6833
20.6833
37.65
28.2667
17.2333
23.1667
25
47.6
41.4833
43.2833
45.05
38.2167
43.4833
37.4
46.8167
45.6167
44.1
30.95
17.4167
49.3833
36.9333
30.6
33.3333
46.3833
46.6667
39.5667
43.15
24.5
67.25
28.7
24.7167
49.2333
53.7833
28.1833
43
15.5667
42.0833
42.9667
23.7833
32
55.9167
30.3
26.35
31.4833
42.75
54.5667
56.9333
29.65
16.1167
43.3667
37.65
34.1
24.1333
48.6167
37.3833
31.45
35.0167
39.9333
30.7833
35.55
22.3833
44.7333
28
27.2
59.3
29.4333
45.2833
22.9167
27.0833
33.1
53.6333
47.2667
8.48333
40.4
39.75
55.0833
33.6667
42.9833
32.1833
47.05
29.1333
46.7667
67.65
31.2167
51.7833
54.05
33.7167
27.3333
33.0667
39.5333
22.5833
13.75
40.05
33.4667
31.6667
32.6833
26.2833
44.55
15.85
16.6333
28.6
62.0667
38.0833
42.6333
21.0833
38.3167
29.3167
44.9
27.75
41.4333
16.1833
27.2667
42.95
29.85
26.9667
25.2333
27.5667
25.1
43.6667
58.45
27.3667
17.3667
30.7667
53.8
27.1
9.88333
48
43.4
30.3167
23.45
43.05
16.7
42.0833
24.0333
22.4667
16.25
31.9167
9.4
36.3333
31.3
28.2167
39.7333
45.4667
20.9167
45.2
79.6833
27.0333
31.8833
30.5
41.3667
47.45
35.1167
29.75
21.6667
45.2667
30.5
23.4667
28.8667
22.3
46.5833
9.86667
37.2833
41.65
40.7333
20.7333
29.0667
35.7833
46.2
38.0833
34.1167
41.2667
39.4833
43.7
35.5667
50
37.35
24.1
29.2333
43.3
38.15
28.9833
39.7
50.1167
45.9833
18.5167
55.4667
16.9333
40.45
45.35
34.7
53
33.2667
30.2833
44.85
31.4333
24.3
32.75
37.7667
27.8167
33.95
57.0333
39.7
16.1333
41.5667
32.2167
36.0167
20.0833
29.4833
45.85
30.4
38.4167
48.9
29.4
20.9833
51.9333
49.4333
38.4167
28.5333
52.9167
49.05
37.3833
36.0667
21.3667
49.5
24.4167
35.1333
31.7667
49.6667
61.6333
44.6667
32.9833
33.1333
32.6333
36.05
43.25
16.2333
29.8333
41.7333
52.4167
52.9167
33.25
42.8667
45.65
46.8667
34.7333
23.1833
35.3833
43.35
50
28.4667
32.7167
39.6
31.3833
41.85
43.2833
30.25
37.1333
51.05
44.9
38.6
42.2
40.4333
22.2333
34.5167
32.75
44.15
23.35
24.2
31.65
16.0333
29.7833
33.2333
43.8333
44.2667
29.0667
35.3833
29.5833
27.9167
31.5167
35.4167
35.6167
54.4333
44.8167
33.9333
35.9
37.3333
32.0167
51.9833
48.9167
52.4333
39.65
66.7
26.9
59
30.75
40.6833
30.2167
49.55
9.11667
42.15
64.9
39.2833
53.2667
25.3833
45.2167
32.5833
56.1833
41.5
27.2833
30.6333
31.7667
42.9167
38.55
27.5
18.4333
31.3833
44.1833
22.0667
35.8167
20.3167
47.1833
42.5333
29.95
37.5667
35.6667
44.4167
10.4
60.5167
33.5667
47.6
31.7667
27.6333
39.3
45.5333
56.4
43.85
23.3333
34.95
34.9167
28.1333
26.2333
36.6833
28.3333
15.2167
30.7333
55.1
43.7167
33.8333
28.8833
31.7667
24.15
56.45
32.9167
48.55
23.4833
47.7
33.2167
40.5
37.3
21.85
33.3667
27.95
34.9
45.95
49.85
61.9333
43.2167
50.3
40.9333
49.45
24.55
50.55
33.9
49.5667
47.1333
25.9833
60.3833
31.7
35.4833
45.4333
20.9667
27.5333
55.1167
31.5667
45.1833
37.5667
24.8333
45.4333
50.3167
59.1167
30.0333
29.2667
23.2
47.0167
57.4833
31.4167
44.2667
35.95
30.9833
33
44.05
25.8
42.3667
13.8
38.9
25
44.3
39.6333
51.35
40.25
37.3333
30.0667
45.1667
64.8667
32.0167
30.4667
50.5
23.5
28.75
31.4
32.6667
39.5167
37.4167
27.0167
46.15
51.3
46.2
27.4667
26.6833
52.9333
46.1833
36.85
58.5333
26.15
22.8667
41.05
42.0167
48.2333
32.7
23.2167
26.8333
36.3333
15.5167
26.8
25.2667
46.2833
21.5833
36.65
53.2667
49.2
83.7
50.2167
37.3667
31.0833
21.9833
27.5167
33.75
33.5
24.15
43.1167
48.5833
35.5167
25.0667
38.4167
8.81667
39.8
45.95
47.1167
25.7833
45.1167
33.9
23.4333
38.6167
43.2333
48.2833
30.2167
31.6167
24.0167
23.8167
30.1833
27.4833
58.5833
24.7333
37.8333
36.05
29.6333
29.3
44.1
39.8667
23.8167
35.7167
49.2667
51.4333
38.6833
43.0333
46.4833
34.8833
54.0833
37.0333
29.2
20.6167
45.0667
49.75
49.6
29.4167
32.3167
46.6167
31.1167
41.0833
29.25
22.3167
50.0333
35.05
39.6333
31.95
28.9167
50.1
72.5
51.7667
39.3833
26.9167
30.25
23.8
30.2333
55.9
50.3667
44.3167
39.2167
29.8167
43.0167
23.1
36.9
31.4
34.3333
49.3833
34.3333
29.4667
46.9833
31.8
33.55
28.8333
28.4
37.6
31.2333
40.5333
21.2
23.8333
34.3833
31.0667
23.6833
35.9833
47.1
44.3667
33.8167
27.3667
30.7833
29.8833
51.6333
51.5333
30.7167
22.0833
27.4167
34.35
33.5667
39.9333
10.25
57.1833
46.15
36.9333
8.6
36.75
21.65
36.0833
25.7
65.85
52.0167
41.2
23.5333
43.5
9.15
28.7667
47.65
33.85
31.5167
42.15
21.9333
31.0167
30.7
51.8333
15.7833
42.2
50.0667
40.1667
35.1167
32.2333
36.4667
27.55
51.6167
40.45
45.0333
46.8833
54.2
30.0333
31.2333
36.2333
40.3667
46.4333
23.5333
28.4
51.8833
39.3833
23.8167
45.65
9.31667
35.8167
44.4667
23.1167
27.8
42.1333
43.4333
48.65
42.9833
29.9167
27.2167
17.5667
23.7833
22.6333
23.8833
42.7667
15.8167
36.45
24.05
15.6333
56.4333
52.8167
49.4833
9.05
23.6333
27.8333
47.4667
14.7333
57.5833
44.6833
32.8667
40.9667
56.05
49.9333
21.85
42.45
49.45
46
27.5333
22.6
46.4833
42.1
34.1667
22.5667
17.9833
23.15
22.7
42.9333
40.75
32.1167
56.1
37.3
43.5333
42.3333
51.5167
16.2333
30.4833
38.8167
47.7167
45.3167
23.8833
41.0167
35.8167
34.8167
33.0667
49.6
58.4167
44.8
53.1667
20.65
40.6333
40.1
31.4
38.5833
23.0167
20.9667
28.4333
44.25
24.9167
35.7833
38.55
45.2333
39.4667
48.1667
34.1833
23.9
48.1333
22.6
50.2
37.0833
23.7833
35.9
32.2667
15.2
48.35
46.7833
37.5667
17.1
16.7
46.7
44.55
22.6167
42.1667
48.35
25.2333
16.3167
45.6667
14.5167
39.0333
48.6667
16.8833
23.7
54.4
49.0167
37.95
31.1667
25.5833
25.1833
50.35
51.7167
45.3
28.3167
27.5667
42.65
27.0667
36.5833
24.4
30.7333
38.2833
39.3
15.3833
33.2667
33.85
49.85
50.75
30.7167
14.95
59.4333
43.5833
64.9
30.7667
34.6833
41.1667
23.3833
30.2
57.4
35.2
43.9333
28.2833
49.3833
20.9667
22.8667
23.8667
53.7667
42.15
28.6167
40.05
48.65
36.2
34.85
29.2
33.6333
48.2667
22.5667
31.9667
17.5333
63.3333
59.95
43.3833
37.85
40.1833
25.3
35.2167
30.5167
9.25
35.8833
36.6333
43.7
29.9167
36.9667
33.4833
23.1667
33.5667
35.4
27.05
24.8
15.8833
35.7667
24.9167
35.95
29.5333
15.3167
48.3167
46.9667
39.9333
46.05
28.3333
43.6333
30.75
38.9
24.9667
41.8167
16.45
54.9667
44.5167
34.6
44.85
38.4167
29.5
34.6333
40.35
35.6333
54.8333
29.65
53.0167
46.4667
51.7333
55.9167
60.0167
41.3833
36.2333
52.2833
30.3
55.2333
22.1333
34.9833
36.3333
26.2333
35.15
30.6
28.6
39.9
57.05
49.0167
35.1667
30.2833
30.05
35.85
37.3
22.0167
23.6667
41.1167
63.9667
57.7167
52.6833
19.4333
30.6
19.7833
53.3333
50.15
37.1167
32.2167
44.4167
43.35
28.5667
37.9333
36.5333
24.65
38.0667
37.9
38.85
23.0333
14.55
36.7833
35.7833
22.35
50.6667
57.3
42.7667
42.15
45.4333
22.2667
39.9167
41.4333
50.8833
44.5833
27.6667
27.65
49.35
35.75
55.5833
36.0833
38.8
54.45
38.8
47.9833
57.0167
29
47.45
50.1
37.7667
45.1667
51.4667
41.1333
14.5
36.9667
43.9667
50.2667
31.15
44.3
29.3
32.4333
30
27.4
40.2667
58.6167
41.6333
16.1
59.95
46.3667
18.7
37.65
36.9167
37.1667
34.2833
21.7667
38.3667
61.1667
38.6667
18.8
21.7833
33.0167
51.9833
20.3
55.2833
17.1833
35
43.95
26.0167
41.6667
38.0333
53.9167
55.0667
27.8333
42.15
45.1833
30.25
55.2667
34.45
15.0833
27.5667
52.5667
60.3167
51.0833
22.9167
26.8167
27.7333
50.0333
44.3833
7.46667
33.7
42.45
42.1833
46
40.3833
48.4667
16.1167
25.8833
31.05
52.2167
39.8
45.8833
37.2167
27.0167
27.75
42.7833
23.85
44.3167
40.4
45.4833
35.9333
36.7333
35.9333
37.75
35.2333
22.1833
15.3167
35.8833
27.6833
44.25
48.65
26.0333
54.0333
33.2167
35.25
45.0167
22.8667
29.4833
23.1667
42.0833
22.35
32.1167
49.25
31.6333
23.7
41.2333
17.6667
31.6333
34.0667
45.1833
29.2167
34.5167
20.1333
41.5667
37.7833
43.5667
30.1667
39.6833
22.0833
28.1333
57.5
39.1833
33.0833
35.6
36.8667
42.9
52.6167
29.7
46.3167
63.25
37.6
47.3833
44.95
36.7833
30.4
30.05
50.1667
34.9167
32.3167
37.6333
54.9833
32.8833
46.1833
59.6333
59.75
29.1
51.8333
35.1667
34.4
18.05
32.8333
35.15
23.1
35.3667
42.5667
40.3333
30.7833
43.0333
31.4833
28.8167
22.8167
32.8333
15.75
22.7833
57.0167
9.26667
32.2667
30.7333
20.7
24.9167
23.8
40.4333
21.7167
25.7833
55.4667
47.7
45.2167
33.65
24.4333
50.9167
34.5833
45.7
25.8167
29.35
38.1833
23.1167
23.3667
49
24.25
29.6167
29.7833
29.2333
51.0667
13.1833
29.0667
35.1833
44.0333
46.3833
49.5333
30.6333
49.4667
44.0833
31.6333
46.2
37.65
30.4167
39.6333
14.9667
36.15
39.5333
47.5667
46.3333
51.7833
47.2167
36.3833
38.9167
42.2167
42.5833
20.2667
36.6
28.0167
15.0667
35.85
41.8
49.1667
54.55
28.1167
34.45
35.3833
50.2167
21.9
16.6
7.96667
49.15
34.2667
54.1833
46.7
48.9
47.6167
59.6167
48.05
27.9
22.9333
33.8
43.2167
33.95
23.55
34.85
49.9833
28.7167
33.15
22.4167
54.6833
35.6167
39.1
48.9333
27.7833
49.8667
42.6333
32.7333
41.0667
38.25
36.1167
24.0833
45.0667
20.8667
37.1667
41.4167
35.9667
39.5667
28.65
37.5
54.5667
32.1333
36.2833
37.4667
30.7167
27.9833
31.5
36.1
26.25
37.2167
49.05
49.7167
35.0333
42.5
36.1167
46.7
42.3
24.35
40.1167
29.4833
41.3333
42.65
26.7
54.7833
39.7
46.3
25.7333
38.05
24.8
28.25
41.2667
25.75
48.35
45.1
51.2333
43.8833
44.3167
36.0667
23.5167
40.1167
50.2167
20.8167
42.8167
22.0167
35.15
44.8167
52.25
31.2167
54.75
31.8333
26.25
31.0167
23.35
20.15
46.5
41.7
37.9667
15.25
36.95
37.7833
45.1
49.4667
49.7667
20.0333
35.6667
29.6833
23.7
46.75
50.3833
55.0667
35.4667
46.8667
51.5833
32.6
30.7
55.55
46.25
23.55
31.4833
35.4167
30.0833
35.6
25.9333
15.85
16.35
29.6167
54.6
55.5833
16.1333
23.9667
51.8
22.2
36.1167
29.7333
36.7
42.35
17.6333
29.8167
34.2167
53.9333
20.25
40.0167
22.1833
52.8833
25.55
39.9667
18.25
24.25
28.95
32.0667
46.65
36.5
33.5167
58.0667
46.6833
43.8833
53.75
48.8
35.05
43.7833
30.6333
35.0667
30.3667
64.15
44.55
39.3667
56.4167
20.1667
23.3167
21.4333
48.3
48.2667
44.4167
37.1667
29.6167
27.4833
43.9
32.8
38.7
33.55
36.5333
14.7167
34.2
29.0667
35.9833
35.85
38.3667
35.2833
23.2
50.25
44.35
56.45
28.9
40.1667
44.0167
41.25
47.4667
50.6333
54.3333
61.6
31.8
28.3167
42.8667
54.5667
35.6333
49.2167
47.6
50.3
28.1
28.75
39.3
36.55
36.4167
32.6167
37.8667
30.2333
41.1
27.8833
22.8
36.4167
58.5833
15.2667
23.8167
9.08333
35.65
49.5167
33.45
55.5833
25.7333
20.85
22.6833
31.5833
30.0333
40.6833
42.5667
44.3167
35.8333
62.4333
27.95
32.3333
27.9833
54.1833
16.1167
31.8667
44.75
36.3833
36.85
40.45
21.6
43.3333
29.0667
42.0333
28.1167
43.7833
34.3333
15.7
40.4167
44.5833
35.7
42.7833
26.0667
22.7
23.1667
29.6167
50.3667
40.1833
28.3833
31.7833
40.05
40.65
36.0833
34.6833
38.5833
45.9667
31.05
8.11667
21.9833
27.95
16.2167
16.25
36.0333
32.55
37.5833
23
46.8
41.25
47.0167
23.2833
38.6
51.3667
39.6667
45.6667
35.0667
32.5
32.3
29.4333
44.35
38.25
42.1833
47.9333
55.1833
33.8833
37.9
52.25
52.05
22.3333
38.8167
25.2833
54.6
33.6833
41.8833
36.7667
42.4833
38.6333
26.5833
38.3333
26.5833
29.5667
41.1333
42.8833
36.2667
52.3167
43.6333
32.2667
46.8667
29.45
26.25
28.85
31.6667
37.9
30.9667
22.4167
50.7167
49.9833
26.85
48
9.18333
44.5833
32.25
51.5167
45.3
36.7333
22.1667
52.9333
51.7667
22.0833
31.7167
34.1
47.7167
33.0667
41.4167
43.4667
34.9167
25.25
44.4833
48.85
46.4667
15.7
52.4167
58.8333
14.0833
36.3667
29.0167
51.2833
22.25
47.5833
28.4167
28.8667
54.0333
37.4667
34.2833
15.6333
37.1
36.55
31.25
31.75
32.1833
45.2
53.5
36.55
52.65
49.45
25.85
24.25
45.0667
24.1667
45.9667
28.5
26.6167
28.7833
34.6167
37.1833
28.9
37.3667
23.2
22.4333
39.4833
30.3667
22.7667
26.45
40.9333
35.4667
32.25
16.7167
39.8333
48.15
45.2167
55.3833
35.9167
67.1333
38.9667
32.1
28.3833
44.0333
43.8167
49.8833
8.38333
40.9
51.9167
15.3167
34.6167
40.2333
51.7
22.8333
29.4833
35.0667
33.8333
48.35
40.2
54.5167
21.4333
39.7333
21.2333
49.9333
30.3167
9.23333
43.4167
46
31.0333
55.2167
32.2167
39.1667
60.4167
54.15
35.65
31.5
16.55
41.15
47.0667
46.6667
23.4167
16.2833
40.95
31.55
36.7833
37.2
50.7
34.5167
44.5167
51.15
46.6667
49.1833
25.15
43.45
44.35
25.05
62.2
20.3667
25.1333
64.8667
33.4667
27.5833
49.1667
39.1833
14.75
33.8
50.2
28.55
33.25
38.5167
65.9333
48.8167
38.2833
44.4
46.1833
27.3167
44.25
16.1
49.1
39.6167
35.8
38.6667
31.6167
21.3667
47.3833
40.95
49.6167
59.5
32.35
28.5667
23.4167
44.5
33.9333
37.5667
39.8
41.7667
32.8167
30.85
23.85
41.7333
22.9
36.4167
31.5667
41.3167
47.0167
22.85
35.4833
23.25
22.3
42.1833
62.95
22.5333
41.5333
23.25
34.8833
28.7667
49.2167
37.6167
32.7833
51.0167
51.2333
54.95
54.4667
37.7
32.4167
29.3667
21.5667
33.9167
30.5667
28.3167
25.2833
38.15
21.2333
23.1667
24
27.1667
43.55
15.8833
22.7833
46.65
58.8833
40.6167
49.2167
14.35
22.9333
27.2333
29.6167
34.9
40.1
24.95
51.3833
50.4833
31.9333
36.25
9.4
56.45
47
34.8833
51.2333
52.3667
30.1667
23.7
20.6667
39.4167
46.1667
48.4667
23.2
45.7833
40.5667
47.4167
35.45
43.85
20.95
29.1
28.2
22.7833
39.8667
16.4333
22.5333
35.6
39.3667
29.1333
52.5833
30.75
32.1667
33.4333
42.4167
47.8833
35.3667
36.7833
24.8833
54.9667
49.8167
17.5667
48.6667
34.9
43.1333
10.0667
16.5333
51.2
52.6667
38.8833
36.1833
49.8333
40.5
20.5333
33.2333
25.6833
33.7333
39.2
32.0167
15.15
16.9333
53.6833
35.8667
56.9833
34.3833
15.95
47.2333
24.8
34.8333
45.3667
52.8167
58.9167
33.1167
23.3833
48.1167
26.9333
38.3667
61.3333
23.2
49.75
48.3167
43.15
23.8667
31.2
23.2167
29.7667
36.4167
43.8333
41.4
38.1833
34.7333
34.8833
39.5333
48.8833
53.0667
27.7833
48.1
44.5833
47.1
40.4333
19.35
29.4833
37.7833
13.9833
49.9333
14.4333
44.0333
49.95
44.8167
49.25
28.45
34.0667
22.9
47.05
36.55
28.5333
27.5667
58.6833
42.0167
29.4667
39.65
32.8667
40.2333
22.4667
39.8333
35.35
33.8167
17.9667
35.55
141.233
24.65
56.05
43.9
45.2667
40.5667
30.1
57.0833
48.3333
40.1167
30.8667
43.8167
32.8667
38.5
45.1
50.5333
43.7333
49.3
40.15
31.5333
31.8333
30.5333
17.2
45.0833
46.8
41.85
34.4
42.9833
29.5167
20.6167
35.25
34.1333
38.1
42.2333
51.7333
36.0833
32.55
23.25
48.8833
39.9833
41.7833
33.85
40.1333
27.25
36.3333
50.4667
31.5667
44.5
38.4
32.3667
24.4
42.0333
37.0167
31.8333
35.8167
59.5667
49.0667
32.3
52.3667
29.0833
15.3333
30.0667
55.9833
44.6
24.5
36.15
53.0167
48.6167
43.2333
23.7833
28.05
41.7833
25.9667
44.7833
30.8833
33.3333
30.05
31.7833
39.4167
28.05
29.1167
33.8
39.3167
51.2833
51.2
54.9
33.4833
43
38.85
24.5
53.5333
47.2167
29.5667
39.2
40.9167
22.9
42.3833
29.3167
57.4167
24.4333
34.2833
49.55
30.0667
14.4833
21.5667
30.8333
35.0667
53.5667
15.6333
45.2167
46.05
15
45.35
36.2
37.3833
29.3167
52.8833
20.6667
27.0167
55.6833
46.6333
44.3167
39.0833
30.2333
28.6667
28.3667
46.2
27.0333
16.6833
34.7667
43.7167
46.2833
31.4
68.8333
29.2667
32.7333
30.2167
38.7833
59.5667
37.3167
31.8
33.35
31.5167
54.6167
31.1333
28.6667
54.6667
49.2333
30.5
46.85
44.3
51.4167
55.8167
24.4833
15.5667
23.5167
37.2167
39.6833
38.55
37.1167
42.7333
27.0167
54.5667
58.4667
30.5667
41.5
55.55
48.1167
16.6
36.2333
52.4833
31.1
33.6833
15.0833
21.4333
36.7
44.4333
34.9
30.3167
45.1
16.1
41.8
59.0833
37.1833
41.2333
23.6
47.7167
24.9167
46.2333
36.2167
24.1333
45.3667
35.0667
28.95
38.3333
44.8167
25.9
40.2
40.8167
59.65
25.9333
14.2667
47.5167
40.1167
60.0167
36.5
36.6833
58.0833
15.3167
32.6
48.55
21.3667
42.6833
34.6333
15.0167
38.3167
39.2
37.2167
39.15
24.8333
36.55
40.6167
44.6833
30
36.5667
48.1667
14.4667
22.2833
33.0333
38.1833
35.1667
20.8833
34.1667
42.0833
8.7
25.6667
40.9
25.8667
51.0167
16.9833
32.2
52.2333
17
41.0667
35.6833
42.0667
17.1333
26.4333
33.2833
38.65
39.1
15.7
45.5833
54.2
32.15
39.3167
27.3167
58
24.4
35.6667
31.4
32.85
22.3833
42.35
45.8
41.0167
41.9833
19.9167
34.6833
34.5833
21.7667
45.1333
20.95
15.4833
41.2
30.2
36.9833
25.7667
40.8167
42.9667
23.5833
43.1667
48.9333
49.2
36.7333
43.5333
33.2
28.7167
27.5667
27.8
60.5833
34.6167
24.5667
30.0333
38.9667
40.1167
29.0167
31.4333
38.9833
48.9
23.0167
16.4
44.1333
30.3833
25.2833
15.9667
32.9833
19.3667
23.6333
31.6
39.2667
22.7667
31.3
40.15
47.9
31.1333
30.8167
30.3167
59.3833
53.55
38.1833
46.4333
43.65
30.0167
66.7
43.3167
38.9833
36.95
31.7
44.5833
14.65
30.6833
35.0167
36.4
52.6167
28.25
69.4333
30.1167
34.8333
49.0333
25.4
60
54.8333
18.9167
42.1333
34.9833
22.5667
37.9833
49.2167
25.5667
33.6833
36.3833
34.3333
40.4333
22.4167
24.2667
42.1
31.5
37.6
34.1333
43.3
21.1
44.5167
53.2
52.5333
30.2667
41.6333
31.6167
24.3833
28.6333
32.5
18.2333
42.45
37.6167
27.5667
27.4667
18.9333
42.75
49.7167
53.7167
32.3
56.4833
45.1
29.0833
43.55
36.2833
19.4833
54.8
22.45
36.3833
49.4167
22.8667
38.4167
22.2167
32.05
21.4333
40.4667
46.1667
37.3833
31.9167
38.1333
53
24.1667
55.45
20.6
27.4667
28.3333
17.9833
18.0167
28.45
22.7833
31.1667
29.5167
43.0833
29.9
25.0667
35.95
46.9
27.9667
25.4
33.7667
46.65
38.6833
31.5667
30.1
34.1167
52.55
30.65
43.4
36.0333
54.75
29.0667
22.9333
44.7
32.7333
30.2667
40.3333
45.5667
28.2
29.9833
54.3167
18.9167
45.4
32.3333
24.15
29.2667
35
46.6333
48.85
15.6833
50.6833
35.0333
26.5
30.3167
47.4167
24.3667
47.8667
47.6
21.9333
20.8833
42.6
23.2333
34.4167
29.3167
46.6
59.6333
40.95
27.4667
33.0333
31.0833
41.6333
47.6833
35.35
41.4333
41.5333
31.8167
52.2
52.15
40.95
44.0333
16.7667
40.6667
41.2833
41.5
31.8167
37.6333
30.6333
33.7333
40.7667
45.3167
43.3667
24.0667
24.8333
37.85
47.4833
37.6833
30.0167
24.15
38.5167
61.8667
32.9333
42.7167
39.5
45.25
50.7667
51.45
49.95
30.4167
31
52
34.1667
54.8667
9.28333
40.2833
29.75
53.8333
28.35
39.65
37.25
49.2333
38.7333
42.7333
28.5667
46.2
50.9833
28.0333
29.1167
16.2167
39.3
27.35
16.1
34.4167
40.0667
32.8
21.7
45.2167
48.6833
28.1833
51.9333
22.3
34.2667
50.5833
48.1333
28.6833
15.6
25.0833
21.0667
24.5
28.6667
31
30.0333
28.6
37.1167
32.7833
36.1667
26.8333
44.85
20.7667
33.3
45.95
27.4667
36.7333
30.4667
39.2167
42.1833
45
28.6
46.8167
28.5833
52.45
44.0333
56.9667
43.2833
35.45
42.2833
27.75
29.95
50.65
28.55
44.3667
24.3833
63.9
44.6833
36.0833
29.0167
8.8
30.9667
43.4
38.0833
39.25
45.15
31.65
40.2833
50.0667
55.2667
41.15
22.7333
23.0833
17.1833
38.4667
34.0833
33.9667
17.8333
27.3667
31.9833
37.6
45.2167
49.15
55.7833
20.2833
50.7333
64.05
16.7167
36.9667
49.9667
31.7
41.6667
24.8833
53.7333
25.3
50.55
40.5833
32.1667
25.3667
44.5
37.6667
37.7833
32.3
40.0667
35.5667
41.6833
38.8667
47.9833
49.2167
28.15
35.25
32.0167
23.85
27.9
32.1
45.9833
23.85
57.4333
42.15
21.2667
21.9
33.15
44.9167
57.6
32.15
29.1667
48.35
54.4667
56.7667
35.05
35.4833
36.9
44.15
51.4667
30.1167
30.2833
55.6333
49.0667
45.2667
47.25
37.8833
35.0667
32.6
59.05
61.1833
53.0833
27.95
26.7667
22.8167
20.45
60.2333
9.1
29.0333
43.05
29.8
39.15
55.7167
57.4333
37.7167
54.2167
22.7833
37.3833
15.85
41.6167
37.5
36.5167
21.9667
22.4167
44.45
27.55
44.2833
30.4167
39.05
39.35
21.6667
21
29.5333
29.8
43.4
58.3333
37.2
28.9167
45.6
42
30.6833
30.6667
38.45
33.8
51.7333
22.8667
43.0667
60.2667
36.4
27.25
22.2833
25.2333
23.8
41.9833
59.6833
37.4333
20.9167
41.9667
37.1667
46.05
44.0167
37.1667
35.6333
37.4333
31.8
20.45
36.75
64.15
45.55
62.35
45.7
45.2667
30.7
39.4667
30.8167
54.7667
46.1
47.7333
34.1667
48.0667
9.61667
41.0667
42.1833
34.1333
56.0167
51.2167
28.9
38.9
21.6167
42.1167
60.7333
36.7667
52.8167
47.7333
24.0833
36.8167
33.3
38.5333
43.9333
22.7
52.6333
29.6167
26.75
38.2333
27.8167
28.9833
43.3333
26.4833
47.2333
15.85
32.4833
29.8
54.9833
45.45
37.3
38.2167
57.2333
29.7167
27.3
25.2333
42.0667
35.0333
54.7833
38.0167
16.2167
27.2
51.5667
53.2333
45.75
44.5667
42.2
37.8833
28.7167
20.5
30.75
45.0833
43.8333
42.5833
40.65
45.1667
42.4667
40.0667
41.3833
36.7833
40.4833
28.5167
27.8333
27.3333
48.7333
43.8667
43.15
33.0333
51.9667
40.0167
32.1333
47
42.5333
17.7833
39.8833
54.6333
27.5
22.0333
44.2667
46.7833
23.2167
44.5667
27.9167
56.7
37.1333
43.1333
43.5167
22.8
27.0333
24.5167
31.2667
45.3167
36.0667
30.4833
46.2833
23.2167
49.5
42.7667
55.8833
33.8667
21.5333
47.5833
45.05
43.8167
33.3
42.4167
45.25
39.8833
53.4333
37.8333
32.7
46.95
29.6167
19.4167
48.25
60.5833
38.3333
50.65
27.4833
37.55
51.5667
39.5
33.7
17.1167
26.0167
30.2333
37.3833
33.1667
27.4833
30.8
34.9333
21.3833
23.4833
29.3833
33.9
35.7667
36.2
42.4833
39.1
40.9167
27.8167
39.1333
51.3833
49.4333
29.3167
33.9667
21.9333
37.7833
55.7667
64.4833
59.2333
27.9833
22.4667
44.7667
32.9667
52.4833
41.8833
42.5167
37.25
37.15
32.5833
39.9833
35.8667
52.6
48.1167
26.85
47.1833
24.3
24.2833
37.2833
31.4667
27.1833
43.3
29.8333
23.6667
31.7
28.7667
49.3333
40.9
39.15
43.05
42.75
28.3667
55.7833
42.3
31.2167
32.2333
25.6833
41.7167
16.25
36.6167
36.0333
41.65
31.1833
40.75
23.3667
31.2
45.5333
44
49.7833
43.05
33.2667
46.7167
49.9333
39.0333
44.75
41.8
24.7
37.0167
42.4833
23.9833
42.55
42.9
38.6167
27.4833
26.6167
36.85
41.8167
42.1
28.95
23.05
68.3833
37.0167
25.7167
30.3667
8.85
21.6
26.4667
30.0833
30.9333
38.9833
35.5333
48.3
27.0667
28.0833
42.5167
41.2
31.4667
33.25
48.5667
40.25
43.8
34.3833
35.7667
37.6167
36.75
50.2333
55.55
29.65
52.3
39.6167
37.5
39.6667
51.2
28.7
32.4333
35.1
38.45
38.15
35.15
30.3333
45.9333
25.35
57.3833
22.5667
31.1
46.6167
39.3333
45.9
38.4333
30.3
27.05
36.5333
26.4667
52.1167
43.7667
49.85
36.7833
22.1833
51.3333
36.05
48.45
44.45
55.3333
41.5333
49.3333
34.1333
37.0833
18.3667
27.6
45.35
16.1167
45.3833
36.3333
24.9833
38.0167
23.25
43.8333
9.6
35.6667
29.95
38.1833
29.5833
31.3667
18.6833
47.6167
37.1333
39.9167
16.25
32.6333
43.0167
43.0333
39.8333
28.9333
42.8167
38.2167
49.9833
37.05
50.2167
29
42.0667
32.0167
22.0667
45.8667
36.05
22.3
55.3
57.75
35.5333
33.4667
34.75
33.25
26.3167
14.9167
33.2
27.05
30.9333
28.3833
44.9167
32.2667
57.0833
48.6667
18
54.4
46.1667
47.8167
49.6333
21.8833
37.4333
33.1333
44.0167
22.85
30.3833
40.5833
36.7167
36.1667
41.1
31.4
32.2333
27.7667
100.15
50.3667
21.7167
18.2
28.2
40.3
42.7833
49.6333
29.65
38.6667
47.7
46.1833
26.6
35.9167
21.4333
48.15
54.8667
15.75
27.9833
49.8
35.35
39.8167
8.43333
29.0667
36.55
49.0833
20.2167
31.85
35.7333
52.8667
34.7167
46.9833
31.4
38.8167
25.8167
27.25
54.45
26.5333
36.6833
30.85
59.6833
39.4667
35.7167
17.3
31.1333
42.55
21.9
48.8
43.3833
37.3333
17.5667
52.8833
35.85
45.4167
42.65
48.45
21.7167
24.6333
31.95
31.95
41.5667
45.55
29.15
44.9833
42.0167
22.5
15.7667
23.7667
44.5667
30.8
34.0667
41.65
26.0667
33.1333
33.7167
24.0833
29.4833
51.7167
37.0667
41.4
40.7667
47.15
60.35
48.05
32.3667
42.1
44.3
28.8833
38.85
48.35
26.75
34.9
29.6
39.95
54.2833
27.25
24.3
25.3833
43.6667
36
8.28333
34.0333
46.3333
54.7
43.25
34.6667
37.6
32.95
56.6
31.45
10.7833
22.2833
46.1167
19.4
15.5833
29.2167
29.45
23.05
28.7167
29.2333
34.2167
29.3667
46.8833
21.7667
52.9833
31.5167
15.6667
47.0667
87.3
41.9833
29.5
38.3
22.95
51.1333
21.6333
21.4667
45.5167
32.2333
23.5
30.5667
43.75
41.7833
37.1833
23.8833
44.5833
52.2333
34.1167
45.7
33.2833
17.4167
37.4333
40.95
49.9
66.5667
28.0833
44.6833
29.9833
48.0667
38.7833
31.95
45.5833
36.8
28.3833
15.6
30.05
53.25
20.7167
36.7833
44.4667
36.1333
57.7167
17.8833
37.05
43.1167
45.1
29.6167
22.65
20.75
53.7167
58.6667
43.7667
54.95
24.8833
27.7167
43.4333
27.1333
34.05
40.0167
22.55
52.8667
30.5333
34.5167
23.1667
44.0333
22.6333
45.9167
45.4667
50.3
28.75
42.6333
55.6667
21.8667
59.9833
38.6833
27.7333
22.7167
20.7167
15.95
30.1833
45.8
48.95
43.9833
52.5333
30.4333
30.45
9.28333
21.2667
48.8
40.6
31.55
40.3833
43.0167
32.4333
21.7833
44.25
23.6333
39.2
28.3
22.0333
22.6333
54.9167
34.3
42.0333
49.8833
26.95
15.75
48.5833
28.4667
22.6333
30.4167
38.75
46.7167
28.5167
32.5
44.55
29.2167
23.9667
45.2
45.9833
39.45
28.4667
49.5167
48.3667
30.7667
39.25
32.1333
42.9
46.95
40.9333
50.2667
30.95
55.3
44.4167
28.6833
44.4833
28.7333
37.8667
48.2333
45.55
49.5
35.6667
36.3333
33.4167
36.2833
28.7667
36.9333
52.5667
47.7333
61.7
22.6167
23.3167
30.4
27.0167
43.1333
23.6
41.3833
26.15
44.1833
35.4833
51.4
27.9167
40.9167
39.15
28.4667
41.15
61.75
47.1833
40.1833
28.3167
47.1167
50.6333
36.1667
25.8333
21.2167
28.65
43.3167
45.4167
35.75
37.7667
15.6333
34.2833
35.7667
23.1
26.9
13.9667
45.05
30.5167
53.3667
57.7333
42.35
20.65
30.8
50.1167
49.0333
21.6833
31.0167
26.7333
44.4667
20.3333
20.1
36.6
58
27.1333
36.3833
36.2167
32.95
26.45
37.8333
44.35
34.0667
29.7333
22.6
45.75
36.05
8.16667
26.3667
30.4667
16.3667
39.8333
21
43.9667
29.6167
39.4
38.6333
28.7
28.5833
31.8667
31.5167
37.0333
34.3333
23.8333
33.2667
40.3333
47.9667
49.45
38.2167
42.8667
40.2667
29.65
33.9667
49.9833
27.3
41.8667
39.3667
44.9
41.9333
15.0667
46.7
42.1333
49.3667
52.7167
41.7667
42.0667
22.6833
48.6167
30.3167
35.2
38.1833
34.8667
60.0333
22.7667
54.4333
59.1667
22.2667
29.0167
38.9833
22.5833
35.9167
58.9333
56.9667
22.4833
36.5833
37.3833
47.9333
64
52.95
51.2167
33.0167
50.3
49.15
19.6167
42.4167
45.4167
39.35
45.8333
48.1667
27.6833
38.4667
28.3333
31.55
28.85
44.9833
17.4
52.2167
48.45
38.8
28.55
36.6167
46.7833
39.3
31.1167
29.4833
42.2833
28.3833
50.8333
33.1167
23.15
62.9667
53.6333
47.3
50.2167
41.5
43.6833
38.7667
29.5333
28.1
34.9333
33.6833
50.25
52.8833
40.6333
32.1
53.6833
29.7167
30.25
60.6333
43.2667
31.0167
32.3
38.05
39.2667
23.4667
23.5
34.9
44.1333
16.8667
38.1333
45.3
16
51.2833
37.3833
40.4167
35.85
27.2333
48.45
28.1667
36.2333
47.3667
16.5833
29.4833
20.4667
24.5667
27.6333
50.2667
51.2833
9.46667
32.8667
35.8833
20.6333
23.8333
16.75
37
47.9
27.6833
46.2333
43.4333
33.8167
36.3167
51.2
37.7833
52.15
45.5
49.1333
33.35
23.5
34.6333
30.15
23.95
35.0333
38.2667
35.55
38.55
38
43.8
43.5333
38.7
61.05
23.2167
36.1667
37.7667
33.9333
29.6667
30.2667
49.4333
31.85
39.2667
44.4167
46.8667
40.2667
28.5667
27.25
50.2333
23.1667
45.5333
46.55
22.8167
28.1
36.4667
28.9333
65.3667
37.4333
29.4333
30.3167
29.3333
22.3667
30.9833
39.5333
23
22.3
36.3167
37.4667
53.3
42.2667
29.3667
44.4833
17.0833
26.3
35.1167
37.4167
50.4167
43.95
42.75
33.05
51.6167
49.9833
24.8167
34.95
36.7167
37.5333
21.7667
38.95
29.5833
29.75
22.5
48.3
40.7333
36.8833
34.6667
32.55
34.3667
42.6667
29.3333
58.6833
30.1
31.9167
28.7667
30.5333
23.6333
28.0667
42.0833
41.45
23.7667
30.5167
55.2833
50.05
40.4167
34.6833
33.7333
48.2667
41.4333
40.5667
47.65
58.55
29.35
45.1167
54.9167
41.9667
26.5
49.8667
29.3333
21.6833
45.6
17.2167
28.6333
33.7667
48.2333
16.7833
40.6
34.8833
27.95
48.3
43.7333
38.8167
44.8167
18.3833
53.0333
50.0833
26.35
17.1667
31.1833
37.6667
48.2167
23.9833
43.5667
30.8
36
47.1333
47.6667
51.2667
50.15
33.9167
28.2
27.9167
43.15
43.45
51.4
29.4333
25
29.3167
37.4167
30.0667
32.1333
37.65
21.3833
20.5
18.2167
28.6
15.5167
54.5833
26.5667
38.1667
30.45
44.6
37.95
27.9
27.4667
24.6833
40.0167
29.9833
32.95
50.3333
29.1667
44.0667
22.1833
30.8833
37.3833
36.75
38.8667
62.5667
33.1333
38.0833
45.6333
47.3333
47.2333
53.0167
30.9667
28.25
53
36.2833
41.9167
42.6333
51.2333
26.0833
17.3333
62.5333
31.85
44.6
47.5667
36.4167
34.7667
30.6667
49.9667
41.1667
20.9833
39.1667
44.7833
59.9333
47.2667
43.15
42.7667
50.3167
26.0167
45.5833
53.3167
37.2333
29.8667
34.55
36.2333
28.7
37.1667
37.2667
41.0667
24.6
44.2333
43.25
21.1667
55.9833
39.4333
50.3333
56.1167
20.1167
37.55
58.9833
38.6167
40.75
48.85
39.55
35.8
50
42.4167
29.9167
39.5833
53.8333
23.5167
24.1667
42.3667
28.6
57.25
30.3167
42.4833
24.95
19.0667
45.5667
35.55
51.7833
35.0167
28.5833
30.9333
51.1333
62.0333
45.7667
48.2333
39.1667
40
30.05
47.6
44.0167
44.6667
22.2667
37.95
34.3167
28.9167
59.2333
38.3667
45.8333
45.9
30.3
37.0667
40.7167
36.7333
33.85
22
23.8667
42.35
36.8
47.6333
14.4833
50.35
42.5667
28.7833
30.65
41
8.38333
43.5
26.9
54.1667
39.9833
55.6
39.1667
28.1833
32.05
45.6167
40.6167
35.4
38.9833
50.7833
37
53
39.0833
41.4
35.9167
46.3833
55.6
29.05
36.1667
38.6167
14.6667
39.7833
20.2833
34.6833
50.3167
42
21.2833
21.1
47.9667
46.3333
42.55
52.1167
31.3167
29.05
37.6
24.5
22.7833
43.9
37.0833
35.5333
32.2833
49.1833
53.8833
45.3833
20.6167
40.3833
42.2333
33.65
52.6167
39.2833
52.0667
16.25
39.4833
30.3667
27.7833
38.4667
52.5333
32.1333
29.6833
43.3
50.7667
36.65
33.3833
31.3667
55.0667
20.15
33.5833
31.8167
27.8333
31.3833
41.9167
36.65
38.0167
45.25
36.0833
9.2
56.3667
36.4167
47.55
34.4
23.2833
43.2167
29.1167
55.4667
38.5167
49.4
46.6833
39.4
45.1667
41.8667
58.2667
43.9833
24.9167
51.4333
52.1167
50.65
26.8667
37.1167
28.8333
47.3167
32.45
43.1
42.1833
40.4833
43.3833
36.5167
33.3833
45.05
37.5333
42.3833
45.4167
23.05
36.15
28.4667
47.7167
45.2
8.23333
30.7667
29.95
36.9167
37.2667
9.45
41.1
34.05
47.1833
36.3667
35.6833
18.2833
38.7667
44.25
36.7667
50.2167
41.4667
23.4
36.4333
33.9667
50.5667
45.1333
21.7833
43.5167
36.6
56.15
26.95
17.5
46.0167
46.8833
41.7833
42.15
47.2
24.15
28.9167
25.7
37.4167
45.2
17.3667
52.1667
50.8833
28
57.35
28.0167
22.7
47.4333
24.0833
36.1167
33.9667
39.0833
34.3667
50.5667
36.0667
22.3667
43.4167
38.5
16.1667
38.9333
48.5167
56.8167
29.6333
24.5
16.2333
29.6
47.7167
30.75
33.4333
40.95
49.2667
40.9667
34.4333
54.5667
20.2
29.0333
40.0667
44.7333
23.55
16.15
27.65
40.9833
34.0167
40
57.7667
29.7167
37.5833
24.6667
33.9833
38.0333
35.8333
50.8167
28.7667
39.9167
49.7833
16.4667
32.2
38.8
17.8833
35.4
22.9333
30.75
30.3333
44.1667
49.0333
47.65
52.0833
24.5
27.4
42.9667
35.2667
24.3
37.8333
34.1667
44.1
69.2833
36.1333
28.85
76.5167
49.0333
36.3
45.7333
30.55
34.8167
41.9167
33.7333
24.1333
34.3667
26.6333
37.7
29.8
52.5333
35.3667
51.3667
37.9667
43.25
30.6833
29.5333
24.2
38.95
23.9833
56.2
25.45
52.7167
29.3833
40.1167
30.7833
32.25
33.2833
50.3833
34.25
39.85
45.9167
40.2
30.0333
89.4333
41.15
43.5167
27.85
25.05
18.9
9.36667
36.0333
46.9833
35.25
28.1833
44.1333
46.5833
45.75
47.3
40.2333
30.1833
37.35
43.4
29.5833
25.8833
24.3667
46.9167
58.1167
32.9333
27.8167
23.4167
33.9
23.7333
40.9333
36.6833
35.05
26.0167
35.7167
27.85
51.5167
45.85
45.65
73.7
46.65
49.1833
33.8833
38.5333
43.4167
31.6833
33.7
16.8333
37.15
27.6667
35.6333
32.3
38.2833
49.6
43.9667
29.8167
42.8167
51.7667
28.5
48.0667
34.3833
17.5167
35.5333
24.0167
43.1167
62.3833
47.7667
50.8
33.8
47.0667
19.6833
41.7667
41.7833
37.1
48.3167
36.5667
41.95
39.8333
34.3333
32.7667
36.5
41.55
29.25
36.2167
34.2333
63.05
40.2833
48.8333
21.0167
32.0167
28.0667
45.9667
46.0833
39.9333
42.55
56.0833
41.6833
20.3667
26.7667
22.45
55.0333
30.05
39.1167
21.6167
40.2333
34.2667
16.9667
43.85
36.0667
40.45
43.95
24.2167
48.95
23.0333
44.9
53
27.1
38.9333
22.5167
43.1
60.1167
29.5333
27.2
39.7333
39.9333
40.95
30.6667
40.0833
38.1
47.9667
22.9333
28.3833
35.2333
32.7167
57
49.7333
54.2333
34.1833
22.35
46.15
22.05
43.4833
29.9667
28.65
42.8833
24.4833
41.25
31.3333
40.5
40.7333
27.65
54.3667
53.15
25.8833
42.3167
22.6333
23.55
39.6833
50.8667
38.8667
36.1
28.5167
48.1667
48.1667
58.35
37.2167
58.5667
34.2833
27.45
50.5167
8.25
51.1667
34.6333
23.6833
21.35
38.4667
43.1
23.9833
47.45
35.3167
17.35
9.48333
34.5
28.6167
32.5167
45.6833
44.4167
23.5167
56.0833
40.1
27.8833
48.65
47.2833
35.2
28.55
30.7667
31.1833
41.6167
28.65
28.3333
42.55
15.65
42.9333
41.25
29.3
47
34.3833
39.7833
53.3
32.6667
52.8333
39.1833
33.0667
48.0667
8.86667
29.7833
37.2
42.0333
51.3333
24.3333
22.95
48.75
48.35
24.65
35.7667
46.85
29.0167
37.1333
34
36.5167
45.1333
22.1333
8.88333
21.75
55.65
40.85
38.2833
29.0667
37.2333
46.6833
48.9333
50.5667
40.9667
19.8667
43.6833
29.2167
32.5333
32.2
39.6833
49.2833
55.3667
41.2667
17.3333
31.6333
38.45
53.55
59.3
49.4333
34
39.1833
26.9333
33.3
56
43.6167
29.05
44.3
40.0667
30.7
20.5667
30.5667
22.6
35.7667
49.75
37.9333
30.75
30.2167
21.95
37.0667
34.1667
44.5667
31.0667
42.8
28.3333
50.75
15.2667
36.4167
20.5333
45.3167
21.8
41.2833
27
21.6167
36.1667
38.9167
29.8167
48.1333
41.4833
37.3833
41.8333
37.5667
53.15
9.41667
26.9
27.1667
36.4833
40.3167
53.55
28.4667
38.6
36.2
46.5833
35.0333
29.9667
27.1333
33.3667
35.5833
16.7333
28.1167
42.3667
46.6167
35.3
17.0667
37.8167
28.8833
38.55
41.6333
42.5833
23.9167
39.45
21.9833
43.6167
54.7167
39.3833
46
14.9333
44.6
38.0833
29.0667
35.4
60.8333
37.7667
38.0667
55.1167
25.4167
46.5167
36.6667
57.2333
52.05
22.1
41.5833
35.75
31.7167
29.6333
36.3667
30.9167
45.25
36.3167
33.3167
37.3667
59.1333
26.8
22.5167
46.4667
39.4667
29.85
8.5
35.0333
31.9167
43.9833
29.5833
28.8833
31.2667
53.8167
32.0667
21.75
37.2167
24.8667
34.3167
16.5333
52.3667
40.9833
24.55
45.3
51.0833
16.6667
46.5667
49.9
22.5667
23.3333
33.7
22.5833
34.05
57.5667
44.85
30.1
26.7833
28.9167
36.8
29.8833
41
35.35
25.9167
26.7667
30.8167
42.05
32.9667
38.1833
36.7
22.2667
46.1
20.15
29.4833
32.2833
17.3333
39.5333
43.2167
34
28.0667
57
30.2833
29.2667
36.3333
27.9667
40.3833
39.7667
31.8167
24.4167
40.2667
45.2833
35.6333
53.6333
20.2333
29.7833
29.45
44.5
30.0167
28.8
35.2333
35.8333
34.95
34.15
27.0833
43.2833
48
31.8667
30.0833
31.6667
42.6167
67.25
39.35
30.3833
61.05
43.7833
38.5167
21.9833
31.9333
42.6167
30.95
22.35
48.6
29.5
35.9
48.35
45.9833
31.6
22.8833
43.4333
62.0667
28.95
30.2833
22.6167
42.35
38
50.8333
50.0833
41.5
20
24.6333
36.6333
38.5333
29.0333
23.1667
49.9167
35.4167
40.6333
48.8667
43.45
43.4167
37.9667
30.7167
35.5
40.7333
29.9833
24.1667
30.1167
28.45
27.1667
41.7167
29.1167
42.55
27.9333
22.5167
50.2
30.85
28.9333
48.2833
27.1667
33.2333
28.6833
55.25
41.65
21.9667
46.9833
23.2667
37
44.3333
35.3167
51.7
51.7333
45
28.4833
62.4
26.6167
28.9667
38.4167
20.95
49.7167
36.3333
21.5
34.0333
40.8167
40.8667
30.1
19.3167
46.6167
41.4333
21.6167
43.3833
44.9833
25.2333
42.1
52.6667
39.45
37.9667
47.7333
33.4667
37.6667
41.7167
24.35
15.6667
49.2833
57.7833
43.1167
45.3333
23.2167
30.05
28.5667
35.1167
28.5667
25.4833
54.4167
52.5167
31
23.9
61.35
35.3167
22.1667
24.1
29.95
48.4333
42.2833
42.95
35.1833
24.9667
24.1167
47.6333
42.4
48.4
41.5333
35.8167
41.0667
15.3667
21.05
49.7667
40.5667
31.1
39.7667
39.4
36.4667
38.65
51.0167
17.9833
39.9833
55.3
53.1333
36.4
28.9667
43.5167
32.6167
25.5
38.1333
23.6
52.6
56.4167
49.9
38.2167
43.9
50.8
43.2167
38.05
47.7833
37.2833
32.45
21.5833
39.3667
45.35
45.4833
58.3
48.2833
27.7333
10.2333
42.2667
33.1167
10.2333
24.65
24.75
36.9
48.6333
48.1167
24.75
43.1333
32.05
41.5667
45.6833
47.8667
50
42.35
35.4667
48.0333
36.1333
41.6333
33.9667
46.6667
43.7833
42.2667
21.5833
35.0333
29.3833
52.6667
31.4833
23.7333
42.6167
39.9333
44.75
37.8833
48.1333
42.1333
37.4167
36.3333
35.2667
28.4167
35.9333
42.6333
40.2333
30.5333
29.3833
28.85
34.7167
21.85
23.1667
40.55
35.05
31.2167
44.7667
49.3167
20.7667
26.4167
54.3667
54.65
29.2667
50.45
56.0833
51.55
20.6333
38.5833
51.8667
25.3
55.7167
31.3167
51.2
31.0833
43.4
25.75
24.25
23.75
21.2667
36.3
35.5833
39.6333
41.9667
32.5667
20
24.0667
48.4333
47.5333
44.2833
42.2167
38.4
19.8833
37.35
40.0667
45.5167
24.4167
37.6
44.9833
31.1833
40.0833
22.9
32.2833
25.8667
41.5167
39.15
20.7333
46.2167
33.9
39.7333
46.3
46.5667
44.6333
25.7667
30.6833
13.25
46.6333
44.7167
51.3333
31.0167
28.7833
23.5833
32.2667
31.5833
36.1667
32.3
21.5833
41.7833
42.05
30.0333
31.5667
41.3167
8.25
51.2667
22.4333
29.3833
41.9667
36.55
49.3667
44.0833
57.35
28.7
57.9333
29.3333
41.6667
30.3667
21.2167
27.6667
17.6833
41.6833
52.9333
46.4833
25.7833
59.4
29.8
34.3667
29.8167
38.2333
29.2
37.8333
49.7
32.15
23.2333
35.7667
23.35
35.7
25.2667
54.8
28.2333
39.2333
42.55
49.2667
25.0167
41.0167
43.4
37.4833
44.5333
22.2
30.5833
28.5667
47.9
39.1
45.25
51.5333
27.5333
37.15
27.7333
43.65
47.2
39.5
42.4667
40.1667
38.7667
51.9
47.2667
45.7333
23.1167
56.1333
41.7333
50.95
51.2833
39.7833
31.7333
55.0833
36.2833
41.3667
39.3833
23.8
49.1
29.1833
22.7333
24.85
24.1667
37.4
42.0667
40.8667
26.1
39.6333
46.8667
22.2667
16
42.0667
31.1667
21.5333
37.5167
40.9667
39.8833
36.4
39.3667
26.3
29.3833
60.6
40.8667
22.7
43.7167
38.9333
46
37.15
28.4333
48.4167
41.2833
45.05
53.75
26.4167
52.8333
38.6833
20.5167
47.5833
36.0167
47.5833
15.6667
23.5
50.0167
45.85
23
28.6
39.8333
46.9333
31.3167
39.6667
46.5167
41.95
25.5167
29.5
30.7
55.0833
38.2167
38.9167
53.9333
16.95
38.95
41.2333
33.0667
31.9
28.1333
39.7
16.1167
22.0167
27.35
37.9167
40.6
53.9167
49.1333
45.2833
42.4667
17.3333
36.5
29.5667
34.4
48.2667
16.9
35.8833
58.3
30.3833
44.5167
29.9667
27.5333
25.5667
42.2167
48.6333
28.05
24.6
52.8
22.2333
53.0167
39.0167
41.1167
22.8667
41.3667
25.4667
43.3833
19.5833
40.4833
48.4333
50.1667
38.8333
46.1333
49
61.2833
57.15
25.8833
41.4167
35.85
43.9333
59.15
37.5667
43.5167
38.45
27.3167
28.0333
15.8
10.8833
49.75
29.6667
49.9667
22.6333
23.6167
29.4333
34.7333
37.9833
42.75
32.8167
36.6333
37.8
35.6667
35.85
47.6
45.7
36.3
48.6167
27.95
22.4833
41.1833
35.4167
52.0667
42.4667
45.65
37.7833
21.8667
27.9333
15.2833
37.3667
28.4
29.45
26.65
40.7333
38.5333
41.6167
17.4
45.3
37.6667
49.6833
33.75
32.05
33.4833
29.1
39.4333
28.7
32.5333
43.8333
43.9667
35.2
32.0833
50.0833
49.8833
43.7333
32.5
43.3667
30.7
41.7667
45.7
54.3333
28.3667
27.3833
36.05
36.45
22.3167
32.45
46.6
16.7833
20.8333
53.9667
40.55
45.7
47.0833
34.2
48.6167
23.5
24.2833
35.1167
15.05
33.9333
36.8833
42.9
44.25
39.6333
28.8833
43.0667
48.95
15.4333
37.5167
65.7
37.75
41.75
37.9
38.8167
41.1
36.8167
21.1167
46.1333
52.25
23.6333
43.45
28.8667
43.95
45.6833
34.3667
35.0833
45.3167
55.5
45.35
50.3833
41.7167
32.7167
45.1833
46.0333
41.8667
39.6833
58.3333
22.65
47.0167
28.1833
14.5333
48.9333
50.2167
44.9
25.25
22.7
43.3333
38.7333
34.3167
34.9
24.75
55.9167
33.5167
34.1
53.6667
43.6167
17.4667
43.7833
32.3667
40.85
27.7833
38.8167
35.9
31.8833
33.7333
39.9833
28.5
37.35
35.25
44.3167
33.6333
28.0167
18.65
23.1833
34.95
42.45
21.5167
28.65
28.9
33.9167
46.1333
22.1667
17.7833
15.5833
21.1167
43.9333
35.1
31.8833
32.7333
47.3833
17.1
50.15
41.2
30.9167
52.45
16.4
51.9667
51.7167
33.7667
39.9667
24.4667
24.6833
44.7833
47.8667
55.95
60.1167
23.25
47.7167
37.1833
47.8167
16.2
30.05
36.4167
36.6
56.7667
30.3
21.5667
40.5833
42.2667
30.7667
42.4667
49.45
42.4167
35.55
33.8167
39.35
31.05
39.3167
42.2667
23.4
48.9667
26.0667
47.4167
48.1333
54.1333
34.2667
30.55
30.4167
24.7333
35.8833
30.4333
45.9333
30.4167
28.15
47.4333
31.5667
38.4167
35.7
28.9
46.5667
38.8
43.5
20.5833
42.05
24.7833
40.7333
40.6667
44.9833
18.5
50.1333
37.5333
36.4167
35.5
17.95
31.6333
22.6167
51.2667
37.5
39.8333
34.5
39.1667
20.4333
29.4333
51.7667
28.9667
30.0333
23.7833
38.7333
15.6167
55.3167
13.9167
18.9833
36.05
33.45
36.7333
32.6333
15.35
49.7833
34.9833
27.6667
47.7333
47.4167
47.85
15.0833
57.6
136.7
33.8333
14.4
35.4667
32.6
32.1667
49.0167
29.0333
27.65
38.6333
63.4
47.2667
45.5
56.3667
18.1833
46.9667
23.8667
29.95
28.5167
43.3
22.7667
52.9167
27.7667
44.8167
25.5167
16.35
43.4167
36.45
27.6167
48.9
35.95
38.8167
34.7333
38.8667
23.2833
30.05
27.5667
53.4333
33.8833
32.3333
47.9
47.2
40.65
49.7167
33.85
42.8
22.4
40.65
33.6333
39.1833
15.5833
43.55
31.55
39.2667
54.9
36.3
21.7
37.4667
52.4667
25.8667
45.9667
37.5667
40.7167
36.3333
46.2167
40.8167
38.9667
33.25
35.8167
40.7667
49.25
33.15
49.2333
39.5167
34
24.2667
22.45
57.2667
30.5167
22.7333
17
33.8333
40.7333
37.3667
42.1333
51.0167
23.4667
29.6
20.5167
36.2333
57.2667
15.0833
38
49.4333
32.1
44.25
40.15
26.2
37.5333
34.3167
23.0333
37.4833
23.35
28.2333
40.8833
44.5167
37.1167
31.75
42.4667
19.1
43.95
31.2833
31.1833
49.1167
26.7667
55.6833
31.0333
41.3167
50.85
60.5167
25.6167
28.3
32.85
16.4167
41.05
47.6667
49.0167
27.5
51.5833
50.1
54.05
28.15
38.6167
33.9833
37.4833
37.1667
31.4667
42.6667
32.8
46.05
41.8167
30.7833
24.35
24.4833
22.4833
28.4833
40.3833
35.3333
30.05
42.4667
31.0833
28.4667
34.6333
21.9167
55.4
49.55
35.0167
29.3833
44.2167
39.2
36.5333
44.5833
17.3833
39.7
57.0667
29.1333
42.45
25.3833
37.9667
44.4333
28.8667
36.3
16.95
32.0333
51.6167
22.1167
33.75
47.0667
48.6667
55.4333
24.3167
30.95
23.35
39.9333
10.25
36.5167
40.7
23.2167
41.1667
48.6667
21.7
51.7333
41.7333
35.2667
42.2667
46.1
44.1833
36.0333
28.0667
35.35
54.1667
29.4
46.1833
29.3833
48.6667
40.3167
53.3
29.9167
29.45
41.7833
39.6667
44.1667
47.6167
48.3667
14.2333
36.6
31.1667
51.65
51.6333
48.4667
31.2
38.5833
43.6833
42.8833
17.8833
23.4833
30.9333
38.75
38.5667
41.4167
46.6333
38.45
27.6667
28.7167
31.15
38.9
29.5167
37.8
24.2833
51.8833
19.55
33.25
56.5667
22.8333
36.0667
31.0333
35.7
34
27.6167
40.75
47.8333
40.4667
40.8
26.8333
44.15
32.4333
40.9167
49.2833
35.15
41.0833
43.8667
42.5667
37.1167
27.5833
38.3
44.7833
29.8167
32.8667
34.0667
23.2167
29.95
37.9167
35.9667
49.1333
35.7833
35.3833
30.4833
22.2
29.0333
48.4833
30.65
49.25
32.2167
24.55
52.2333
27.5333
23.6667
36.7333
42.7667
27.5167
44.5333
27.8
31.7
30.7333
27.9167
25
30.4667
39.5333
22.8
49.2
43.3167
38.95
34.2833
23.9167
37.25
35.9167
35.1167
53.05
41.05
48.55
59.8833
30.9167
53.05
51.3167
23.6167
49.0167
24.7667
48.45
30.9
30.8333
37.8333
27.2333
46.2167
19.9
35.7667
23.45
54.5167
24.1667
28.8333
49.5
45.55
26.6333
50.95
38.45
16.55
27.4333
50
49.0167
51.8333
42.9833
24.4167
32.0333
22.1333
31.6
43.45
35.8667
43.6833
25.3333
15.5167
23.8167
36.8667
30.9833
36.4833
37.2333
21.45
41.7167
16.0167
27.1333
29.7
60.9833
35.7167
30.1833
42.5
41.75
43.1667
36.6333
48.7833
41.6167
37.2667
33.4333
33.8167
41.7167
22.1
34
45.85
38.3167
29.8167
49.1667
26.3
22.1167
49.7
24
27.5333
53.1
45.6
36.1333
46.9
31.8833
29.9833
30.4667
42.7167
53.1
47.1833
40.8333
38.2667
42.1167
35.9833
46.9333
25.0667
31.7
41.1833
53.3333
34.9333
37.2833
34.9333
35.2833
48.7167
22.8833
55.2833
44.2833
59.0667
53.1
48.2
53.7
32.7833
43.1
43.4333
35.4167
38.65
31.3333
34.4833
37.6833
30.5333
28.9
41.6833
29.7333
39
30.9667
40.0667
30.7
15.2333
30.2333
22
48.4833
43.25
37.45
33.2
9.05
57.9333
9.26667
38.1667
24.8167
17.1167
39.2833
37.6
15.85
48.25
45.4
61.0167
34.2167
73.4333
52.95
35.75
40.3333
50.5167
34.1333
37.1
39.0167
24.1333
28.7833
24.9333
54.3333
21.85
22.7167
23.1833
36.2333
37.0333
32.9333
43.6833
34.9
49.0833
22.45
20.6
29.9
27.0167
31.2167
35.0667
37.6333
34.0833
45.45
35.55
28.5833
17.3333
38.0333
48.0333
48.7667
34.85
16.2167
42.85
36.2833
48.1833
38.1667
26.9833
24.9333
44.6667
45.8
38.4
39.5
43.8667
42.1167
24.35
21.75
46.4333
43.35
64.3667
36.2333
50.4833
41.9167
22.1833
38.5333
15.5167
56.6333
28.4
28.4667
63.4833
51.2833
51.1667
28.3833
49.9667
33.5667
31.9
21.35
46.7167
39.1167
41.7167
35.1167
42.4833
24.45
59.4333
17.1667
28.9833
23.4167
46.3333
38.7667
41.7667
53.0333
43.25
39.1833
39.3833
40.5833
20.25
48.0333
43.6667
48.2833
45.7167
42.65
24.2833
38.75
36.5167
21.6833
39.9667
27.55
46.35
38.3167
45.4333
29.65
43.15
21.1
54.2
34.45
35.3833
21.5
41.5833
39.9667
22.8
33.4
22.95
26.1
59.85
33.2
14.9167
28.4167
36.2167
14.85
47.9167
39.7
35.0167
28.0167
38.2
43.1333
28.3333
37.3333
18
35.6
30.1833
28.0833
56.9833
29.3167
44.2667
51.6167
35.95
44.4
56.7167
27.7667
37.4
38.8333
28.0667
22.1833
29.6667
26.85
24.8
26.4167
48.55
22.5833
10.1333
24.05
41.3167
43.7
29.3167
23.45
26.0833
23.85
16.9333
31.9833
30.6
46.6
41.4667
23.6667
31.0667
45.65
54.8333
35.7667
46.6667
37.9667
33.3333
37.9333
16.3167
29.6167
48.05
20.9333
47.85
38.3167
9.28333
40.6833
36.35
37.2667
40.8
44.0333
42.2333
45.15
35.8167
29.6667
52.0833
43.2
44.6833
14.8
28.8167
49.1167
36.4167
16.8
22.9833
37.2667
35.55
22.8667
40.6833
31.5167
39.3
23.8667
34.5667
21.25
38.9167
44.8
34.4667
21.2833
50.1
30.75
50.35
35.8667
39.6167
28.7
37.4167
37.8
41.5833
51.95
48.5833
55.2833
30.7833
45.8667
16.5333
26.5333
32.5
27.2333
35.65
30.35
31.5167
43.5
38.2333
23.35
37.3833
37.4167
47.9333
53.9
23.85
41.5333
43.0667
33.1667
52.3833
22.3667
53.9667
41.5833
29.0833
14.8333
52.35
35.4167
30.0333
24.7333
45.9167
30.2833
32.6833
35.9167
33.7
20.25
28.2833
47.2333
18.8
47.5833
30.8
16.5
34.9167
36.3333
28.15
41.7
34.7833
29.8
36.75
37.6333
44.0333
42.5
28.7667
36.35
34.4
43.1
40.7667
24.7
42.85
50.3833
30.55
16.0833
23.6167
48.7667
35.0333
40.2333
23.6333
21.8333
32.2333
36.0833
30.3667
40.8333
30.45
51.85
69.5
24.65
36.4833
23.4667
28.4667
38.0833
38.0167
40.5
53.9167
32.6167
38.7333
29.9667
29.3333
25.75
28.45
42.1667
36.2167
50.5333
24.7833
27.35
24.9833
21.75
29.85
36.6833
35.1333
28.8667
42.4167
27.6
37.2833
41.5167
27.9833
20.9667
36.1167
52.8833
62.2667
48.65
16.2167
36.4
35.6167
28
23.1333
29.9833
41.35
39.8333
52.4833
50.5333
48.95
34.05
40.7833
39.7833
14.5
31.0167
43.6667
32.1333
52.7
40.1167
17.6667
27.1333
39.65
35.25
29.6667
28.95
40.3333
32.2667
23.4167
32.9
25.1167
25.4167
38.05
44.75
29.9
39.55
36.35
29.5667
30.65
54.35
22.1667
37.4333
32.2167
35.4667
15.7667
46.4833
42.4
39.1833
25.8667
29.2833
30.6
22.9667
15.2
38.5667
22.6833
21.9
47.8333
40.1333
43.2667
37.65
42.95
32.15
24.55
30.9833
36.2
29.9333
49.6333
22.3167
33.6667
34.6
31.7667
21.1833
33.7667
15.4
47.15
30.7833
56.55
46.7833
31.4833
33.0333
40.7833
14.9333
28.1167
50.6
36.95
36.25
32.45
37.0333
57.3
29.75
22.55
22.7833
26.6167
36.1167
31.8
26.4333
52.3833
30.3667
38.9167
38.7167
39.25
35.7
21.5333
15.6667
48.4833
26.2
39.7167
27.75
35.1833
40.4
36.05
37.8167
15.0667
24.35
31.7167
34.3333
54.7
24.9667
39.7333
32.3667
35.1667
44.5667
37.95
36.85
46.2167
27.4167
15.4333
40.6667
36.0833
41.9
38.1333
38.15
31.3167
54.3
49.6
50.2333
31.3333
27.05
36.8
41.2333
31.85
42.1667
45.6
48.55
40.4667
27.9
37.4
39.4833
31.2167
14.8667
25.2
41.8667
28.4833
35.8833
33.8833
9.08333
51.45
38.7667
50.8
42.15
38.9333
16.3667
40.05
24.6333
38.5333
39.8833
47.3
27.9833
35.5333
33.5667
42.7
26.4
48.1333
9.48333
34.5333
34.2167
49.95
28.5333
44.4667
21.3
37.0833
23.7167
46.7
52.9833
48.45
18.5
37.85
32.9833
34.9167
41.4
24.6333
37.1
49.4333
35.8167
39.2667
31.4667
44.55
31.2333
48.5333
49.6
45.2167
29.8833
31.5833
22.3333
40.6167
36.7833
22.7
52.0667
38.0667
35.7667
41.6833
41.35
15.0833
15.4667
52.45
36.8667
42
39.9
28.5167
32.6
39.6167
23.1167
28.1167
22.95
29.2167
33.3833
32.1667
25.5667
35.6
33.4167
29.5167
27.75
24.6833
20.2333
43.2167
18.5
33.2333
35.55
36.05
24.8
48.4833
16.5
46.3667
30.6667
38.3833
26.3667
34.2167
22.7667
31.9333
39.95
14.5667
40.0333
38.6333
28.2
22.55
23.1167
43.75
44.6667
29.6833
37.7667
43.7333
34.4167
27.3833
46.7667
30.0667
42.6667
39.65
19.7333
46.5667
35.9833
35.0333
38.6833
29.8667
50.1333
45.8
41.6333
126.45
31.2167
49.9167
49
34.7333
54.4
44.25
37.8833
35.6833
27.5667
52.6833
51.3167
35.7833
51.4167
36.2833
32.7
50.3833
21.0333
23.25
41.1167
15.3833
51.4
39.45
24.3167
48.2167
44.7167
44.55
56.1167
40.25
41.2667
24.35
28.1333
49.85
29.7
25.4
56.6
26.3667
49.5167
21.2833
28.9167
29.3167
30.6167
28.3167
34.3333
20.3667
38.1833
33.3167
49.7833
51.4333
27.3167
43.9333
54.8
50.2
40.1
37.9167
50.85
38.95
24.6833
29.0667
40.4167
57.8167
41.45
29.95
23.9833
49.1333
28.2333
29.3167
25.2667
33.0333
49.3667
23.5667
36.7
35.2833
28.4333
41.3833
40.1167
49.4833
29.3833
53.95
44.1333
38.5167
30.95
18.75
36.7167
36.7833
24.2333
64.95
33.8833
35.5833
54.6833
37.7167
38.5833
30.9667
37.9167
47
46.0167
9.06667
49.0833
44.6667
32.3333
36.8667
47.85
52.45
31.4
46.7
30.3333
45.15
31.4
45.0833
22.25
38.4833
30.9833
15.2333
25.1667
39.7333
54.45
40.5833
38.9333
47.3833
33.7167
21.6167
37.6333
20.1833
24.5667
35.5833
52.2167
29.3
56.2667
14.95
31.5667
42.85
49.35
42.5167
39.7167
36.4333
22.2167
50.3667
32.8167
33.0833
34.8167
28.0333
43.85
30.3833
50.1333
29.5
40.9833
44.0833
28.35
33.7667
36.5667
37.1667
31.55
39.8833
50.2833
30.0167
36.45
31.25
43.8167
23.95
47.6833
33.0833
54.0167
54.0167
20.0667
15.65
29.3
38.8667
37
39.35
33.6833
40.6833
41.3833
42.3
43.0333
39.9
29.6167
48.9167
34.5833
42.9333
23.3833
44.7667
46.2833
44.0667
26.7
35.6
62.5833
20.95
50.7667
15.15
28.1833
45.8
50.5167
14.7167
22.7
41.6667
35.2667
42.8667
49.05
23.1333
40.5667
44.8333
42.4667
53.7667
43.7167
46.9
35.6333
22.25
25.8
32.5
44.4167
43.1333
43.1667
41.65
16.65
44.35
37.9333
41.3667
58.3333
32.35
33.4
47.9167
37.2667
22.85
54.1
46.1833
56.1167
23.7667
49.2667
49.1833
42.5833
52.5833
28.2833
49.1
25.35
27.8333
33.8667
44.1167
37.4667
56.9167
23.75
25.9333
48.6
38.7
42.2333
22.35
18.2
30.2667
36.5833
23.2167
32.3333
36.2667
22.7
49.9833
35.6
42.35
43.3
26.9167
34.2167
33.3333
37.4
48.9333
41.5
50.0333
26.8167
30.35
37.55
55.5167
15.8667
35.3667
15.9333
44.1167
35.8833
44.2167
28.8667
53.05
23.9833
31.6333
52.15
37.45
28.8667
50.7167
42.9333
42.6
27.85
40.4667
55.4667
45.6167
43.7
48.9833
60.8
40.6833
30.6833
47.8833
53.0333
34.5167
48.7167
26.4167
16.9
42.0667
33.1333
54.15
30.2
50.6667
23.9
31.7667
39.2333
31.0667
49.3167
40.45
31.8333
36.7667
22.4333
41.7833
45.75
41.7167
44.45
24.45
34.1
36.5667
41.2333
40.4833
44.1667
39.85
39.1333
36.3
22.1833
41.25
36.6667
44.3833
22.6667
25.9
48.9
35.5167
48.1167
45.6167
28.2667
44.4667
41.9833
16.5833
23.4333
30.5
51.4667
27.2
37.5167
50.25
36.4667
17.9333
29.9833
22.0333
30.85
31.1167
43.4167
50.1333
22.1333
28.3667
38.3667
27.0667
43.9167
38.75
41.1333
29.25
44.25
50.5667
24.85
30.6667
47.0667
35.05
34.4833
35.7833
15.3
38.1167
42.45
35.7833
31.6
42.9333
49.1167
27.6333
29.2667
33.1333
22.9167
36.1333
30.5
36.0833
24.5167
22.8167
48.75
28.4333
31.9333
44.5
42.4333
52.5167
38.6
28.85
18.7
32
11.65
22.7167
25.7333
37.55
35.1333
41.7333
46.6
34.55
45.3167
43.8667
14.25
36.1
21.95
49.8167
41.9167
49.3333
47.3833
7.66667
42.2333
29.15
46.5667
62.7833
36.8833
35
22.7167
41.6833
22.4167
41.3167
28.0667
33.5833
38.0333
28.05
29.9167
30.1833
36.1667
35.9
33.9167
37.25
40.85
43.7
52.1667
25.1
29.3667
39.0667
25.5333
16.1
43.2667
38.8167
21.0167
35.1167
33.8167
30.9833
35.7
46.9333
46.5
53.4833
30.1167
29.9667
44.9167
40.35
35.1667
46.4
24.1667
28.0833
37.6333
42.0333
27.6833
31.15
35.5167
32.4
34.4167
42.8
24.9333
45.6333
14.8333
41.45
36.3833
26.8167
24.3167
25.1
39.4667
33.9167
38.5333
25.4833
40.9667
41.3167
46.9
44.25
38.3333
36.0167
37.25
44.9
31.8667
40.2667
45.55
29.5667
51.7833
27.8833
29.2167
38.2333
51.25
42.35
31.6333
40.85
41.9667
22.5
29.1333
56.8667
24.8667
24.6333
42.6333
11.0833
46.4
38.2833
37.8667
23.6333
39.6
54.2667
9.05
30.4167
45.6667
43.35
15.25
41.15
33.9667
31.6667
46.5
32.9833
40.4
34.05
50.7
53.0167
34.5167
41.1167
39.0667
35.7167
32.6833
43.3333
35.9667
26.3333
49.8167
28.4667
34.9167
43.0667
28.7
34.4833
39.1167
15.2
46.05
50.6833
30.75
57.8
37.0167
17.7333
49.5833
29.0167
36.8
49.4
32.4
31.8833
44.5667
56.3333
35.2167
39.7167
46
34.3833
33.2167
28.9333
49.4
37.6167
51.15
42.9333
41.1333
46.8167
38
43.2333
38.8333
56.9
46.5
43.1167
19.95
55.4
45.4667
36.45
30.1667
41.6167
30.3
43.75
37.4167
49.3
36.9167
18.4667
36.7833
23.9333
34.75
31.5667
26.2167
21.0833
33.3167
47.1
21.0667
19.0333
31.0333
11.1333
45.25
15.4333
37.3
32.4667
37.4333
28.7167
57.45
48.65
39.35
34.2167
36.4333
33.7167
28.6
23.6833
39.85
11.5667
20.8333
58.6167
25.7
30.8833
55.3667
28.5167
35.7833
36.8167
23.8167
51.5
26
30.5
50.1833
45.85
20.75
37.1
31.6667
37.2833
45.3
23.1667
23.5
26.6167
42.5833
36.8
26.1333
23.6833
17.5167
36.1667
46.2167
41.2
34.3167
29.5833
17.75
52.1667
28.7
11.1167
39.4333
40.9167
36.2333
10.3333
31.45
34.7167
48.6167
29.7167
36.5167
45.5833
43.3167
40.3
46.3667
36.4333
52.4333
42.4667
28.25
55.35
22.7
50.3333
33.9833
51.7167
36.4833
57.35
30.6667
36.2167
40.35
43.65
28.95
52.6167
25.1167
56.5333
28.8167
21.7667
36.8
31.3667
40.0667
34.1167
31.7833
42.1833
34.1333
34.4167
34.9667
45.8667
34.1833
50.1667
30.4
25.1
33.2
38.3
42.6833
51.4167
29.7
42.0167
45.4
32.6167
36.1167
50.95
40.55
37.9333
46.3833
21.1667
38.7667
25.9
37.5667
15.8333
41.05
8.15
41.8
37.05
57.3
55.1833
17.35
33.45
44.7833
39.7
40.45
42.2667
34.5667
35.5667
35.2833
40.35
19.9333
34.25
33.0833
41.7833
9.21667
62.4167
17.0667
14.8667
42.4
14.7333
39.45
41.3333
21.25
29.7
43.25
33.25
32.55
24.4333
48.7333
42.4833
24.2833
17.35
42.1667
28.9333
31.3333
54.1833
30.3167
34.2
51.95
29.8
34.1667
37.1667
14.6833
17.8333
39.3
29.8833
41.0333
46.8
34.9333
29.9667
35.8167
47.35
31.05
40.25
48.2833
25.4333
21.8333
40.5833
29.6833
28.55
42
58.2
20.8667
38.8833
10.2667
29.15
52.85
22.5167
40.4
22.0333
40.65
46.6333
32.9167
51.4167
36.2333
44.4667
10.6667
41.65
35.1333
49.1
33.65
36.7833
47.3833
63.1667
23.3167
39.2833
17.3667
27.4333
37.4833
32.85
45.05
29.3333
30.1333
40.55
59.5833
40.6833
55.3333
27.3167
39.05
47.3333
20.2
42.4833
29.8167
35.1167
39.4667
37
46.4667
33.7167
27.1167
16.2333
52.2667
42.5667
15.2
27.5167
14.9
22.4167
21.4667
36.5833
37.7333
38.4
9.05
35.8
31.1833
47
33.8667
41.0667
36.45
33.3
29.5667
47.6
43.2
37.95
20.65
23.3833
18.9167
34.1833
25.65
24.1167
40.4333
15.1
28.75
29.2667
37.5167
34.4333
50.0833
46.6833
43.25
52.4167
15.6167
20.05
40.3167
21.7333
42.2333
46.0333
38.1833
35.2333
17.4833
30.7333
35.55
55.65
40.5167
29.1667
41.8667
32.7
35.5
47.4833
31.25
39.4
54.75
40.7667
29.7667
53.6
46.45
24.8167
48.65
47.5833
35.6
52.2
37.9333
36.95
35.3333
47.45
31.05
29.25
42.4167
43.4667
34.8333
51.05
36.3
21.05
30
25.6167
23.3333
14.8833
47.5333
22.9
23.65
39.65
29.45
38.3833
26.85
42.75
35.75
50.9833
35.7833
23.2333
29.6667
50.6333
23.0333
47.7833
40.9667
28.2333
42.3667
33.8333
32.1
38.2167
42.55
23.4333
41.4167
36.0667
34.9667
22.0333
17.65
43.75
28.85
58.3167
43.3167
40.3833
41.5
23.1333
16.2667
20.8
41.6333
27.5833
29.1167
35.4667
17.1667
29.75
54.6667
45.7
35.5167
17.0667
38.1333
53.7833
39.7167
43.8667
35.9
31.55
49.4333
45
47.1333
27.1
42.9833
44.6833
16.9
36.3167
27.9833
17.3833
35.2333
41.1
43.0833
22.7167
29.0667
15.5
22.65
28.2167
22.9
27.6
37.35
24.2
51.55
31.7167
46.0833
35.7333
33.6833
33.5333
35.5667
24.75
21.95
32.8833
21.05
34.3
48.7667
46.3333
22.25
24.8667
31
50.8
42.9167
44.4833
34.5
45.6
48.85
44.9833
22.2167
51.2
35.2833
23.8
37.95
51.5833
44.1833
45.0667
37.2333
54.1667
37
44.3667
25.9
27.9667
37.3333
45.15
60.5
31.6167
45.7333
49
38.05
33.3333
41.6833
38.25
28.4167
29.5333
39.6333
31.8333
31.0333
30.8667
32.7833
34.35
21.1667
36.8333
52.8
36.0833
28.2667
28.5333
44
31.7667
31.3667
21.9167
39.1
42.8833
27.9167
23.9167
39.7333
34.7667
48.0167
15.9667
27.6333
43.0333
23.3
38.1667
41.0833
30.8
24.8
36.2833
34.4333
49.1833
38.9667
33.2
36.9167
27.3167
47.5833
42
30.3
23.2
22.1833
37.9167
41.5833
35.1833
51.95
48.3167
19.5
43.7667
37.8
24.5667
26.3
16.7833
42.1833
16.2667
16.1167
15.0833
40.1167
17.5667
33.7667
22.5333
26.2
21.25
32.95
23.8167
48.9167
30.45
57.9167
30.2333
39.7167
49.8833
33.7
30.8333
41.45
39.1
22.6167
47.55
38.1833
102.75
43.4333
23.7667
47.7333
31.2833
39.5333
25.25
44
25.2
17.25
57.6667
15.3667
40.1
33.1667
46.45
41.95
29.9833
29.65
38.3333
28.8
22.5667
41.15
42.7167
51.55
54.85
28.4333
25.5
33.4167
41.8333
45.0167
24.1833
48.9
22.9333
34.35
27.9
35.75
42.7
39.2833
30.2167
49.7333
28.7333
29.4333
41.75
37.45
31
40.4333
37.7167
22.95
39.4
51.1833
30.1
26.1167
28.4
41.1667
28.2167
30.95
29.4333
47.9333
34.9333
18.35
34.3
15.05
41.55
27.45
47.6333
43.3667
40.0333
32.9333
35.9833
35.05
11.3
38.35
36.4
45.9
36.55
32.2667
46.55
31.5833
34.1
30.5833
31.55
43.4333
38.7333
26.5
34.8833
21.7167
46.3667
46.2833
22.6667
24.4333
32.9
39.25
33.8333
44.6833
53.0333
45.1
31.1667
29.4
35.6167
16.6833
46.5667
27.3333
23.0833
35.3
38.5667
32.4833
41.95
45.4
39.8
41.9333
29.75
38.5333
35.1333
36.5667
28.5167
29.5333
40.2
38.4167
51.8
41.1333
35.8333
40.7167
28.8833
29.9
23.7833
23.1667
45.7333
16.7167
26.9833
41.1167
34.0667
32.4
45.6167
37.7167
32.4667
44.7167
42.55
36.6667
28.3
53
52.9167
21.9167
40.7167
35.2167
37.0333
39.7667
16.55
45.3667
37.85
29.8833
33.05
14.8833
50.2167
52.1333
24.45
43.5333
21.4333
47.5333
23.8333
55.8667
32.8
28.5667
29.2
51.7333
22.7667
38.5333
16.5333
31.9667
30.6167
23.5333
46.3667
21.3667
23.2667
25.95
32.7167
46.75
31.1833
47.7
51.6167
50.95
46.4
50.5833
34
45.6333
34.8167
37.8167
27.4
27.5667
44.9
41.3833
51.7833
32.2167
34.75
30.8
50.85
34.4333
50.0833
35.2333
30.4667
34.7667
35.3667
31.2167
22.8
31.3167
16.6667
47.7
21.7333
34.7833
41.0333
30.5667
46.7167
16.4
49.5833
29.5167
9.33333
34.4333
45.3333
29.4833
29.95
22.2333
29.6
33.7333
16.3833
24.25
33.5333
47.8
34.4167
24.3833
51.9167
37.9667
43.9667
39.6667
46.0833
41.0167
23.85
46.9833
50.3333
45.2167
23.6333
30.05
40.8167
44.15
36.2333
20.9
45.4833
41.4333
33.05
24.4
33.8667
58.9667
24.4167
31.5333
41.8167
34.7667
29.5167
39.5167
45.2333
24.9
47.8
40.6
21.35
28.5
57.55
30.2333
14.75
16.4
43.65
38.4333
43.85
38.5167
50.95
9.25
46.25
28.0833
27.0833
35.4833
27.3667
45.9167
45.1667
47.3167
34.2
22.4667
44.8
37.1333
37.9333
29.7667
22.2
49.4833
31.7667
35.15
31.6333
42.1167
24.1667
53.9
44.7833
38.3
39.7833
35.5667
23.5
37.3667
32.5333
38.8167
45.9833
59.65
41.3833
29.9833
30.4167
24.3167
54.2333
41.3333
29.6167
32.2667
26.85
28.3167
39.75
38.8333
52.35
40.8667
27.2667
37.8667
29.0667
47.3
35.8
29.4667
47.6167
27.3833
18.25
36.2167
50.9833
48.3333
57.1333
42.7
41.1667
37.45
47.7333
21.1333
26.0167
40.3667
43.3667
16.5833
23.2833
25.1833
31.85
53.6
46.05
17.5333
23.2
35.5667
29.4833
39.7
18.7667
32.4167
24.55
36.1833
21.9333
30.3167
32.2333
33.9167
23.15
59.7667
36.2
40.2167
52.3833
33.9
42.05
46.5333
52.2
37.55
46
22.6667
40.1333
20.6167
44.2167
49.0333
26.4667
49.6333
31.6833
36.4
30.6333
54.0667
34.75
20.3333
47.8167
29.45
31.1
40.2833
57.0833
24.85
20.3667
38.8333
21.1667
36.4
34.8167
46.9833
41.9167
48.6
24.4667
33.3833
41.5833
35.4
19.7333
34.3333
50.4167
33.8667
47.2667
42.1333
32.8833
34.25
44.05
41.7667
37
28.1333
31.7167
15.7
43.45
45.5
45.8
34.15
41.1333
41.0667
24
36.5333
37.7667
14.05
36.85
50.8
18.3167
33.0833
15.05
29.6833
16.7333
46.4167
33.65
28.5333
44.8833
37.45
23.45
55.8167
44.8333
32.75
16.2667
50.4667
50.1333
29.1167
37.4167
36.3167
35.8833
31.0667
45.0833
45.6667
45.5167
35.5
24.7333
29.8167
49.6667
9.48333
34.5167
28.8167
39.6333
45.55
49.8667
36.4
42.3333
28.5167
28.7333
44.9667
35.0167
16.7833
37.9167
52.35
42.45
36.9
27.5
40.5667
36.2833
29.1833
41.15
21.0833
43.9833
36.4333
21.8333
52.7167
17.9167
24.9833
27.0333
38.3
43.5167
23
37.9
30.2833
44.2
32.0667
31.6
31.65
40.05
36.2833
53.4167
35.3
22.9
42.6833
33.6167
28.3833
22.25
29.45
22.2667
45.8833
23.1333
27.6667
46.2667
36.3833
11.6333
49.5833
32.9667
48.7167
27.9333
38.1167
30.9833
28.7667
30.0833
47.8167
42.0833
30.8333
50.5333
23.3833
23.0167
28.75
43.5667
28.6667
32.4333
29.65
46.8167
38.5667
26.1667
29.25
34.6667
46.0333
28.2667
38.7333
26.2833
43.3167
30.1167
28.2667
39.65
24.4167
30.65
39.35
39.5
40.0833
16.6333
23.5667
50.2833
23.8667
47.2833
36.5667
44.7833
24.1333
36
46.0667
37.5
43.3833
38.45
43.2667
41.5667
34.6333
28.35
51.05
47.3
55.8
44.2167
33.5667
29.4333
33.8167
32.4
28.4
27.2
45.7833
44.3667
39.35
29.5667
50.6167
32
36.3833
47.55
28.7833
41.85
34.9167
38.8167
38.6667
56.85
36.2167
35.3833
37.9667
26.3833
40.9667
25.0167
30.6
37
30.4167
26.8
18.15
33.6
48.9
33
42.35
31.2167
32.5333
54.5333
36.1833
21.7833
25.3333
39.6167
36.1833
43.3167
8.95
34.7333
54.5833
32.5167
45.1167
46.2167
38.9667
33.7167
55.8
22.9167
29.25
27.7667
30.5167
39.9333
43.3667
40.9833
46.1333
18.7333
56.4333
15.0667
48.95
36.8
9.76667
14.8667
28.9833
28.5333
30.5
43.7
15.6833
27.9333
17.3167
41.5167
53.2
21.8
36.55
41.6333
35.8333
23.2667
36.1333
41.9667
33.6333
48.5333
33.8
15.2667
54.1167
41.8
17.8
33.95
30.6
46.5333
40.4167
47.5833
24.6833
28.7167
23.2667
27.1333
24.1333
40.65
41.55
60.3
25.7333
50.3667
34.5667
24.8167
37.3167
42.25
29.1833
29.5333
47.3667
30.3667
38.3833
42.0667
34.35
43.5
32.3833
43.2333
44.9833
34.9667
41.7667
29.1167
29.0333
34.5167
27.7
37.4
32.0667
38.5833
23.9
21.6167
37.8333
31.6833
27.9167
25.0667
17.0833
35.0333
47.85
35.65
29.2333
42.9
43.5
18.4
48.4167
17.0333
21.9
36.8333
41.7333
47.5167
37.45
17.7667
55.1833
48.9333
52.8833
32.2
27.8833
34.1
53.2833
54.3833
34.5833
34.0667
34.3833
23.7833
24.4
58.9833
19.6
22.75
51.1333
37.6667
37.2833
36.6833
33.9833
19.6333
22.8333
26.4333
36.9
21.5
37.3167
58.1333
23.9833
26.1833
20.05
23.8167
32.55
43.45
38.95
29.8833
56.7833
46.6
44.05
46.35
29.4667
45.1833
24.6333
30.6333
30.3667
53.3333
37.9667
55.7667
53.1167
14.05
40.3833
44.9667
30.75
41.2333
26.8167
47.6833
51.4167
34.05
28.8833
33.9667
27.9
26.1833
42.2833
49.95
31.6
52.8333
24
23.55
36.0333
37.5167
53.3833
42.75
43.0833
30.15
40.1
36.5667
57.95
30.9167
35.9
47.65
37.5833
38.0333
15.9
52.2667
17.4
51.9333
42.0167
42.1833
49.3333
35.85
38.9667
31.7667
23.3667
41.5833
29.95
29.05
34.5833
35.6833
53.8
33.8333
41.9667
50.6833
38.5333
22.6167
30.3167
37.0833
35.4
52.7833
40.35
51.2
36.6167
21.45
37.1167
34.6
41.6667
35.3667
41.0667
33.7333
22.8667
52.3333
31.3667
33.8667
24.3667
54.2
26.1333
35.85
29.9667
47.9
36.0167
41.6667
45.1167
42.1333
39.6667
32.85
39.3
34.4333
43.1
49.6833
21.5167
28.0667
37.3833
18.8
18.9167
55.5833
32.2167
36.3333
46.1
16.8667
17.3167
36.7
29.55
49.7
43.0333
48.0667
48.2
37.95
43.7833
29.8
35.3333
37.0833
30.4833
44.8833
37.55
49.3333
54.15
39.85
35.2833
48.3833
52.8167
31.7333
31.75
34.8333
31.2167
29.2833
30.5
31.2833
35.7833
27.45
33
21.2667
33.3833
35.45
33.9833
41.6667
48.3667
40.1167
25.5833
36.6833
25.7833
21.1667
32.7667
45.6833
22.7667
41.5833
29.25
24.8833
34.8667
47.8333
51.8833
41.6333
58.05
40.35
34.4
48.6
16.65
44.8333
28.5333
32.1
47.9667
28.1667
50.5
24.9
46.95
42.2833
15.8
42.6
35.1667
48.2833
47.4667
32.0667
30.5833
45.2167
21.9833
45.6333
31.0167
27.1667
37
30.2
44.8667
23.1333
48.2333
37.6667
42.5833
40.2333
38.5667
35.3333
42.1167
19.6667
27.4167
16.3833
15.45
52.7667
40.65
34.65
37.8
38.75
44.6667
27.6
37.2833
28.5833
41.6167
34.9333
44.4167
34.75
38.8167
35.1167
45.35
29.8833
45.6667
45.6667
22.3667
36.8833
36.9833
24
44.15
18.8667
37.45
41.45
23.1667
35.3
26.3333
22.3167
23.2167
25.1167
29.05
29.2333
26.0333
39.6667
41.3333
30.15
23.0833
46.45
46.7167
18.5833
40.8833
51.8
43.1667
33.0167
48.9
35.95
36.5333
32.6667
26.65
23.0167
37.15
36.4667
37.8833
34.8667
50.5833
24.8
42.15
9.2
24.2
34.2667
50.8667
42.85
33.9667
34.4667
46.2
31.8167
43.55
23.0667
30.2167
16.45
56
34.15
51.3833
35.55
20.35
34.3833
20.5
38.45
39.9667
34.6
17.5
22.6667
48.85
23.0333
51.4167
27.2333
27.0333
36.0667
45.05
19.5333
28.15
38.4667
41.8167
24.5
22.9667
26.5167
24.6333
34.3167
40.4333
36.6667
39.6
18.6833
48.8167
28.2
51.5167
39.8833
30.2167
42.8833
30.2
44.3833
47.45
39.3
25.8167
26.2333
41.9667
37.2667
29.75
47.7833
31.0333
47.3
43.3167
16.3167
18.5667
44.0333
37.5167
22.1667
21.1333
26.8833
41.2667
28.5
23.7833
39.6667
41.95
28.1333
22.9
30.3333
44.0333
31.95
30.9833
27.9167
30.4167
40.0833
38.6667
36.3333
22.95
15.2833
28.55
23.3833
51.1667
54.55
22.15
24.85
41.9333
29.4
44.8
39.7333
25.0167
31.15
15.35
34.1167
34.1
22.9333
37.1
39.8333
34.0333
22.0333
36.8833
23.2167
48.7167
10.6667
52.3
27.4333
35.8833
29.9333
43.9333
52.25
22.9667
29.6333
47.15
24.35
22.9
51.2667
28.55
36.7
38.8167
39.7333
31.1
34.8667
45.1833
39.2
20.8833
28.8
23.0333
38.25
31.1833
51.1
25.4
56.0167
22.2333
15.15
48.9667
34.6167
33.8
35.8167
22.8333
34.4333
32.2333
8.48333
27.2
29.7167
42.8333
49.7167
23.2833
29.7833
36.0333
8.9
42.25
17.5667
40.5667
32.3333
15.4333
28.9333
41.4333
30.6667
41.1833
30.9667
43.2833
39.75
38.9
42.6333
35.75
37.4
51.05
18.25
34.2833
40.4
33.6667
28.3333
38.8
41.4167
39.5833
45.7833
38.8667
23.8667
30.8167
52.6667
45
42.7167
42
33.3333
37.1667
41.8833
48.0333
43.9167
43.7667
33.3
10.0167
21.3667
29.95
39.85
32.4833
46.3833
57.8
56.5167
30.6833
40.1833
46.1833
22.7667
49.3333
47.5
45.6
54.25
49.7167
29.4167
35.45
37.0333
42.5333
45.7167
64.2833
28.95
43.9333
29.7167
51.7167
36.9667
55.6833
24.8833
51.35
49.1333
26.6333
41.9333
31.7833
28.7833
40.4833
28.2833
32.6667
53.5333
23.2667
21.7833
25.0167
38.9833
46.9
46.45
41.7167
27.6833
36.5167
31.8
26.9333
46.45
33.4167
47.45
49.2667
43.7667
37.7833
43.75
36.5667
21.9167
35.1833
37.6667
53.5333
29.8333
42.1833
31.45
21.45
24.75
21.2167
27.0333
27.6167
28.4
26.7333
41.6833
36.2
42.45
30.05
33.3667
31.15
29.5167
36.0833
18
35.1167
40.8333
42.65
28.6667
47.3167
50.2
16.55
45.9833
33.8333
42.4333
28.2667
49.95
35.1333
41.9833
60.3667
12.2833
40.8333
22.2167
31.7167
27.7833
45.9333
44.3333
55.4
22.65
36.7833
22.85
57.2667
29.9833
45.6667
39.8333
37.5167
27.35
22.0333
33.4667
40.9833
28.4
35.1167
28.8333
23.8333
39.15
31.7167
35.6333
34.0833
30.4
48.25
45.8
17.2667
52.4167
32.4167
46.9333
54.6
31.9167
37.55
42.0833
43.6167
38.7333
41.3833
21.2833
43.9167
36.8833
25.1833
47.3667
38.9
27.0833
35.55
29.5333
33.9667
27.5333
25.5667
17.15
37.6
32.35
35.1
30.0667
33.55
38.4
18.9333
38.8833
35.3833
35.2167
54.4667
52.8
25.5667
41.4167
31.5167
18.3333
32.4833
30.4333
22.75
21.5167
37.1833
50.1333
24.6333
35.0333
38.5333
52.3
42.8
24.3167
35.3167
46.0167
44.7
50.2333
40.15
18.55
36.3167
31.7333
41.1667
29.8667
11.6833
47.75
49.3
48.3333
54.7833
35.5667
35.2833
22.1667
53.9
31.25
36.0833
37.4
44.4
21.9667
29.7667
16.3333
37.6833
24.3167
21.3
44
53.5667
38.8167
45.05
31.5
28.8
48.4
39.3333
31.8333
19.3833
40.4
47.7167
9.98333
53.3333
48.2833
41.35
28.9333
39.0333
35.4333
27.4667
39
43.5333
34.1167
46.1833
48.2833
32.8333
28.5167
27.8333
19.5833
37.0333
39.6333
25.7333
14.7333
46.4333
27.9
33.8167
40.3333
29.6
27.7667
42.2
28.7333
14.55
23.6333
43.4667
51.1167
21.2333
39.85
41.9167
28.8
22.4333
41.8333
34.4833
22.0333
27.35
30.0667
28.5667
35.0333
24.7833
31.7667
38.8833
31.8833
35.2167
46.4833
23.0667
33.8833
45
29.3667
24.3
38.3
43.3
57.0333
39.3
39.75
27.9833
19.65
21.2167
16.0333
15.9167
42.0333
41.5
30.9167
35.1667
49.6833
39.5333
48.1833
45.2
28.7167
30.4167
33.0667
51.0833
27.7333
41.55
40.4833
42.7333
42.15
45.3833
39.4167
47.4333
42.1167
35.5667
25.1667
47.3667
46.3667
34.8167
53.9
36.6333
38.9667
42.1833
51.6833
36.4667
39.8833
38.5667
38.65
50.9167
36.8333
47.3
45.7
38.0833
48.3667
25.4333
42.7667
38.1333
31
42
38.35
38.6
30.1167
36.3167
37.4667
41.5167
22.95
42.95
25.6
35.7
37.8333
40.45
51.75
52.25
23.7333
43.1167
33.9667
44.6833
41.6333
26.4167
17.25
35.55
37.7167
33.25
52.4167
24.4833
32.1667
30.55
33.8333
49.5667
50.6833
36.2333
21.1333
26.5833
28.2833
41.8
39.2167
34.0833
49.7833
41.15
44.3333
23.0167
17.8333
41.4
46.7667
36.1
35.9167
45.35
40.3833
41.45
42.2167
24.4333
45.6167
14.75
35.55
21.3667
27.6833
42.5333
41.0333
31.9833
43.6667
50.5167
39.4
34.6667
37.6333
22.6167
31.6167
22.35
26.2833
29.7
40.7667
49.0667
37.9167
43.5667
36.4167
42.6833
32.1667
40.9167
46.9167
40.4833
30.7167
22.55
24.2167
43.9667
35.45
37.1667
45.5167
15.75
36.6333
23.4667
33.8167
38.8
57.0167
48.0167
16.8
28.5333
21.9167
33.2667
35.9
39.2
41.8667
43.1167
40.3
45.1667
16.9333
8.96667
48.1667
25
21.3167
27.9833
36.0667
25.7833
9.61667
38.1833
47.2667
15.6
37.3833
55.4333
43.3667
48.6333
21.45
24.0333
40.2167
46.0333
36.8167
42.3833
29.45
23.95
32.9667
29.6333
26.35
17.2333
39.2667
32.0167
27.6667
26.2333
26.3833
42.9333
22.1667
43.2333
41.6167
39.0167
47.2167
30.8167
40.2333
36.5333
47.0667
41.45
30.7167
32.5833
54.1
35.6833
16
37.75
24.55
38.85
37
28.2167
17.4333
32.4833
43.05
41.7833
51.1
45.6667
39.0333
41.5333
25.5
28.8333
50.2333
31.7333
24.2833
22.1167
40.6833
35.5667
43.2833
44.1833
29.3167
30.5
41.4833
47.8333
39.0833
33.9333
35.2833
35.3667
44.55
58.05
32.6667
30.2667
40.2
30.7667
15.2
37.4167
29.3667
46.0333
41.7833
28.3667
33.6667
27.6667
36.5
24.0333
29.2833
38.3333
41.4
14.4167
35.5833
24.5833
27.5333
43.8833
44.8833
43.9333
29.8333
34.4667
47.1
26.0833
24.2333
48.4333
40.3667
42.9333
35.2333
42.2667
52.8
34.6
45.2333
44.6167
49.8167
20.1333
48.8
29.2833
50.9333
32.5333
39.2333
33.65
16.45
29.9
42.95
54.0167
42.1333
22.3
31.6833
35.5833
28.8
28.8
31.1167
47.75
46.25
27.5333
47.2833
34.9167
20.1333
58.3333
34.0333
41.6833
15.6667
35.8833
46.85
24.3667
45.95
39.55
28.8333
35.2667
18.4333
28.35
28.6167
37.4
35.8833
40.0667
40.6
24.0167
34.7167
48.4167
37.9333
39.05
31.7167
34.4
37.4667
44.25
15.6
48.1167
45.6167
51.6333
44.4833
32.65
43.7167
22.0667
41
33.9167
40.4167
53.4333
16.7167
34.5667
38.6333
22.75
23.25
35.0167
42.3333
40.0167
30.5667
35.7667
27.6167
28.55
33.4
24.8333
24.15
33.45
39.3
41.65
21.3333
24.3667
41.65
15.8833
24.1167
47.1333
46.3667
38.5
37.7167
37.7167
31.1333
56.4333
35.5333
20.6167
30.75
40.3167
46.3667
43.05
42.0667
23.0167
43.55
35.9667
34.5333
47.5833
45.15
45.6833
44.85
9.15
28.65
25.7667
35.4833
32.3333
29.6333
23.9667
16.4667
27.9667
36.55
47.9167
45.7167
40.85
26.1667
44.35
47.0333
47.55
48.3
22.9667
22.4167
32.8333
37.3
30.4833
41.0667
34.85
28.25
24.8833
38.3
40.9667
30.35
37.5667
22.4833
29.6333
35.4167
24.2333
33.0667
54.9167
28.3667
43.5333
62.5667
23.2667
39.5333
40.2
29.4167
55.3333
48.0667
18.6667
15.1333
27.8333
38.2667
30.5833
22.2
38.7667
33.7833
44.3
31.15
37.2667
30.5667
39.1167
30.1
34.9833
55.65
49.2167
21.7167
50.5167
45.5667
42.3667
48.55
37.5833
39.2833
47.6833
39.8833
46.4833
15.95
53.8833
32.8333
29.0833
27.2167
37.7333
7.73333
32.55
37.9667
35.4167
30.1
34.5333
47.8
45.8833
22.7333
41.9833
39.0333
47.4333
47.4667
20.85
18.8667
35.65
37.05
25.4333
16.2
41.4167
46.2833
46.1
39.75
39.8
41.0667
51.4667
16.1
33.55
13.9667
39.4167
37.9667
35.1
8.28333
46.0667
41.8333
39.4833
53.9167
25.8
36.5167
46.45
34.8167
22.8167
53.9333
26.0667
25.5667
32.75
38.25
17.9833
30.55
16.3
44.9
43.4
22.4667
37.85
20.3667
26.4
15.45
42.7167
39.05
36.7167
41.8333
44.1167
36.5667
49.8167
54.5167
15.8667
38.4
25.5333
49.0333
42.8
23.2833
38.6667
40.9
32.8833
44.2667
45.7167
38.4333
14.75
39.3333
40.85
24.3667
16.85
21.9
47.45
31.5
46.4667
43.4667
32.2167
56.1667
44.2
34.1667
54.85
44.4333
28.25
29.3833
32.65
40.35
34.9833
58.4333
30.8
30.5167
44.3167
34.5167
35.4
30.2833
52.5333
27.6167
31.3
43.2667
35.7833
47.5167
50.4
38.3
36
30.9333
39.9
44.6333
21.65
34.95
42.1333
36.8667
37.4167
30.8167
39.85
32
41.6833
46
36.15
53.7167
48.7833
35.7
47.2833
26.4
52.3
47.75
31.9
27.3833
41.4
36.9833
34.5
45.3833
40.3333
36.4667
50.5167
39.6167
48.9167
36.0333
27.25
31.6
40.5
21.4
42.1167
39.3
27.5167
34.9167
42.9833
27.7333
40.8
39.2
41.4
17.1
36.2667
26.8333
30.9333
24.85
41.1167
23.5667
22.15
44.9
34
33.1333
43.8167
34.6667
41.1167
52.2667
48.7333
38.2
29.8833
43.3667
44.7
36
48.0167
50.3667
44.45
35.35
22.65
37.45
29.2333
40.1833
45.05
28.7167
43.4167
31.4833
51.7167
34.1
31.9
39.2333
33.5667
32.3167
30.0167
14.9667
28.8833
14.1
25.0333
24.8833
44.9833
40.6667
40.6833
39.0333
23.8
37.7833
44.1
40.8833
33.0833
42.6333
26.9333
36.8667
25.0333
44.4167
39.9833
39.7333
30.3167
25.8833
51.1333
44.6833
15.4833
22.2667
35.8667
27.8167
29.4667
33.2833
41.5667
35.8
24.0833
30.95
23.45
37.05
43.1
40.1
31.4667
16.3667
46.7
38.6833
21.3833
37.6333
36.9
42.8667
14.0167
38.2
41.5167
18.1
29.65
40.1167
31.1667
54.65
43.5167
32.6333
20.5
29.55
37.2
33.8667
30.9667
41.15
40.8
31.8
32.4833
32.3667
24.7167
31.7333
30.2667
48.55
53.7167
38.1667
55.5167
36.6833
36.85
40.85
24.3333
32.9667
34
23.2667
43.0667
29.0667
22.2833
61.15
15.5667
36.3167
16.3667
21.7833
47.1833
19.2
47.9667
39.2
46.55
48.0667
22.2333
34.0833
32.0667
50.8333
35.55
37.5333
35.4833
34.15
27.2
36.6667
39.3333
49.5667
37.3333
43.6
35.3
20.7333
23.1167
39.0833
36.05
44.5833
44.1333
52.5
49.3
28.75
23.5
37.05
49.5
21.2
40.15
45.6
39.8667
41.35
34.7167
30.4167
27.2167
39.3667
29.05
27.2833
30.3667
27.35
35.8333
35.8
43.8
48.7833
27.75
28.4667
27.15
46.9833
29.9333
32.4333
27.2333
15.2667
24.3833
24.5
32.25
30.6167
28.9667
47.8
51.05
43.5333
50.4667
37.4833
32.5333
31.2833
14.45
32.2
26.1
22.3167
37.4667
15.0833
39.8
37.0167
39.0333
34.9833
20.4333
44.75
36.0333
45.5
20.7167
48.5833
46.9333
17.1667
51.9167
31.7
16.5
35.4333
49.6833
15.2833
27.5833
39.7333
52.45
39.9833
28.9833
25.4333
46.4667
26.2833
45.2
25.8667
29.6667
29.1333
24.3
31.6833
28.6833
45.3333
43.4
50.5833
27.4167
21.05
29.2833
42.1333
48.8333
31.8667
42.2
41.6333
35.0833
35.6167
34.9167
34.4833
60.0333
19.6167
31.1333
17.35
42.2833
27.7833
42.1
41.1667
39.25
38.7167
30.3833
48.5
35.3
40.4167
37.2
50.1833
33.5833
16.2167
43.1667
38.2
49.9833
14.3
42.0667
28.9167
45.3
30.4833
36.7833
24.5333
24.5
34.0667
23.1
24.7
34.2167
42.05
22.15
38.3167
36.6
33.75
38.35
34.1167
47.9
39.2
34.55
37.4833
42.05
23.2167
28.8667
55.0167
30.7333
50.2667
14.7833
21.0333
35.6
18.25
31.0167
28.8833
38.5333
31.15
52.95
31.8667
27.5
29.6333
22.3833
40.3
39.3333
32.6333
29.1667
42.95
36.4
48.3167
46.6333
51.15
19.5
31.95
29.65
38
46.0167
41.9833
40.8
21.5833
44.4333
38.5667
23.7333
50.5333
59.9167
26.7667
35.55
37.6833
22.3333
48.9333
25.85
50.1333
34.0833
62.2833
23.35
33.0667
31.5333
43.9667
31.4667
33.7167
34.3167
29.0167
32.2333
37.55
27
21.1667
43.4333
44.4833
29.7667
41.6667
22.4667
28.35
33.2167
41.1667
44.5
56.05
46.7167
37.8333
36.5
34.35
42.2833
38.6833
33.7333
21.55
44.0667
40.35
38.8
30.6167
37.2833
26.05
34.3333
29.55
48.3667
37.4667
28.7667
16.8333
33.3833
44.5167
21.25
38.25
43.4
46.85
36.3667
37.3667
43.15
42.6833
41.9667
40.8667
52.85
37.9333
56.0167
49.4167
24.0833
37.45
37.1833
38.5667
16.1833
30.0833
35.8333
41.15
36.8
30.2333
11.3167
35.6333
40.3833
36.7333
30.45
31.75
56.35
24.1333
34.9667
29.1333
23.15
51.4167
35.7833
24.5167
30.8667
24.3
42.3167
50.3667
30.9333
44.7333
17.6833
27.9167
34.6333
32.0833
36.6
20.9
29.6667
22.9167
54.9
17.4833
47.8167
10.4
45.75
15.85
16.5
45.1667
35.0167
50.95
15.9
29.6167
44.8167
34.4
23.55
32.0833
55.8333
42.1333
29.5667
29.4167
29.0667
30.0333
61.6667
14.8333
28.2833
32.3833
52.0833
28.7167
43.4
18.2
38.55
47.2333
38.9
38.3
50.6667
46.5833
46.5833
49.3333
43.0333
33.4333
41.9333
36.1667
40.1333
30
23.6333
35.75
20.9333
32.3167
39.7833
36.4833
51.1833
23.1333
36.6667
30.35
24.6
30.3
34.0167
26.6167
29.1333
37.3
31.2
35.8833
35.75
20.7333
14.7333
33.2667
16.8
28.0667
34.7833
32.5
56.1833
40.7
30.6
55.35
44.8333
15.3667
31.8
27.3833
22.45
23.2833
20.95
24.2167
39.65
38.9167
37.0667
37.75
22.55
23.8167
14.5
35.8667
38.3667
51.85
41.1
42.3667
40.7
32.0667
30.8833
17.3667
41.6833
34.4667
22.4
40.95
32.7833
32.95
36.9833
53.3167
33.55
25.7833
28.6833
8.51667
34.5
36.9667
40.9167
47.95
42.75
26.6167
33.4167
44.6333
47.9
35.05
35.5333
21.55
40.55
24.3
42.3833
32.3833
56.05
44.5
28.9167
36.9667
37.7833
36.2667
23.8167
29.1
45.8333
46.4167
36
32.7333
29.1667
41.65
45.8667
34.9
47.4667
29.2
39
31.3333
44.05
29.6
46.7167
40.15
16.0833
25.55
29.1833
33.6333
29.9333
53.0333
41.75
28.9
25.5667
31.4667
30.7667
23.1
22.9167
35.6833
46.4
26.25
41.7167
36.9
33.0667
10.1333
56.2667
30.2333
42.7833
52.3833
32.8
32.7833
35.2167
35.35
35.8833
21.5167
45.0333
29.5167
35.1833
41.1167
39.1833
39.6833
40.45
42.4833
41.0833
37.0333
36.1333
44.3
29.8833
26.1
29.35
40.0333
35.65
31.1333
39.0833
39.5833
43.0167
15.9667
24.45
26.8
41.55
38.0667
36.05
49.2833
57.9167
24.05
39.0167
22.8
38.8667
43.2
29.0333
21.0333
39.8333
45.7
42.15
45.5
26
30.2667
39.95
45.1667
32.7833
38.05
24.5
24.85
35.75
45
23.45
38.0667
21.4167
21.4167
50.8167
21.6667
53.2167
54.6833
35.4
25.8167
43.55
36.3667
31.4667
21.9333
34.9833
37.2
36.85
41.4833
35.7
43.8333
42.55
39.7333
41.45
47.4833
48.6667
39.1333
37.45
42.7833
41.4333
35.2833
34.7667
32.3667
24.4833
47.3833
31.3333
26.3333
16.8333
31.4833
44.1667
32.9333
16.2
46.5833
34.35
40.3667
41.8833
35.8
40.8833
30.9667
24.4833
31.1
47.2333
23.65
44.1167
36.2
40.7667
45.6333
32
55.7667
51.5833
27.7667
39.2167
16.9667
44.1333
39.1667
33.6833
24.2167
21.5333
49.7
37.7667
36.6667
21.2
36
39.2833
22.9833
24.4833
32.3667
35.7667
24.9
40.35
38.1667
29.8667
39.5167
39.2833
36.3333
22.5667
40.6
30.0667
27.9167
37.2333
41.4167
35.2167
39.4
42.7833
18.7167
36.9
22.3833
52.4333
35.25
42.5833
30.5333
51.15
42.1833
14.5
37.0167
41.6833
34.95
41.6833
22.9167
33.5333
22.5833
56.6167
37.5833
19.7333
37.6833
45.3667
31.0333
42.3833
45.0333
42.75
48.65
42.1667
50.1
32.8833
24.2333
35.8833
61.9667
27.95
26.85
16.9833
44.1833
33.2333
46.2667
30.2667
46.3333
41.7667
23.2667
31.75
25.3667
38.6833
34.6833
43.6667
53.65
34.3
37.8167
33.5
31.7667
44.7667
38.6833
36.5167
38.45
42.15
45.3
34.95
49.6167
38.7333
23.1833
44.7333
23.25
41.3
48.6167
31.9167
35.5
43.1167
32.2833
35.45
39.0667
21.8833
46.0833
27.7
54.9667
43.7333
41.7333
22.2167
40.2667
46.8167
47.1333
34.9667
35.1
35.8667
40.3333
30.8167
16.2333
22.2833
36
35.2333
23.3167
40.8
37.2167
33.4833
38.1333
42.9
38.5
51.55
26.5667
28.8333
29.8167
53.2667
35.6167
40.5333
39.85
43.8
37.4333
54.8167
26.9333
31.55
50.6167
37.6
35.5667
35.5833
41.7333
35.2333
42.3833
43.2667
46.1833
55.0167
16.5833
39.4667
28.6667
36.8333
28.8167
30.65
31.3
28.0333
41.2
33.3667
25.3667
41.3
37.1333
34.9333
22.0833
26
38.6333
31.2
46.8667
37.5333
36.1333
35.2833
44.2833
37.55
29.45
24.4
35.1167
41.3167
33.2333
28.6667
35.8
31.5333
41.3333
31.6167
39.7333
35.7333
33.0667
54.2167
39.6167
41.2333
21.7
34.25
30.9667
36.2
35.8667
36.6833
41.4833
34.4
41.7167
29.75
41.35
30.1
16.45
47.4333
49.6667
38.3
41.8667
34.65
40.1333
37.2167
45.5
42.2167
44.4
30.2833
8.3
42.75
38.3167
27.9667
36.8
30.4333
35.6333
48.8667
33.5833
22.25
34.6833
37.6167
25.4833
29.7333
36.5167
51.2167
41.5167
23.4167
44.0333
56.2667
46.4167
25.0833
16.8
30.1
38.25
49.35
19.2667
47.35
37.55
31.15
30.65
45.25
30.2
34.5167
37.6833
34.35
47.3667
40.0833
39.0833
38.3
22.6333
34.4833
42.4167
16.1167
30.6833
48.3333
35.8167
24.6333
56.6
37.15
31.8333
44.0667
40.3667
28.3667
36.2833
16.1333
34.6167
27.9833
18.1167
44.9167
42.75
34.8667
29.6667
33.8
35.25
32.5333
33.05
35.2667
47.0833
31.6667
34.6333
43.85
38.1167
52.7833
33.7333
48.6833
14
44.3833
8.2
42.1667
30.5
39.1
44.9667
45.7667
24.1167
41.7167
27
43.2667
31.35
28.2
42.5833
37.8
22.7167
45.7667
35.7333
37.6
32.8833
40.95
47.3667
48.65
32.0333
41.5833
33.6333
28.0167
34.4833
33.7167
32.0667
24.3167
35.2833
51.1167
22.7167
30.0833
35.1667
48.2667
30.3833
37.7667
28.1167
32.5167
39.6667
41.1
40.45
23.4
40.9333
41.9667
34.7167
34.85
53.0333
51.4667
37.4333
36.35
31.25
31.15
29.6167
33.8
46.55
37.5333
41.0667
34.2333
51.7667
51.7
36.0667
42.9667
31.1333
40.1
27.1833
42.0167
47.5
23.55
25.7
46.3333
35.45
30.75
27.2667
30.7
36.65
33.6333
53.45
31.2667
31.2
56.1167
35.4333
44.1667
27.6
35.1333
50.4167
37.25
45.55
45.3833
22.5333
35.6833
34.5833
51.9833
27.35
42.1667
45.4667
49.0833
42.4833
44.45
47.55
50.5667
45.3667
35.5
34.25
23.3667
39.9
40.55
57.5333
36.5833
21.35
41.55
30.8667
30.1167
37.7333
41.4333
50.4
36.0833
30.7167
31.2833
46.5167
50.7167
30.9833
40.9
30.1833
52.8667
39.5667
24.7333
40.5833
23.7167
48.35
35.2667
14.2167
20.2
21
45.3833
53.1167
30.0167
43.7833
32.3167
46.85
44.1667
36.8
25.8833
26.3
35.5333
28.3833
30.5167
26.8333
49.4833
35.8667
17.4667
23.9667
54.9667
45.3667
36.9167
49.9333
40.0333
46.4
55.1833
33.4333
53.7167
35.55
26.5667
28.2167
25.85
29.6
20.7167
51.3667
30.0167
52.3833
27.95
42.3
43.2333
50.5667
42.35
22.5167
35.8333
49.05
23.2167
35.5
33.8167
40.5833
40.55
38.75
28.8333
29.2833
31.2
39.55
42.1833
42.3167
48.65
37.75
47.0333
27.7167
38.35
8.53333
61.5
23.4667
48.5
35.5167
17.4333
29.3833
71.65
41.9167
9.5
30.8333
42.45
44.35
34.3833
41.7333
25.9833
47.25
50.3667
34.3667
30.2833
44.25
49.9667
36.8667
23.5833
36.5167
17.85
34.6833
46.25
40.8167
36.5167
23.4667
42.5667
41.6
44.65
33
22.65
34.4
41.0333
27.65
23.3167
31.2667
37.7
48.3667
41.6333
30.8
33.05
46.9167
16.1167
35.0333
39.0333
32.3333
48.8667
42.9167
22.2167
26.35
39.1167
34.2
46.2167
26.95
21.7167
24.0167
16.35
40.55
36.4
45.5
45.6667
45.35
43.5833
37.9167
49.1167
38.3833
28.75
41.3
39.25
21.6333
41.1333
37.2167
43.6167
28.5667
39.65
20.75
49.1167
48.45
45.3333
51.1
16.15
41.65
30.9333
46.8
28.9167
47.5333
19.5167
39.75
32.9667
33.7167
44.2333
29.3167
50.8
32.0167
45.65
22.7333
48.8
23.7833
24.3333
36.6333
46.4833
51.6167
29.45
34.8667
30.1833
28.4
45.5667
15.35
45.3
22.8
32.4167
29.0167
45.3167
47.65
49.35
23.95
24.7333
15.9667
19.65
29.5667
50.35
45.6667
24.6833
49.5667
23.3667
25.6667
28.8167
17.8333
32.9833
17.5167
47.1333
22.1667
26.6
44.55
35.0667
27.3667
44.45
47.1667
15.9833
56.2333
48.3
31.8
40.8167
22.9
50.5167
41.9
23.9833
28.25
41.8
60.8833
30.0167
44.7
20.5
42.2333
52.3667
29.3833
38.3
26.6333
38.9167
24.4333
44.0333
53.4667
44.3167
31.7667
49
40.5167
40.65
32
24.1333
47.0667
46.1167
51.3833
33.1167
17.7167
47.1667
34.2833
50.3333
37.8
32.6167
39.1833
30.0167
41.0333
32.25
38.05
52.4
53.8333
35.05
42.3
40.1667
46.2833
30.6333
36.0167
9
37.3833
28.5667
21.2333
38.3667
28.15
39.2167
51.9333
42.4667
36.0667
44.6
34.6667
32.6
45.75
42.65
38.1667
49.0833
35.7333
43.4333
51.9833
30.8333
14.6
26.45
45.2833
45.8667
31.5333
16.1833
25.45
56.2833
20.7167
15.1333
23.2
43.05
37.0333
41.5333
35.0167
44.3167
52.1667
47.6833
39.05
25.9333
19.4333
38.5333
42.8
47.2833
23.7667
29.95
39.7
36.6167
39.0667
34.7167
34.9833
44.4667
32.9667
43.4667
39.7167
31.5333
24.4333
44.6
51.65
22.6833
31.6167
28.9833
41.3
29.4333
31.8833
49.0833
54.15
35.1167
32.2833
40.7667
18.7333
47.3833
29.4833
31.0333
36.4833
30.5167
37.2667
46.2167
49.6
38.9333
31.7333
49.75
41.15
48.2
14.0333
21.3333
33.8667
40.4833
41.75
34.8333
37.8833
31.8167
33.75
17.9167
28.2833
54.6167
37.5167
28.3667
46.8833
46.8333
53.55
34.8667
30.5333
35.8333
18.2
16.45
33.3667
44.4333
15.3
43.7333
39.7167
42.6167
36.25
28.1
39.2833
23.3167
26.65
34.8
29.7833
23.4333
60.8833
44.2
32.3167
47.2667
41.15
27.9333
21.2167
32.2667
50.7667
32.8
15.4
43.55
41.8667
34.65
29.0833
41.8167
35.8167
37.4833
35.6833
45.1
40.4167
43.4
30.9833
34.6333
35.8333
27.6667
56.3667
34.8167
44.1833
43.5
37.0667
42.3
27.7333
43.6167
22.0833
42.5
24.1833
30.15
29.2833
29.9667
21.6333
30.3333
19.2667
43.5667
29.2333
52.8333
32.3333
28.1167
42.85
23.7333
28.3333
15.7
20.5833
22.0333
44.3167
33.4833
42.8167
30.5667
30.9167
46.5167
40.2167
34.6667
41.2333
37.0167
51.75
50.3
27.55
36.75
38.1
41.5833
47.7
42.2667
33.8833
43.6333
42.15
32.6667
47.1833
24.3333
45
14.4
49.4833
43.6
42.5333
45.7333
36.3167
35.8
52.45
28
40.7833
27.0833
47.1333
25.0333
60.9833
37.0667
33.3167
44.0167
27.15
15.35
57.2667
18.7167
33.6167
24.3167
36.5833
59.8333
27.8667
34.6833
49.0833
39.5833
41.8
22.15
34.15
45.2667
30.7
47.4
23.8667
37.7333
45.5167
23.85
32.1333
50.0833
34.1
36.55
36.8167
31.3833
22.9833
46.5
17.7333
33.8833
41.2667
27.8667
22.25
25.3167
39.6833
35.9167
22.85
34.4833
14.7167
22
41.0333
30.6167
29.55
29.9167
53.15
22.3333
22.1833
83.35
31.25
43.4
21.6833
45.6
22.1667
46.0833
43.3
47.95
32.8833
35.3167
46.3667
24.95
60.55
10.4333
41.3167
44.9
45.85
26.9167
26.9667
35.6833
41.3
30.0833
38.4667
39.0167
35.4833
31.85
44.25
30.8
38.0167
32.55
29.5
28.1
28.0833
42.6667
36
22.8667
29.55
29.4833
38.5333
47.9667
45.0167
38.9333
33.1833
33.7833
41.85
29.8167
43.3333
29.6667
38.3
35.8333
42.0167
44.3833
31.75
28.8667
47.6833
32.7833
23.8667
29.4667
38.3833
39.4667
46.9833
22.05
41.9833
34.4167
37.3667
27.3833
15.2
35.95
44.9667
34.3833
21.7667
37.3167
36.5833
27.85
34.5833
46.2667
22.5333
35.9833
34.1833
48.45
52.2833
49.8167
35.7667
38.6167
43.4167
16.9
40.1833
30.0667
30.1667
15.5167
29.9667
21.8833
40.85
29.4667
27.6
35.25
23.1667
34.3833
28.35
35.7667
16.5333
42.3833
35.7
32.9833
31.8667
42.4667
8.2
31.4333
21.2
35.3167
46.8667
36.0333
33.7833
30.85
40.2667
36.2833
34.3333
65.0167
39.4333
35.4333
46.8333
32.25
24.4833
34.9667
32.8
32.0333
36.55
35.0333
33.5833
49.7
25.5333
38.95
25.5333
30.05
41.4833
27.5667
41.6667
43.4167
27.6
41.5
41.2
47.7667
34.0667
38.8
38.8833
29.2
42.3167
39.8833
16.4667
24.8333
44.25
29.3833
48.9833
27.5833
46.5833
27.4333
41.35
27.5667
35.2
39.3667
34.55
22.55
37.8167
20.85
29.9667
39.9
23.6167
24.6833
23
23.7167
45.15
24.3
23.7
26.7
27.4833
39.8833
35.7167
38.4833
41.2167
40.8333
51.3333
21.5333
23.05
37.2167
16.3833
28.9
42.7
24.95
42.6833
25.8
43.8667
44.6333
32.5333
23.35
31.3333
47.45
46.5
39.0833
38.3
29.6333
44.6
31.6833
46.7833
32.8667
17.4333
45.5833
30.4333
33.8667
37.6667
36.4
55.65
37.95
38.55
22.7167
28.25
31.4
47.25
26.6333
30.7333
32.15
30.95
44.7167
57.3833
32.9333
38.0833
48.4167
29.7333
28.3333
29.7167
26.9
25.4667
29.9833
32.55
22.9833
21.0667
50.9833
32
43.45
56.7333
33.05
22.2833
35.8
35.0667
33.6667
43.8333
41.4833
30.1167
38.5667
53.45
24.75
28.0667
49.7333
30.3333
11.6833
43.35
39.4
45.7167
34.1833
40.45
22.0167
30.9667
31.0167
38.25
33.0333
44.8667
36.4833
37.1333
29.1833
30.7833
41.3
42
21.8167
52.1167
43.6
44.0167
26.85
32.1667
50.3333
34.7
42.4167
28.75
42.8167
30.3667
23.55
34.55
43.1167
28.7333
27.9667
45.9833
33.8667
36.0333
43.7
8.13333
9.48333
13.65
37.5
45.3
18.3333
31.35
17.05
48.6333
44.5167
38.4667
36.5167
39.2
29.1
38.9333
43.3167
39.95
32.85
50
20.4333
35.7
40.2333
40.2667
34.8667
31.7833
36.9167
42.7167
39.8167
50.45
46.65
28.2
31.25
47.05
33.3833
47.0667
36.0167
40.4
28.6667
30.9333
34.4
53.95
45.5667
49.4167
50.3833
52.7167
21.5
38.1833
33.45
36.9333
36.8
54.35
41.4167
41.05
41.1833
34.0833
49.45
23.1
20.9667
55.1833
96.2833
37.4333
37.9667
36
22.45
46.9167
37.1667
33.2833
55.2333
26.75
35.5
40.65
32.7
22.0667
21.2667
19.7333
17.2333
22.75
22.75
45.1167
38.5167
22.6167
36.45
25.9333
32.9667
39.5667
29.6833
53.8333
37.3167
30.55
22.95
36.2333
36.9833
41.55
29.75
38
37.0667
34.5167
18.55
62.75
44.5167
35.8
29.65
18.9
43.5333
38.8167
23.5333
16.4667
41.4833
22.6667
23.5833
29.45
32.2167
34.9833
27.8167
40.5
52.2833
28.0333
40.4333
35.9333
22.3333
29.0333
49.3
41.9167
37.45
39.0667
16.7833
20.75
28.6833
48.4333
29.5
42.7833
31.7833
39.6667
33.9333
32.2333
35.45
42.25
34.0833
38.9
55.1833
37
26.4667
34.45
24.4833
46.7167
9.81667
25.6167
29.6167
35.75
35.7333
39.1333
41.2
44.25
28.9167
28.4833
37.65
33.7833
28.25
32.3667
35.0667
40.6
42.25
39.55
41.2667
38.5833
40.15
36.9667
24.9667
15.4167
38.7167
23.5
38.8167
39.5
30.2833
44.75
46.05
48
38.5
37.15
39.45
30.9
52.7333
49.5
35.3167
46.9167
33
50.9
30.8833
28.5833
40.3
38.8
17.6667
17.75
46.95
23.7667
17.75
43.3833
33.7667
27.65
43.6
28.8333
8.48333
29.5167
41.85
30.9
54.6833
42.1167
30.3333
31.05
51.6333
34.7333
43.9333
39.8
33.6667
30.8
45.5833
29.5167
30.0333
37.0333
33.3333
26.6667
127.2
28.25
37.45
24.2
45.7667
49.3833
37.15
45.6167
51.4167
40.9
40.95
25.0667
19.85
33.1333
40.85
8.83333
49.7
15.3
52.95
35.1
29.1833
40.2667
40.6667
15.4
30.1667
15.4833
22.75
39.2833
40.6
50.2667
37.15
24.3833
20.8
43.45
53.6333
29.1833
29.2167
16.2333
24.05
45.1167
21.2
19.95
36.65
28.95
23.4667
40.0333
41.1
36.45
34.9333
26.4167
13.8
40.1167
38.3
36.3667
41.35
40.5333
40.2
45
39.45
49.9333
44.3833
35.7
22.6333
32.5
28.4
33.0167
36.5333
36.2
40.7
50.8
38.9
45.4667
47.9167
36.0167
49.8
36.1833
31.85
19.95
34.05
35.8667
27.7667
39.6167
35.0833
39.7
24.2333
25.0333
33.6
22.6667
43.45
23.1667
31.4667
32.3833
33.8333
28.65
34.6
36.1333
42.6
54.6833
36.65
44.1667
44
31.7167
30.9167
38.6333
36.85
35.55
16.55
23.0667
26.1833
22.9167
39.25
29.3667
39.75
49.0333
38
14.7833
36.0333
36.9833
19.7667
34.0333
31.7667
29.8333
31.8
29.2833
44.35
20.9833
42.3667
27.1167
30.9167
26.95
23.1
37.7333
39.3333
21.6333
23.1333
34.45
34.1167
36.3667
34.45
40.2
36.3167
30.7833
28.6
39.1833
21.1167
35.8833
44.1
35.6833
33.4
37.3333
27.8167
24.1667
29.1167
40.2667
23.5167
23.0667
28.2833
34.05
35.2333
42.9167
39.2167
21.6167
21.3667
39.6333
28.85
48.3
43.1333
22.9167
42
42.25
56.7833
60.9333
36.8333
23.7333
49.8833
36.2667
38.4667
42.45
35.45
40.6667
32.0667
46.7833
37.65
44.4167
34.4333
41.1833
40.6333
41.7333
41.65
30.15
25.9167
50.3333
28.6
31.1
34.55
24.6167
23.9833
35.1333
28.6667
29.25
36.65
23.5333
28.6
30.05
28.95
44.3167
49.7833
42.4333
67.7667
28.9833
36.55
40.9
42.25
50.05
40.3
33.9667
47.4167
32.8833
16.0333
43.8667
31.5667
40.15
35.8333
30.4667
22.3
37.15
52.6333
34.7833
34.5667
38.05
38.1333
25.8667
26.85
53.8333
24.3
19.1667
23.0833
22.4833
39.1333
32.5167
16.15
29.5333
29.65
38.7167
29.3667
29.6167
49.6667
23.65
27.25
22.8167
44.0667
24.1667
36.35
30.5
23.8333
43.0833
43.8
41.4333
25.85
45.6667
42.3833
42
32.7333
30.0667
23.7667
39.45
10.2333
31.0167
43.8
27.4333
39.0333
36.7333
37.45
31.0833
27.4333
36.8167
21.5833
30.7167
34.55
39.0333
36.1333
47.5333
37.5
41.2167
28.7167
42.5333
34.9333
38.95
33.1833
47.6167
30.6667
44.2667
66.3667
50.4333
45.3167
21.9333
37.1833
29.7667
14.0333
36.1667
29.4167
40.9
31.2667
25.35
30.6333
32.7167
48.15
22.0167
41.7167
42.3
39.7833
40.1333
39.6
28.5
27.5333
39.9833
23.95
41.6167
51.7
55.6333
21.5333
21.2833
38.55
47.4
31.3
38.55
44.1667
38.9833
16.1667
18.4833
15.4333
36.3167
41.4167
23.5167
23.1667
52.4833
29.0333
50.6
30
23.9833
37.85
34.55
22.9833
48.65
29.9333
33.4833
29.6167
42
42.8333
20.9667
39.7667
50.8167
18.1
21.2333
49.75
47.2833
46.8
44.3333
40.4
20.75
36.0167
41.65
49.1833
29.2
21.9167
33.7333
27.25
23.8
22.45
34.8667
15.7333
26.45
42.7167
20.8667
42.3667
52.3333
25.7833
27.4667
44.0833
33.2167
38.2667
30.2833
50.5333
18.9
17.6
47.9667
52.6667
17.9
39.9833
23.8167
29.7833
23.0333
35.3
30.3833
32.2833
39.7833
43.9167
34.6333
47.2167
40.2833
22.1333
35.2333
16.2
30.2833
24.9
28.9667
52.7
34.3167
35.9333
40.6
32.25
40.3667
45.9
34.8
43.55
39.05
29.35
37.9333
33.8
24.5667
14.25
39.4167
27.9
33.6667
41.8
36.1
14.9167
36.9667
28.6333
33.9
35.2667
51.3167
41.1333
24.9333
29.95
32.6667
35.6667
49.5333
45.7833
38.7167
42.4667
16.6667
23.4667
45.3667
26.3167
43.4667
21.15
37.9
34.65
40.3833
44.05
31.8667
28.8667
44.9667
54.5333
29.1667
39.4167
35
31.3667
40.05
46.7667
37.9167
34.1333
26.8
29.6667
46.3333
22.1667
39.5
27.35
35.2167
31.2
39
46.7333
46.6333
22.1333
30.1333
39.8833
34.7667
43.4667
35.8833
40.9833
43
31.0333
38.6
41.3167
38.7833
37.4833
36.3833
21.0833
47.25
34.9833
41.15
44.9333
17.4
20.4333
30.8333
28.6833
43.4167
50.9833
35.5167
34.5667
23.1833
22.1333
35.4833
40.7833
43.4
29.3833
33
36.95
40.9833
44.4833
10.15
39.9
29.8167
38.6167
38.1333
37.0667
40.7
37.6333
52.55
38.6167
21.6
52.65
30.6667
44.2833
40.0833
22.7667
47.45
36.85
7.56667
28.0167
23.1667
36.4167
29.1833
34.2167
43.95
40.6167
43.3833
46.85
22.8
39.6833
25.7667
45.1667
40.65
30.3167
30.05
25.7167
35.9333
31.9333
15.05
38.2167
32.6667
8.7
33.85
36.2833
38.5667
36.7833
48.6833
52.2
16.0167
31.5667
40.3833
39.4833
45.1167
24.2167
27.1833
31.4833
49.1833
21.7333
36.75
43.4333
40.7833
17.75
30.4167
26.1833
24.95
29.2167
51.2333
20.85
22.15
35.9667
28.4
26.3167
31.3167
48.3333
44.7833
34.95
40.8833
38.6
29.9833
24.1333
43.5167
28.2167
35.2
37.1833
38.5167
48.45
27.4
20.55
25.5167
35.8
40.2333
8.51667
28.9333
19.0667
51.4
33.3
44.4167
35.3833
17.1167
36.1833
37.6167
29.7
36
37.7833
43.2833
23.1
34.35
42
26.3333
22.3833
30.9667
34.1667
34.45
32.8833
35.2
24.4
44.3167
37.6
22.2333
37.75
35.2167
15.3667
25.2167
49.0667
22.5333
32.9333
36.2
35.6167
36.9167
30.4333
33.5333
45.2167
46.6167
43.2167
29.6167
38.7833
35.5833
27.9333
29.8833
24.9
35.5833
30.75
38.5333
41.85
33.2167
45.1667
41.85
39.7833
46.7833
34.8333
26.7167
43.9333
45.7333
34.7833
31.8667
38.4
48.8333
45.9167
38.9333
44.6667
10.4
44.7667
34.3333
23.15
15.4
32.1333
34.0833
29.3833
54.05
49.4667
36.8167
14.7667
32.55
52.0333
43.55
41.0667
33.6667
41.5333
41.95
23.1333
40.8167
42.6667
28.75
35.5667
28.2
37.3333
33.65
17.1333
35.0167
39.8333
19.95
46.9
34.9833
39.3167
28.8
40.0667
29.0167
54.2667
27.25
31.9667
50.0667
51.3833
25.1333
44.1167
26.9333
34.6333
39.9667
33.1833
25.1667
29.0833
33.9
38.0167
43.5667
15.9667
26.85
32.5333
26.25
34.2333
39.05
41.9833
21.7333
29.0667
39.7333
15.2
28.7667
32.45
38.3
37.6
22.6333
20.75
37.85
24.7167
50.9
44.5667
53.7167
28.2333
32.2333
23.6167
54.8167
40.7167
32.1
58.8667
35.0167
39.0833
40.9667
21.4
41.6167
34.6667
29.85
38.3833
43.5333
28.7167
37.2
34.6167
28.6333
36.4333
47.5833
50.9667
39.4
58.5333
44.5833
39.65
21.3333
36.35
37.65
32.8
39.1
40.9333
35.9
34.7167
31.4167
15.85
56.8
36.2333
46.7
39.8167
37.9
40.7667
49.8667
39.5833
48.0667
33.6
27.7667
53.35
38.6
40.8333
15.3667
13.1167
34.9167
15.8667
27.8833
18.95
52.3333
22.7667
42.3
18.1
46.5833
24.2333
45.4
42.5167
28.1
24.1
32.8
27.1
30.5167
42.0667
45.2
30.7
22.9667
50.1
52.95
41.6
39.3167
30.4
30.8667
26.0667
44.7167
41.3667
59.4167
26.8833
28.8667
48.2
41
28.5667
38.4167
35.7
29.6
32.6833
48.9667
37.8667
41.15
43.5167
40.5167
25.0167
25.9333
41.8667
32.9
36.25
21.4667
38.4833
25.4667
29.6167
23.9833
34.4833
29.6333
45.9167
23.7833
33.1
36.0833
21.2333
23.95
44.5167
24.3333
36.4333
57.1167
39.7167
50.7333
28.4833
32.4667
31.0667
49.1167
30.3667
35.5167
47.9333
41.2833
23.7167
28.4333
34.8833
29.0667
25.8833
30.25
38.1333
30.5667
29.1167
34.8
41.2333
37.2
24.1167
51.6833
22.4333
36.7833
41.6
33.95
43.95
34.7833
21.55
29.5333
43.1
40.1333
31.7833
45.9333
34.6333
34.8667
35.8167
38.0167
30.1333
21.4167
44.9
37.1167
27.0333
33.1833
49.2333
33.3833
36.7833
38.6167
41
40.4
25.9833
30.4667
41.2333
26.3167
43.2833
35.6
49.5833
40.95
23.1667
28.75
23.6333
24.15
37
46.7833
30.4167
41.3167
44.3
19.4
40.4333
45.6333
15.1333
43.2
16.4667
47.1333
28.8833
33.8
44.3667
15.1
36.8167
27.1667
52.3167
50.3833
24.0333
35.35
44.3333
28.3667
22.2333
33.4833
34.6
34.1
16.3
35.1333
47.35
35.6667
25.0167
42.75
24.1167
23.8333
33.7833
14.9667
39
20.8667
38.1167
44.7333
37.4833
26.7
33.9167
48.5333
28.3833
33.2333
56.4667
27.6833
23.4
22.6
40.9
34.0833
21.8333
42.7167
36.15
35.9
40.6833
30.1
26.6833
30.15
44.2167
41.45
23.0167
22.4333
23.35
30.75
29.6167
29.4
53.9833
25.3
30.4833
44.1667
38.3
28.75
25.1333
20.7333
28.4833
28.9333
26.05
39.1333
29.8833
24.7333
39
21.9167
35.6333
16.8667
31.25
31
18.0833
16.2167
23.05
23.15
47.2833
33.5
31.7833
51.8
52.05
41.5333
23.5833
39.65
26.2167
25.2833
38.35
42.6167
31.55
22.7167
40.2167
36.3333
38.2333
49.1833
37.0167
8
44.3833
31.7167
21.7667
23.6833
29.6333
41.8333
26.6833
46.6
43.0667
37.35
26.15
31.35
35.2
36.6
28.6333
28.7
41.9
31.8833
49.6667
37.8667
40.2
46.9833
39.7167
35.3833
38.6833
52.95
21.6167
33.8833
30.3833
42.0667
36
50.1
42.5833
37.8667
16.5833
43.2333
51.7667
29.4
32.4667
33.5833
31.45
40.25
29.5333
25.1333
42.6167
48.9
39.8833
21.9833
43
34.0667
16.95
43.3333
41.4833
38.2333
34.95
20.7
41.3
39.85
43.4167
30.7167
26.85
37.9333
32.65
39.9833
42.6167
28.0667
16.25
40.8667
36.3167
41.8167
34.5
50.85
33.3
29.5833
42.5667
29.2333
36.2
16.3667
29.1667
32.4333
47.95
39.75
39.2667
45.2833
50.1
27.35
27.7833
30.5
36.7833
22.6333
48.15
36.3667
29.3
36.5833
25.5667
32.9833
41.55
14.8
22.95
56.5833
32.5333
25.1167
40.15
33.1833
28.55
16.7
23.15
21.8167
33.9167
41.1
36.25
17.0167
41.8833
23.0333
29.4667
31.2833
45.15
32.2833
46.45
29.1833
21
51.2333
50.7167
34.9167
44.6333
28.55
48.0167
76.65
65.0333
35.95
41.8667
22.0833
19.5667
32.0667
37.7167
41.4333
28.9833
28.55
35.2667
34.5833
23.1333
34.3833
35.2333
40.5
44.5833
33.0833
36.4
17.3333
48.6333
49.95
33.1333
37.95
26.65
43.0167
31.4
33.7167
39.7667
31.5333
25.6333
24.7833
26.4333
43.95
32.1833
16.65
30.75
41.65
31.5333
42.6833
57.05
28.3
34.3833
23.7333
37.6167
35.9667
36
55.7667
50.0167
39.6
15.8333
23.6833
36.5
46.15
39.2167
26.1167
51.6833
34.9833
54.1333
30.7167
45.4333
9.1
33.4
44.4667
21.3667
44.2
46.7833
34.2833
41.9667
38.5333
28.1
44.05
37
38.0167
38.4833
42.4167
35.85
36.3667
43.8833
27.75
33.6667
44.35
40.0667
16.0167
36.7833
25.1667
31.1667
29.0667
49.85
35.15
22.6833
43.4667
40.6
34.0333
44.1167
40.7333
48.4667
20.6833
46.5167
22.25
46.7833
34.75
28.4833
21.9
34.7333
32.9167
34.1
35.5167
26.3833
38.3833
26.6333
42.1167
31.4667
45
31.2833
44.0167
41.3833
48.0667
34.3667
33.9167
31.5
46.9167
46.45
22.9
42.55
27.5333
44.9167
26.5833
36.5
33.5333
34.6833
34.4167
31.3333
15.6833
33.95
22.35
39.1333
36.0333
43.8667
34.4333
41.6167
23.1667
43.0333
31.3333
48.8667
51.2667
45.95
40.8167
30.0333
33.9333
21.7167
42.3
23.8833
26
27.6
57.1167
28.05
40.4333
35.15
46.4333
40.0167
39.5
41.1333
27.35
33.0167
37.4667
40.7167
18.15
23.5167
34.6167
49.6833
43.9667
30.25
22.5833
45.6167
49.9333
31.9333
42.5167
37.8667
44.0667
22.85
40.45
44.2333
42.2833
23.8833
32.1
23.45
42.2
45.35
38.35
29.55
43.6333
29.3167
42.65
27.3167
34.9
31.3667
45.1333
40.25
17.05
44.2
34.7333
45.45
28.8333
29.95
25.2
36.3167
34.1833
34.1833
42.1167
23.4833
36.25
52.7
37.0167
37.1833
44.5667
30.9167
16.7
31.7333
47.15
29.7333
20.2
45.4
31.1667
54
44.85
36.5667
41.1
33.5667
39.3
52.9167
22.9667
46.7
23.4
36.8833
38.85
39.5
25.1167
59.55
39.6167
40.7167
39.1833
38.4333
29.5333
17.8
40.9667
40.2167
29.25
33.0667
30.5167
10.2833
37.4333
35.4333
32.2333
34.45
36.8167
39.6833
43.0333
30.15
27.4333
21.85
29.9833
25.0167
39.8833
36.6167
24.95
24.05
35.8667
43.5833
43.85
44.75
36.5833
14.2833
43.1833
41.1
51.4167
47.1
35.3833
31.25
38.1
49.0167
31.8
34.7833
24.8667
43.7167
53.9333
34.05
21.4
33.8167
41.3667
20.25
38.6333
44.6167
39.1667
35.35
47.4333
31.15
35.5333
22.7333
28.25
39.8667
43.5333
36.8333
35.35
33.9667
18.1667
41.5667
44.2667
23.3
31.4333
26.4
44.8667
35.4
23.2333
31.75
33.2667
42.05
32.1167
19.0167
31.4667
34.4333
22.6667
29.3667
23.15
41.2333
40.8833
42.5167
25.5
43.8
36.8667
38.3167
36.0667
33.7833
20.8167
36.7833
34.4
27.05
32.1333
47.4333
27.9167
38.7167
45.15
40.1333
26.1833
33.45
27.2333
34.9667
38.7667
45.5667
41.2333
20.55
16.7333
24.7167
42.0333
37.7333
30.5667
23.1833
23.7
33.55
54.95
28.65
37.2833
43.6667
40.7667
38.7
17.8
28.7667
37.5333
10.2333
35.3833
48.9
38.9167
22.3167
44.4833
30.9167
36
29.15
45.3833
40.3
42.1167
37.3167
32.4667
39.2333
24.2667
34.3333
21.8833
23.0167
21.9333
37.5833
34.9833
36.7333
42.9667
31.75
32.6667
23.0167
27.7167
22.6333
52.5167
23.2167
45.35
34.3167
44.2333
35.5833
33.3667
39.6167
49.2167
57.6667
44.6667
36
41.2333
28
32.7167
27.5167
39.1333
45.7167
15.65
29.1
46.95
35.6833
39.1
24.35
32.9
41.3667
23.1667
22.8167
41.9333
38.1833
36.15
41.3833
40.45
42.2
50.25
34.6167
38.9667
37.4
27.5333
23.2833
21.3
37.4833
16.15
18.0333
40.8
20.0167
50.6333
17.5833
37.9833
35.1333
40.3167
38.5333
40.8667
25.9833
35.0833
25.9667
33.2833
36.5333
22.3667
36.5167
22.6167
15.0167
28.0667
20.8667
26.3167
35.7833
28.4667
28.8333
29.5667
36.0333
34.5
54.75
45.0833
39.4667
21.05
40.6667
34.8
28.3833
47.35
23.8167
33.95
33.3667
27.8
39.6333
31.8333
34.9167
38
37.7
37.2833
21.8333
22.95
41.5333
39.0833
28.0167
44.1167
16.3667
34.3167
45.0833
38.1
15.4833
44.45
34.8
44.9333
37.15
17.55
32.0333
40.4
30.4167
44.8333
41.55
47.7167
29.4167
36.35
26.7333
27.2167
39.8333
26.2333
29.1333
40.7333
46.0333
37.8667
39.6667
29.1
40.8333
33.2167
25.1167
42.0667
27.5667
35.7167
44.1667
32.4667
36.1833
33.25
41.85
30.5167
48.2833
29.8167
45.95
29.9667
44.9
23.0667
35.8667
29.7333
32.7
30.15
35
27.7333
22.6
41.5167
48.5667
49.9
33.9167
49.35
28.9167
48.1
27.2333
33.0667
45.3333
36.7
25.5667
24.9167
33.8833
26.3833
27.4667
40.5667
36.15
31
37.95
40.9667
49.4833
35.25
23.8333
32.6833
26.8667
61.7
35.4833
42.5833
37.2
22.5167
40.5
21.3167
40.6167
28.2
33.1333
28.35
23.8333
40.2
38.0333
47.6833
41.3167
35.8
38.7167
37.4833
41.6667
23.9333
29.1167
38.7
43.85
45.6833
35.7
29.6833
35.2333
22.6333
27.15
39.1167
37.7833
31
34.1
28.85
34.5667
55.9833
28.3167
51.2167
36.7
25.0167
31.75
34.85
30.8167
34.0833
26.6667
18.8667
27.1667
36.4167
33.1
37.55
29.2833
22.9333
22.0833
44.4167
26.3333
39.0833
22.9167
33.2333
15.8833
34
31.45
31.6833
44.2833
39.3167
18.5833
35.0167
27.0667
35.7333
22.55
45.6667
38.2
38.3333
43.05
37.0333
55.5167
37.7667
24.3167
52.4667
34.8
21.15
31.0833
34.3833
37.1333
28.5667
37.1333
32.1833
35.0667
38.3167
25.2333
35.75
28.7333
30.6833
29.35
45.05
48.4833
52.0167
32.45
37.75
47.8667
29.8833
44.5
47.9167
39.1167
33.8667
31.2167
41.8
9.76667
36.6833
49.6833
40.15
33.9167
38.6667
24.3667
35.7667
35.2833
24.75
26.65
42.9833
35.2167
21.3333
40.05
41.5167
24.1833
45.75
28.1667
30.3
42.9667
39.2333
40.85
41.65
39.1167
42.5667
14.8667
33.85
37.05
32.4167
44.6167
19.0333
27.3
40.4167
39.5833
45.5167
33.3167
24.7833
31.9833
33.8333
49.95
32.25
42.4333
36.25
34.5167
29.6333
43.5167
33.4
15.7833
28.1
39.2167
38.5833
28.5333
25.2667
32.25
33.3167
26.0833
38.1
37.6
40.9667
20.4833
32.2
17.1667
50.2333
46.5667
56.5167
28.5667
40.5333
20.9833
28.3667
36.9333
40.0167
24.9833
41
30.9333
30.3833
36.5833
29.8167
29.45
36.5833
47
46.45
37
45.8333
48.9833
47.05
27.25
42.3167
45.8
43.1333
25.5
27.7667
39.7333
8.65
33.1667
17.7
9.61667
23.85
47.8167
47.4333
40.4333
48.2833
34.8
48.8333
35.3667
44.55
40.3167
34.4
20.5167
42.3167
32.8167
41.55
29.8833
37.5167
18
41.7667
40.8667
36.85
52.5833
20.5
43.25
30.05
24.7667
38.7
35.8167
37.4
49.0667
34.5833
49.3167
48.0333
29.1
33.6833
47.1
31.25
33.5833
37.2667
35.4667
27.5667
37.15
20.6333
34.65
43.7333
15.3167
33.0167
44.65
41.7667
22.6167
48.25
45.5
33.8333
34.6667
41.2833
42.75
42.6
48.65
63.2167
23.4167
45.1833
33.6333
8.26667
29.7667
35.8
36.45
41.2
48.5333
34.1
43.3
27.5
36.1
47.25
44.4167
53.9833
38.2333
31.3167
39.3333
27.8667
16.4167
40.3
24.15
45.0333
16.0333
39.2333
30.1
36.2333
43.8667
21.2667
22.4
43.8
38.0167
49
22.5667
36.45
39.6
33.9833
23.7333
29.2
16.05
37.6833
36.2167
29.8333
32.45
21.25
14.9833
46.7833
30.5333
39.9833
16
20.8
27.8167
40.1833
35.1167
36.4333
56.2167
23.0167
20.5167
16.35
41.3
44.2333
48.15
35.6167
40.9833
36.45
37.7333
21.8333
18.7667
39.1333
46.6167
37.75
45.9833
37.3833
41.3833
32.2833
35.3167
35.6833
37.0167
29.0167
32.15
24.2333
29
46.1
29.65
29.9
16.7
40.95
27.8167
48.7833
31.8667
40.9333
29.3167
28.95
31.9333
21.8833
43.05
31.1167
34.3167
34.3333
21.5667
44.05
47.8833
45.2167
34.1333
41.6167
41.7333
30.2833
39.1667
34.35
27.6333
24.0333
37.0333
41.3333
19.5
31.1333
32.0167
44.1
40.3833
45.9833
44.1667
25.9667
35.8
39.85
45.5333
39.5333
22.9833
33.0833
33.95
35.2833
40.1167
28.4
44.7
34.9
47.0333
30.0667
33.75
31.6833
42.4333
16.55
52.85
46.7333
29.1667
32.5
24.3167
37.9333
34.2
40.9333
34.75
35.1
45.9833
28.6333
16.9
45.9833
16.6833
46.9833
40.95
44.05
43.1833
34.7833
53.4833
36.1667
36.8667
38.0833
23.6
31.45
21.9167
40.95
20.0167
24.6167
40.4833
27.45
34.15
45.65
33.9167
28.4833
45.65
33.55
24.3667
38.3667
41.5167
44.1
35.45
41.55
38.6833
23.5833
36.1667
9.25
29.8
18.9167
39.2167
26.1167
42.45
32.3167
46.9
28.3833
34.8833
39.8
45.9833
42.95
36.7667
26
20.1167
34.8167
28.2333
38.5333
34.4833
43.25
21.9333
17.0667
17.7
39.6333
48.15
28.3
36.2833
44.55
31.5333
20.0333
30.4167
45.95
36.75
44.8333
29.5667
29.45
23.2833
41.6667
40.9167
39.7167
26.4833
43.55
21.9333
21.8167
36.5
15.1833
28.6
39.5667
50.25
40.9167
50.7667
44.1
38.1333
40.9167
22.0833
34.05
20.6833
43.0833
30.0333
48.2833
30.2333
30.1
40.1333
44.7
41.1333
35.3833
30
42.6667
62.15
19.3667
34.9333
30.4167
54.1
30.3833
25.5333
38.5833
13.2667
25.7
43.6167
41.8667
33.2833
39.6167
44.9667
34.7833
50.3667
40.9
38.75
16.5667
44.5333
28.6667
40.9333
54.6
24.7333
37.6
51.3
46.7667
27.75
30.1667
22.7167
32
36.65
36.15
27.0833
40.1167
42.8
16.5333
17.8667
46.0833
25.9167
15.8167
41.1833
17.6167
41.45
31.5667
41.1667
40.85
15.15
42.5833
14.45
44.5167
38.0333
36.75
44.4167
35.1833
34.8667
21.9167
31.9333
34.7167
22.8833
38.6667
26.1
41.1
27.2
27.1833
37.3333
32.5167
25.6333
41.15
50.55
32.85
23.85
42.85
42.3333
36.75
46.4167
40.2833
26.4667
16.2833
41.4333
44.2167
51.55
37.8833
35.5
35.6833
22.45
36.8667
44.0333
28.6333
32.6
22.8167
36.2167
45.4333
40.8833
30.6667
34.7167
27.5167
40.95
24.95
13.8
31.4833
41.75
35.9833
39.8167
32.6333
20.9
40.75
48.5667
8.88333
31.2167
19.8833
26.7833
30.9333
39.5167
52.2
40.7333
41.1333
39.6
28.6667
35.9167
23.2167
45.7833
9.16667
27.3833
43.45
23.5167
28.8
33.9167
37.4
37.0333
45.25
22.8833
46.3167
39.2833
40.9667
34.75
27.5667
39.9833
33.7167
25.1167
36.25
58.2833
23.9833
41.0833
27.7833
30.2667
39.4167
32.5167
32.7833
35.25
27.1333
23.7167
38.35
42.7
17.7667
28.9667
35.2833
31.4667
27.7
33.9833
39.3167
26.5833
43.3333
33.4333
45.4
51.7333
23.05
28.5167
48.8667
31.9667
30.4167
39.5667
19.25
21.6833
47.1333
34.0167
18.65
47.0167
33.65
34.5167
40.7
40.7
36.45
29.15
31.4667
17.8
48.9833
44.6167
23.6
22.9
35.15
24.0333
28.8167
38.0667
33.5167
42.7667
49.0833
41.8667
36.95
42.7667
38.4667
23.6833
33.0833
33.8167
41.25
38.9667
27.65
29.1
40.0333
42.1333
45.85
44.45
42.8667
43.8167
43.45
33
43.3
24.3167
33.4167
53
48.0833
37.6333
25.3833
30.6833
36.75
30.7
36.9833
42.15
36.1
36.8167
22.45
24.6833
33.6833
40.6333
40.6
26.3667
34.45
21.8333
23.0333
39.4333
45.9
42.05
23.9167
44.6833
39.6667
30.1667
34.5
18.4833
32.4833
48.5333
41.7
23.35
42.95
22.8333
43.75
22.9
43.55
16.2333
29.3333
40.9167
31.5833
34.5333
34.55
8.91667
29.2333
38.1
19.15
36.5333
47.2333
52.8
53.0833
33.1
30.4
37.3
27.3
34.45
46.7
32.9333
33.6833
24.0167
33.6833
32.9167
42.05
40.6167
26.1167
40.0833
34.0833
27.4333
40.0667
38.2167
31.8
51.5
29.8167
21.9667
46.65
31.45
38.5167
29.3167
27.4333
40.5667
48.1
38.9833
52.2167
27.2333
27.2333
20.5667
32.2833
15.8167
47.2333
22.9
40.5167
53.3167
21.4333
37.6833
28.6667
30.4833
31.5333
35.3
22.4667
16.2833
17.1
29.85
38.9667
21.3167
29.5333
27.7333
17.0167
24.0333
36.95
42.15
45.5333
14.95
46.1833
36.9833
33.5667
27.6667
41.3667
33.6
29.6833
42.3833
35.1667
42.45
49.5167
23.8
28.25
33.2
23.1667
43.9167
42.05
29
28.1167
45.6833
43.1
52
32.8667
39.4167
33.5
45.95
37.55
34.5333
30.6333
30.95
16.3667
41.5167
30.4833
40.4167
38.8333
39.4833
32.7833
32.25
32.5167
25.7
43.1333
33.9833
51.15
46.8833
35.5667
31.3667
24.6167
34.05
31.65
44.8333
39.9333
33.55
23.5167
22.0167
44.6
24.0167
28.3667
28.25
33.85
40.8167
34.6333
33.5667
31.9333
42.3
16.3
34.45
43.8
35.5667
36.9333
24.4
62.4167
34.8667
32.7167
46.4667
15.9333
27.3667
39.3333
37.25
39.2667
23.0667
38.3667
29.65
35.8833
37.0667
22.0333
27.9167
22.3
36.1667
33.8
44.5667
35.5167
49.4167
25.9833
18.4
24.3833
42.6333
36.3833
44.3667
21.2333
44.4333
35.9
35.5
47.7333
35.5
27.2333
39.6833
40.95
43.8167
41.8
44.3167
20.5333
28.2167
43.7167
29.35
25.2333
42.4
36.95
28.7
33.9667
39.0167
51.6833
45.3333
23.65
27.5333
35.8
34.2167
43.8333
22.0333
44.8667
21.75
45.45
34.6833
21.8667
24
23.6
31.6833
46.8667
26.4
48
40.7667
41.7667
28.9667
34
27.6333
26.1667
29.3667
32.5833
27.25
45.4333
42.4333
39.7
38.7667
38.2833
51.3667
24.0167
15.6833
50.55
27.2167
41.1833
44.9
39.8333
34.0333
25
14.7833
18.2333
27.0167
43.9
39.3833
39.4
39.3333
44.6167
37.4333
28.25
37.2
38.8167
31.7333
17.2333
35.8333
37.6167
38.0667
34.3833
35.5
33.65
31.55
41.5
40.5167
35.2833
34.9
45.2333
32.7333
45.65
46.25
32.8833
51.45
15.9
20.5333
37.45
40.65
21.7833
43.5333
35.9833
40.1833
22.6
27.3167
34.3
42.0667
36.8
27.5333
39.1333
29.9
29.55
28.7
34.5
16.65
45.3667
39.0333
34.7667
31.1667
23.2667
40.7667
42.75
29.65
22.6
49.6833
31.9833
24.3833
34.8167
28.7833
49.0833
22.7833
39.0167
14.85
31.2333
30.1167
21.0667
33
41.35
26.8833
40.15
23.8667
35.35
45.1167
32.2167
33.8167
42.3333
35.35
44.0333
34.9
19.1333
15.5
43.8167
35.3
30.2167
35.2833
28.6
46.15
40.1333
35.2833
16.5167
42.7833
36.6167
22.4
32.6167
34.6167
42.5667
34.6
36.6833
35.3167
42.5167
47.5833
39.5833
23.6833
41.85
33.9667
29.6
51.05
27.1833
33.2333
34.2167
21.6833
36.6833
23.9167
32.95
32.0833
37.1667
21.5667
33.9667
40.0833
33.45
30.7
33.4
30.0167
45.0333
43.6167
30.55
38.85
28.7333
42.9333
18.7833
28.1333
46.5333
37.9667
33.2
45.0833
35.6333
53.45
16.3833
48
47.2333
31.4167
31.7833
33.8167
38.8833
34.05
34.1667
17.2
22.0833
37.8333
22.2833
27.8833
46.8
23.4333
28.95
29.2833
36.6
46.75
31.1
40
41.7167
50.55
52.85
29.4167
16.2
35.3
61.9833
24.65
36.1833
29.2667
29.7667
31.8833
30.5
45
53.1667
32.75
57.9833
23.7
32.3167
35.45
29.8167
30.5
38.7833
27.1
39.9833
50.2
35.6
22.9833
33.65
8.85
23.8
34.3333
30.8333
49.3333
16.9667
50.9667
29.7333
33.1167
40.25
29.1833
9.01667
43.0167
39.9667
43.8333
49.1667
28.2167
29.7833
37.2667
47.95
46.5167
37.05
16.2833
16.5167
38.9167
19.45
28.1667
35.6
35.2
27.0667
33.6833
32.5333
42.75
26.0833
30.25
23.55
44.1667
39.1167
31.1167
31.6
32.2833
32.9667
32.7833
25.5667
39.2667
31.0167
33.7333
53.3167
28.95
29.15
49.6833
26.1333
24.6833
20.95
35
44.55
39.2667
42.6167
39.2833
29.2333
24.1833
20.2167
32.3667
36.4167
22.6667
40.7167
39.1333
37.55
37.6
40.5833
34.5167
33.2667
41.6667
31.6667
29.15
24.9
31.2333
33.2
26.6667
35.2667
37.6
40.3833
48.1167
49.6333
25.3833
46.9
19.5167
38
35.0833
39.1
28.3167
31.9333
42.6
41.0333
41.3167
39.6167
51.55
36.8
28.0667
37.2833
28.7667
27.2833
34.3167
42.35
22.6333
45.7667
23.3667
39.0667
41.6333
34.15
15.9
36.7333
34.9833
28.8667
36.4333
30.3
36.7
53.25
26.2333
26.65
25
27
38.2667
25.2667
42.0667
34.0333
44.0667
28.8
25.15
49.1167
20.1167
15.55
42.3167
16.95
22.85
33.75
46.45
21.3833
19.6667
42.9333
45.55
22.6833
24
36.1667
47.2333
43.85
47.6167
20.6667
44.85
36
34.1833
30.2
37.6167
40.4667
39.7167
45.3667
22.2
30.75
50.1167
44.7333
38.3
22.6167
42.1
18.2167
37.25
38.9667
23.2333
17.3667
43.7
32.35
23.5167
24.8667
16.5667
39.7
30.5667
43.8
27.2333
35.1667
42.1
40
27.5667
20.5
29.4833
30.7
25.6833
49.05
40.7833
24.3333
47.45
30.1833
39.6833
40.7833
34.1833
15.8167
41.3333
40.35
38.5
21.0167
28.4167
41.3833
29.5833
33.5667
30.7833
40.0333
24.3667
44.35
113.183
22.6333
48.6833
22.4
21.0167
25.7167
44.6333
45.2833
34.5667
29.0833
7.71667
28.6
40.8
29.8333
33.4667
41.4833
33.4667
33.3167
41.2167
38.15
44.9667
23.6833
45.5167
34.25
35.9333
35.35
23.05
34.1667
40.15
43.8667
28.95
53.6667
28.1333
26.2333
40.1333
41.35
39.6
34.15
25.75
25.75
34.8167
45.6167
32.9
28.4833
24.3667
38.7833
30.0333
31.8333
44.6333
42.6
16.5
41.3
38.85
41.9667
46.0333
41.8333
20.2833
39.0667
24.2333
28.8667
34.85
23.0333
21.2333
36.6667
31.3167
26.1667
43.4333
45.9333
24.2833
30.2333
41.0833
33.9
33.25
39.8667
28.5167
45.5667
14.6167
36.6167
34.7333
47.6833
41.85
50.1
39.8333
41.0167
27.75
40.2
23.5667
30.75
43.6
21.9333
38.2667
28.5333
36.3167
41.05
44.5167
31.4833
22.0667
42.5333
44.1333
38.0667
35.4833
34.6833
32.6833
29.45
31.7833
28.85
29.05
33.7
45.6667
41.6167
59.45
44.5167
40.9667
32.5667
44.5167
35.7
40.0833
41.2
38.8833
24.7
27.8333
44.1333
34.1667
28.7167
53.3333
43.6167
23.8333
25.7333
20.5
44.0333
27.9167
40.6667
28.4333
34.8833
28.55
29.1833
29
44.5167
32.15
17.4833
28.35
29.9167
20.45
37.9833
34.6333
42.7833
44.6833
38.85
51.1167
57.4833
35.05
25.5333
39.4167
36.1667
35.0333
46.7
39.4
31.7833
19.45
37.3
25.6833
23.1667
23.0167
34.2167
31.7667
22
22.0333
30.65
34.7333
39.4
40.3167
40.5
48.2167
21.75
29.8833
35.6333
41.5833
31.4833
42.05
31.7833
37.1
29.1833
33.5
29.3333
28.15
32
16.8667
45.7
37.7667
32.9833
52.0333
26.0667
32.2167
43.4833
32.4667
30.0333
39.3667
32.4333
35.7
38.8667
45.3
45.5
43.5
22.4333
29.65
40.7667
34.25
29.7667
30.1
44.75
29.4333
50.2167
48.15
42.9833
33.55
24.75
39.55
26.4833
35.8333
35.2
30.1667
33.0167
24.95
21.3167
35.4
30.3167
26.95
18.1333
23.6
28.1667
29.8
47.0333
27.7167
42.7167
33.9333
16.45
31.3333
44.7333
33.1667
33.5667
19.2667
33.6333
33.45
40.7667
37.7167
16.0333
43.0667
33.3333
41.3333
44.3
34.45
38.1667
41.3667
39.95
25.5833
37.5333
42.8333
44.2833
24.3667
37.9
26.1667
37.35
45.3167
36.6167
22.4167
30.6333
32.1
22.1167
44.3167
49.3667
24.0333
30.95
29.7333
47.7333
26.5167
38.2
21.5167
34.4
32.2167
37
40.8
44.25
40.7167
40.1333
23.45
31.9333
35.55
32.4167
24.6667
34.0667
24.1667
35.4667
41.7667
21.05
31.2167
22.6
21.9667
32.4833
36.8167
28.9833
23.85
38.7667
41.5167
39.2333
31.8833
38.2167
17.3167
37.15
32.0167
39.1833
32.65
34.8
39.2333
29.65
34.8167
45.5833
27.3333
29.5
39.6333
47.1167
41.6667
29.6833
39.2167
44.15
37.8833
22.0333
20.5333
30.4167
42.1333
40.6333
26.3833
29.65
26.4333
28.8833
33.0333
29.1
31.9667
39.15
31.2333
43.1833
36.55
35.1833
46
33.9333
26.8667
30.9667
40.6333
40.0333
28.4333
35.5333
42.2167
36.3
31.5
48.9667
33.55
40.3167
39.5667
38.1667
28.35
27.45
32.7667
39.5333
38.0167
52.6667
24.1833
32.4833
23.75
39.5833
44.8333
39.85
30.0333
39.2833
35.3
23.3
25.7667
55.6833
39.0833
15.9833
14.5667
24.1
31.6667
32.7667
38.1833
8.56667
43.35
22.85
29.8167
37.45
39.2333
39.0667
27.65
34.25
49.1333
39.1167
24.1333
39.1333
16.2833
46.4667
33.0833
44.2833
35.7167
34.2667
38.1833
38.4167
27.7333
39.55
34.3667
40.95
43.0167
42.7667
22.25
36.75
35.7667
34.2333
37.6667
37.6
43.2667
32.5167
44.9833
34.25
35
17.25
37.9667
28.5667
15.8667
33.2167
21.65
31.1333
29.0167
26.7167
25.2667
29.3
35.4167
22.4833
37.55
43.5667
27.1167
32.1833
39.3
30.7833
23.5167
50.0333
29.4667
29.9833
40.4667
40.0833
41.2333
17
30.45
35.7333
24.2167
48.2333
29.4667
36.2333
25.8167
21.3667
35.5333
32.8
32.2167
48.9333
28.5333
33.45
29.1333
35.0667
30.05
16.7167
23.2167
43.55
45.25
51.0667
40.4333
49.2833
37.4667
44.3333
39.1
14.65
49.6833
29.8833
32.9167
40.4167
28.4
38.9167
25.6167
36.4667
29.65
34.4833
39.0167
27.9667
36.5
34.55
43.0667
29.85
29.55
45.3667
39.6667
32.1667
34.1333
40.3833
23.95
28.8
38.3667
46.1333
33.45
29.55
29.5167
34.0667
23.5167
31.5667
15.0667
23.5167
35
26.4167
21.8
22.6667
36.3333
29.5
21.3833
16.6333
45.35
15.85
29.65
25.1167
31.8667
43.0333
42.0833
21.2667
24.3167
32.6667
42.7333
48.4333
31.2167
22.35
32.0667
29.6333
31.5167
23.5
40.3667
47.9
16.1
32.0167
43.8833
32.55
29.0167
28.1833
35.6167
40.35
43.15
55.0167
28.3
35.6833
9.75
47.0167
26.7833
24.9667
41.0667
23.45
47.0167
43.4
32.4667
31.1833
31.1167
36.2667
23.4667
36.45
33.1167
27.6
47.6333
39.1333
38.8
41.5333
31.1667
34.55
39.0833
26.7833
34.1333
44.25
35.45
30.7
33.4167
37.6833
32.7667
24.2333
40.2667
8.66667
43.2333
32.65
35.1667
34.1833
40.25
35.75
17.1667
52.0667
36.75
27.2167
39.15
35.9833
49.2333
37.0333
23.85
40.4667
40.85
37.4167
32.85
44.0667
38.7667
29.25
46.0333
43.2333
37.4
35.2667
22.7333
23.5167
32.2167
42.3
34.2167
35.3167
38.15
34.2833
27.0167
23.55
28.7
35.4667
43.7667
37.8667
16.0833
24.6333
44.7667
39.4167
31.6
15.7833
26.6333
23.35
29.2667
21.55
29.8
31.8667
38.7167
31.4833
24.5833
23.6833
38.7
9.45
40.6167
23.6667
40.7
44.7333
27.55
47.2167
39.0333
23.7167
26.7
29.75
44.9833
25.9667
21.7333
25.35
25.35
22.5167
21.3
9.25
23.4833
25.9167
21.8333
36.8
33.8167
33.05
32.9333
29.65
35.5667
41.25
32.7167
52.6333
29.3333
50.2833
35.3833
35.1
38.65
27.5833
39.2667
46.55
33.3333
19.7833
46.9167
21.55
29.15
25.6833
20.8667
22.5
22.2833
21.6667
15.5333
22.35
15.0167
23.4333
32.1333
33.8
32.0833
40.2
39.3167
38.8167
32.4667
21.4
40.8333
32.9
32.35
29.3333
43.85
37.4667
39.1
39.4833
23.7833
30.3833
28.9
27.7167
34.5667
26.95
25.95
49.7333
14.8
43.6
45.2833
26.6667
41.15
22.0667
34.35
27.0167
38.5667
42.95
24.7
32.2
26.95
38
42.0667
33
37.15
45.2333
37.75
40.5667
32.7
22.8333
35.4667
50.6
29.0167
21.9
37.4833
35.3667
28.5667
39.2333
38.8333
48.7333
19.15
27.3667
26.7167
32.95
23.9833
27.3667
39.3333
33.1
41.2167
29.5
23.2167
22.8
41.1167
54.0333
40
24.9667
37.9333
44.3167
35.3
30.4333
28.6833
43.7167
29.4833
31.8667
42.0167
44.55
34.5333
48.4333
47.4167
23.9167
27.2167
26.3333
38.9833
35.25
51
33.7833
40.7667
33.3333
40.85
51.3333
41.4667
35.2333
41.8
28.1667
29.0333
21.9333
40.0167
45.4
48.8667
35.65
18.4667
27.9
16.85
39.3
32.4833
23.9833
47.2667
34.25
28.9333
29.3333
15.55
14.2167
32.5
34.95
24.7667
31.55
37.1167
16.7333
51.3167
49.5167
39.2667
28.9333
40.6667
22.2833
32.9
30.5167
46.4667
13.8833
34.8333
32.5
10.05
42.7167
43.5333
23.7833
24.2
37.7167
26.6
32.2833
18.0333
17.4667
31.5833
37.0833
44.6
33.1833
34.3333
30.2333
44.5833
34.3333
36.75
42.7333
30.05
28.8833
25.5333
41.8
32.5667
45.25
35.9
34.8833
34.9
34.8167
14.8
44.5
35.7833
29.5333
37.6833
35.4833
46.5667
42.2833
59.0167
21.1167
28.6
42.9167
34.25
28.2333
34.1
25.0167
29.2833
39.3167
24.0333
37.6833
37.8833
49.8833
20.4
34.8
40.8333
43.4333
33.5167
35.5167
15.75
28.4167
35.2
42.6
32.7167
31.2333
39.7833
15.8667
35.7833
30.3667
35.4167
24.75
29.4833
35.55
29.9667
50.3333
32.95
21.1333
17.4667
15.7167
36.2
33.4833
47.8
28.45
29.9333
32.1667
47.15
26.4167
26.5167
36.35
23.3167
25.1
41.7
43.3333
20.3167
37.0333
39.1
21.9833
34.3667
34.0833
37.8167
28.9333
51.2667
48.75
35.3833
34.7667
26.7167
40.05
32.4167
47.2333
27.9
62.85
38.4167
43.45
43.5833
25.1833
31.3833
48.65
37.2833
30.9667
39.8667
31.4
37.5
27.0167
40.0833
41.4167
33.0167
28.2167
28.1167
23.3167
48.1667
40.7
37.0167
41.4167
49.05
47.7
28.0333
36.9167
23.1667
34.6833
22.2833
48.0167
29.9667
34.7
36.65
35.2667
7.86667
23.9333
38.1667
18.75
34.6333
36.8333
24.9833
27.4667
53.2
36.65
28.9
22.4833
27.3
39.75
33.4167
38.5667
41.8667
32.9667
36.35
28.2333
44.0167
64.95
22.25
38.7833
36.1667
35.2833
35.7667
38.1167
30.5
43.2333
39.7167
35.4833
36.4833
48.6667
38.1167
29
27.3
40.1333
45.15
26.7833
39.6
38.7667
39.5333
21.7667
27.3667
30.1667
33
35.8333
32.7833
29.5167
28.0167
35.4833
43.2
30.4667
35.7
34.4333
39.2167
30
44.25
15.4
36.85
38.7667
22.9833
23.3833
33.4
45.0333
28.7667
27.3333
26.2667
30.5
38.8167
39
34.1
50.4167
39
39.1667
39.8167
30.0167
22.8167
34.05
41.8333
50.6167
27.1167
17.2667
38.5167
29.6
23.2
37.2333
41.0333
16.1833
22.7333
39.2333
11.5833
36.2167
33.1
28.8667
31.9667
42.3833
18.45
47.4833
35.3667
35.8
36.2
37.1667
34.1667
40.1667
32.7333
39.0833
43.05
16.2167
25.9167
43.1333
41.35
33.6833
27.5333
35.7833
23.7667
38.7167
54.4333
23.1167
30.3667
44.2
23.9333
30.85
28.0833
37.9833
23.75
36.45
45.35
49.0667
23.7833
46.35
42.35
33.6667
40.3333
42.5333
35.6833
43
34.8
30.35
44.3
23.15
33.4833
38.2833
27.6667
34.5333
27.1
40.0667
14.6333
34.6167
39.4167
43.8
38.0833
45.35
48.6833
24.7667
15.0333
48.4833
42.0333
41.0833
37.15
30.3
25.7
53.3667
41.6167
39.4
42.25
38.4833
29.5167
24.7167
36.7
34.1833
30.2667
37.0667
23.85
35.45
41.4
34.15
33.3667
36.5667
43.1333
38.9
34.6
17.3833
36.3
41.6167
25.9667
29.4333
14.8833
23.5667
31.2667
41.8667
32.3667
42.2
27.1333
34.8
9.51667
30.85
39.3
44.95
40.7833
35.3167
26.1833
32.6
30.6333
42.95
36.0833
43.7833
33.0833
41.8333
14.4
39.3167
30.2
49.4333
30.6
34.5
27.4833
28.3167
29.4333
40.55
35.1667
22.55
33.9667
40.5333
15.55
22.0333
22.1667
21.05
36.4333
36.0167
27.85
40.7167
25.7667
41.9667
14.8333
35.35
29.7667
34.1
28.4333
42.4667
37.2167
28.2833
40.1
30.15
48.75
37.7833
38.4833
34.95
33.5833
21.45
38.3
35.0833
39.2
30.1333
36.3667
38.4333
28.8333
41.75
48.3167
40.9333
33.6
38.9667
39.5167
16.25
29.7333
34.7833
53.0167
27.2333
35.4667
32.9167
27.7667
40
33.85
35.4
31.2333
36.5167
36.7167
26.1333
26.8667
27.5667
25.8167
31.4167
28.6667
28.7167
41.9333
25.6167
21.45
28.2167
32.9
31.6167
49.6667
36.25
26.9667
39.6667
40.95
38.2833
21.4
24.1333
37.7
35.45
37.8833
34.9667
37.9667
35.7833
38.5167
30.2833
30.0667
37.6833
15.4
22.8667
39.3833
49.1333
34.1
27.0167
30.0667
56.6
33.2333
44.7667
38.5
45.3
47.2833
34.3667
36.4167
45.9333
21.2
28.5333
36.9167
17.4333
46.4
35.2167
26.4667
40.4833
22.7
22.6333
19.6667
30.5
28.45
36.7333
34.6167
28.6833
23.75
33.0833
22.9333
26.8667
26.7833
43.2167
45.3333
49.9833
20.8333
27.4167
22.7167
47.25
34.0167
45.45
39.9833
36.0333
28.7
37.6333
28.8167
47.4
55.4
23.8833
22.4
55.75
27.5333
34.5
32.3167
39.3
48.5167
16.3833
44.5167
32.8167
25.9
8.86667
33.4333
29.4167
19.3333
24.5667
31.7667
30.2167
30.4333
39.5167
36.55
36.5833
35.6833
33.05
42.2667
45.7
24
31.5333
32.2833
16.75
40.7833
8.88333
23.9
23.0167
40.6333
52.7167
34.0833
22.4167
30.75
41.8333
50
32.8167
39.3167
44.7667
36.9167
40.9333
40.65
44.45
42.2667
33.2167
16.0833
27.8667
40.4167
33.9333
30.4833
41.35
33.3667
50.05
42.15
44.6667
40.8333
47.6667
32.7667
15.5667
39.5
26.8333
46.9
28.3833
29.1833
44.2167
54.8667
39.45
41.1
45.1833
39.0667
8.58333
24.45
29
15.8333
32.3333
24.7
31.4667
16.65
34.8333
23.0833
42.9167
29.8833
34.2333
43.1
21.5833
37.5
33.0167
34.1333
32.7
41.4167
33.9667
33.4333
20.5667
36.1167
31.95
34.85
37.5167
35.9667
39.0833
39.95
28.85
44.2333
32.5667
46.7167
45.7833
39.4667
28.5
37.55
25.9833
16.05
30.4
42.3
34.2833
51.9
38.9833
34.05
17.5667
24.1333
37
35.55
58.1167
25.0833
49.75
28.4
43.25
32.65
38.4167
32.6333
34
43.4667
29.4833
21.4667
46.3
41.6833
37.4167
15.35
25.5333
28.0833
30.0333
25.7
42.4333
10.8333
31.85
44.5167
38.6333
43.9333
23.65
37.4333
42.8
50.8333
55.45
37.9333
34.0833
34.7333
40.6167
34.5667
35.1333
22.5333
28.7
32.2
34.4167
35.2667
42.6667
16.4167
47.3
47.4333
34.6667
24.2667
22.6833
33.3833
15.75
46.3833
28
41.8
37.3833
34.4833
22.55
41.3
32.5667
38.25
28.5833
15.2667
40.6
41.4667
17
41.9333
42.4167
48.6333
39.0667
43.9167
38.85
35.8
29.0667
20.0333
32.1167
23.6167
31.3667
27.8667
31.5
41.1667
45.85
36.4
46.5667
35.2833
41.4667
44.9
18.5667
21.1333
29.4333
44.0167
51.9667
30.0167
41.6667
44.6833
24.7667
42.85
54.2167
21.05
22.7333
46.85
37.3667
28.5667
35.1833
24.05
23.3167
41.8167
46.4833
46.45
40.3167
30.4333
30.5333
25.7167
32.65
38.1167
46.9167
18.1667
37.75
33.35
34.0167
25.05
27.1167
26.85
24.4333
25.3667
48.45
32.4667
34.05
33.2
23.2167
50.9333
31.3667
32.9167
22.7
38.0833
34.1
28.9
38.2333
31.55
32.2
22.9167
8.45
25.3333
33.4
40.9667
28.85
36.3667
36.0667
32.8667
40.1
23.3333
44.4
37.5333
16.7167
20.6
30.5167
38.7333
23.5167
43.1167
28.0667
24.7
40.7
31.65
29.6167
33.6167
16.05
30.85
27.5333
32.05
37.2167
29.35
34.15
22.3167
49.55
42.4333
32.6833
35.6333
35.4833
19.4833
38.15
37.3833
23.5667
38.6833
43.1333
42.7167
24.7333
16.2167
27.3
22.95
46.2667
47.9833
31.2167
85.9167
19.5667
21.5167
47.1833
43.5833
34
30.7167
21.9667
30.7833
38.2
26.9667
28.2
44.55
42.6167
35.9
30.9333
24.4667
36.65
47.2833
42.1833
51.25
48.2167
27.65
44.8
24.4
23.85
30.7
34.9
30.5833
25.45
32.9167
35.35
34.2667
31.1833
35.45
38.6167
43.9833
23.45
36.4833
48.3
28.8667
41.35
21.8333
45.3833
41.7
35.1333
34.5
26.1167
43.3
17.3167
39.25
42.3833
56.5167
23.4167
30.0833
27.7
41.15
21.3167
21.8667
37.4667
27.0667
36.3833
26.8
30.95
32.55
37.4333
32.4333
33.5167
32.6167
22.85
37.0833
43.8667
20.8833
45.2167
34
42.8833
29.05
23.4
21.1
34.3833
40.7167
22.85
28.4833
21.45
17.6333
49.3667
30.55
29.9667
29.7667
28.6833
22.6167
26.9167
38.5167
29.1
34.6333
24.4833
28.9333
32.2333
35.4167
22.1167
50.85
32.6333
22.5833
43.5
25.7167
32.2667
23.3667
29.3667
32.9333
31.1333
47.8833
21.2333
42.9
44.7
27.7167
44.7667
25.2333
37.7833
14.6667
38.1
27.9333
17.5833
31.4833
32.6833
37.95
34.7
41.9667
18.1
47.1333
33.0333
40.5167
36.35
27.45
20.8667
38.8167
28.2833
33.45
33.3
29.5167
34.35
34.8833
52.7333
30.8667
45.85
32.9833
37.7667
40.0667
34.6833
39.4
37.45
48.2667
31.7167
38.5333
35.5333
38.6167
28.8833
44.4167
27.1167
36.05
45.8
44.8
37.7667
20.3167
36.9667
16.2167
29.2833
32.55
21.7167
27.7333
16.1167
39.8
40.2333
33.4333
42.2833
35.4
32.8333
28.1667
53.0333
16.8
32.2333
31.0167
44.4333
34.95
34.9333
44.5667
33.8
24.15
44.9167
30.1167
30.0333
22.7
21.05
15.25
29.3167
31.6167
40.2
41
34.6167
34.5333
31.7833
24.8167
36.2333
29.6167
37.2
23.85
28.3167
27.3833
34.15
36.9333
36.9333
18.2833
52.0833
23.9667
28.6333
39.55
34.5167
25
27.7833
33.05
57.0167
43.8667
16.5833
31.5
29.2667
34.2667
30.7167
32.9667
45.7
25.9333
26.5667
34.0833
37.5833
36.8833
28.0333
43.5
35.3667
34.5833
32.9833
21.0667
50.2667
35.1
39.3
33.3167
37.4333
39
30.3667
16.45
34.4167
30.85
33.55
41.9333
44.05
37.4
40.15
52
31.3667
43.8333
37.1667
23.6833
33.8333
29.9333
28
29.8833
40.3167
22.8833
32.35
45.7833
34.3833
50.1833
32.4167
28.9
45.3167
32.7
37.8333
31.55
34.1333
30.9333
43.0833
37.1333
43.65
44.5167
34.8667
56.9167
35.7667
37.8833
24.8333
36
28.2333
57.0333
38.5
38.9
40.0167
17.3167
37.9667
15.4667
36.35
21.5833
31.2167
33.25
31.6
22.8667
22.55
59.4833
31.2667
48.7833
17.45
23.2
34.1
15.9833
14.5167
36.3167
24.4333
41.45
22.0333
34.2833
46.3833
34.6833
41.05
29.7667
36.05
21.3833
44.3333
26.0333
36.9167
44.75
20.2833
43.15
46.9667
25.55
23.5667
29.85
43.2167
24.4333
40.4667
27.8333
40.6833
42.2
22.0667
28.1333
50.3167
24.9833
39.2
48.8833
58.65
36.7
44.7667
32.75
28.8
44.1
26.45
32.9833
35.9667
34.1
32.35
38.9333
29.85
32.5833
10.1667
37.3167
34.8667
28.3
25.4167
44.55
27.55
41.0167
45.5
38.4167
33.3167
32.9333
43.3833
32.9833
40.9
29.0333
38.15
24.4667
20.7167
31.5
45.4833
15.8333
33.4833
27.9667
18.8
35.1333
49.1833
23.35
35.15
29.6167
20.9
38.1333
29.0167
51
39.1
43.1667
45.45
30.6
32.1333
31.2
34.0333
21.65
27.8333
27.6667
18.0833
35.8333
42.5833
23.4667
39.9833
43.15
28.4333
20.5
28.1833
35.2333
40.3833
40.8167
38.2333
39
23.3
105.383
34.7
34.5667
28.9833
34.8
22.4667
33.3
29.3667
16.7
39.5167
40.8667
21.65
32.9333
47.3667
24.1167
27.4667
26.3667
38.0833
29.85
21.2333
57.1
29.35
32.6167
33.8833
29.25
33.3667
44.8333
28.2
30.65
38.0667
51.9333
26.2167
30.4667
29.1333
30.4167
34.7333
32.6
48.6
22.6167
49.0333
27.65
24.0167
21.5167
22.5167
49.8
33.6167
31.8
36.5667
43.0667
21.2667
40.9833
28.4333
33.4167
28.2833
40.3167
23
29.5167
43.7667
30.25
26.3
36.5333
40.8667
35.7667
32.5667
46.4
25.4333
41.8833
39.7833
34.4833
29.3167
16.1833
39.7333
15.2833
27.0333
42.0333
36.9667
39.2833
41.8167
50.0167
37.1667
30.2833
45.8833
32.6333
35.6
37.4333
38.9333
37.3833
36.7
15.1167
32.7833
50.1
21.6
38.0833
15.9667
36
46.2667
45.3
35.8
37.1333
39.9333
27
32.6333
45.9667
14.8333
36.5
28.8667
21.25
21.7667
32.6667
29.45
23.3833
33.9333
35.05
45.9833
29.0167
23.6
35.85
41.7167
16.9667
28.15
39.4667
44.7333
37.45
23.85
23.2
30.4667
33.15
22.6833
43.15
46.8167
36.4833
37.35
28.1
37.5167
24.9167
22.2667
43.5833
40.8833
34.1667
36.4333
34.3
34.6167
38.3333
29.3667
38.6667
23.8
33.4333
46.6667
23.4
45.6167
9.9
42.6
31.8667
23.15
32.5167
18.0167
39.4167
47.4333
32.8
25.1333
47.7333
28.0833
8.58333
30.55
42.2833
31.1
23.4833
33.1833
43.7667
40.2333
26.9667
41.8
39.8333
33.0167
30.2667
35.4667
29.15
33.9
41.9667
27.95
30.3833
22.25
28.0833
21.5167
34.85
43.1333
28.6833
31.7333
30.0667
37.4167
35.3833
32.1
36.5
48.2167
36.3833
31.2833
32.7833
26.1167
9.05
28.7333
19.2833
39.9667
33.9167
45.5167
28.0167
33.7833
41.3333
28.1333
37.8
52.4167
20.8833
30.3333
30.5167
30.4167
39.6333
26.5333
34.25
39.1
29.4
16.0167
32.7667
41.45
30.7667
37.2333
22.8
14.4333
40
40.5333
37.0167
39.35
26.75
32.9167
42.9333
28.4167
27.2833
35.8
34.7
37.3333
34.35
35.7167
37.4167
27.35
26.5667
32.3167
32.1833
24.1167
32.5
33.8333
45.9833
22.4667
19.5667
35.7833
25.8667
47.8667
34.6667
31.5333
16.5
47.9833
31.5
16.45
48.6
23.5333
38.7167
42.3667
22.6
38.7833
28.7
21.3667
22.9
10.0167
23.05
20.9667
35.1667
22.65
37.3667
44.7167
42.2
38.0667
20.9
35.3833
42.8
30.2
30.9667
49.3833
39.7667
24.2667
28.4667
35.25
25.7
30.55
47.1
16.9667
36.2333
30.7833
44.6833
41.8833
20.45
40.0167
41.7667
35.1833
37.8
45.0167
29.4333
22.85
28.1333
33.5
28.6
44.3
32.6167
31.6
36.8
22.1167
36.2167
33.75
33.3167
23.6333
29.8667
26.9833
9.71667
45.0167
39.0667
16.8833
49.9167
35.7
38.8
27.6667
9.88333
37.6667
25.8
28.9667
32.55
37.6
22.75
32.4333
24.9
26.0167
28.65
39.4667
32.2167
32.7667
14.6333
22.8667
31.4333
22.3167
38.3667
16.35
37.1
26.8333
49.35
31.6833
42.25
44
42.3333
36.7
37.8333
37.9167
31.0667
44.0167
31.45
30.5833
37.75
39.9667
37.5667
23.8167
26.9
27.6667
38.0333
40.7
26.1333
25.2333
44.1833
30.3333
42.6
44.5167
28.3333
33.4333
27.8833
25
25.7667
27.0667
21.5833
34.7833
28.55
15.2833
29.5333
24.2167
28.6833
39.7333
36.8833
33
34.1333
41.45
36.4667
31.7667
15.5667
32.15
28.9167
44.9333
33.1833
26.1
20.8333
43.4167
38.3333
30.3833
23.7
34.9167
29.85
41.9833
31.6
21.9333
23.7833
41.0667
32.3333
40.3833
23.3667
24.0667
40.4167
41.8
30.8833
33.1833
29.9
34.0167
51.2667
33.8167
27.1667
42.4167
19.9333
32.15
33.9667
34.7
21.6667
28.65
17.3667
32.8333
37.0167
29.4167
34.0667
35.0333
44.0667
53.7
34.6
30.5667
27.0667
22.1667
27.6167
31.85
37.9833
23.6833
37.4833
32.4
9.71667
31.2833
23.0333
34.55
36.75
17.0667
14.7833
25.2333
41.8
41.0667
47.25
49.0333
39.2167
29.4
31.25
27.6667
33.3833
50.3
19.3167
34.7
19.35
22.3167
44.25
33.7667
42.4333
17
41.3333
30.4833
37.9667
37.1167
25.6833
22.6667
32.9
27.8833
33.6333
23.4333
23.05
51.2
33.6833
33.1667
39.3
16.4167
40.4167
32.35
29.2333
34.25
28.55
31.1167
21.1333
33.1
17.4667
36.2
26.3667
33.6667
40.4667
49.6
40.9667
39.35
40.9333
34
38.6833
29.4333
32.9
46.8833
30.55
34.8833
27.6
37
37.5167
17.9667
32.0333
26.7167
37.4
41.5
25.3833
38.1667
42.4667
32.45
44.0667
32.3667
30.8
21.5667
35.8833
37.0833
44.9167
29.65
31.2
19.3333
29.6167
30.6667
21.1167
27.6167
23.2167
33.5833
22.5667
35.9
27.45
31.7167
22.4833
47.9333
24.3833
66.4
26.3
47.25
38.6167
34.4833
37.3333
48.5167
35.2
48.5167
30.6667
33.25
38.4167
48.35
10.1333
27.9333
31.6667
37.5
32.6333
35.8
40.5833
27.2167
37.9667
20.5833
39.9833
36.25
37.4
42.1833
32.95
81.25
28.4167
41.3833
23.5833
29.6167
37.8333
26.85
29.1
35.9167
31.25
61.55
31.9667
30.8667
27.8167
34.45
46.2833
16.7167
22.45
33.7333
40.8167
37.25
23.7333
32.6333
31.5667
33.95
34.8333
23.45
41.0833
42.35
44.05
41.0833
22.8667
42.9833
48.6833
22.5167
47.2167
44.9167
23.8
29.7
21.8667
39.55
45.65
30.3667
40.7167
37.3167
26.5167
20.5
39.75
46.8667
43.7667
16.2
32.1667
40.8167
38.5167
40.35
40.75
27.7833
28.7
37.1333
36.6
33.1667
33.65
42.6833
26.5833
33.6
40.75
21.2167
33.1
35.7167
22.7167
22.4
37.35
42.6833
47.5
29.5
30.4167
28.15
43.6167
37.2667
37.8167
29.75
20.75
28.0667
44.7333
8.93333
18.9167
45.45
37.8333
35.9
28.6667
31.7167
31.5333
31.5667
44.7667
37.1667
31.1167
31.65
35.1333
20.5833
39.1833
28.45
34.9667
42.3833
41.9833
30.7
31.9167
27.4
33.35
39.2
20.95
44.1333
39.2167
35.65
50
31.8833
33.6167
32.6167
42.2
40.05
42.3667
21.0833
30.7
39.1833
41.55
32.9667
39.2
22.2833
48.1
28.8
28.25
24.75
16.5333
35.5833
31.5833
35.7667
30.4167
23.4667
16.3167
40.9833
36.2667
47.7167
20.6
46.8333
38.7667
35.6
35.5667
43.2
27.6833
38
42.9167
8.5
50.3
33.25
31.3833
21.9333
49.4667
35.8
38.9333
24.9
32.2833
29.2167
40.1833
19.9
50.8333
44.9167
48.5333
37.5667
14.8333
49.95
33.15
40.1
52.4833
33.6333
42.3833
22.7833
23.05
44.6833
32.35
29.1833
33.2167
33.35
43.2667
22.3333
36.2167
39.1
45.1667
40.8833
21.1333
28.5667
32.5167
34.5833
44.05
39.1167
41.0667
29.6667
35.05
31.9167
26.1167
41.6167
40.0333
36.7
33.7333
39.5333
21.0167
37.5333
17.25
33.35
35.9667
43.6333
34.15
35.6667
35.5
30.8167
51.2667
38.3833
40.0333
50.8167
23.4667
30.85
29.3167
49.4
25.4
32.7833
49.6667
47.8167
39.5167
20.0167
33.1833
33.0333
30.6333
29.95
29.7333
29.9833
28.0167
25.7667
31.8333
46.45
49.4
40.9667
32.4667
31.25
26.85
38.9833
48.9167
36.9333
29.25
30.6833
37.3667
35.6
37.2833
37.8833
34.7833
31.4167
37.3333
38.1833
10.2333
35.4333
28.45
40.4667
23.6667
26.2333
38.6833
46.3333
34.1167
42.3167
42.8333
28.8167
27.9667
28.0667
33.95
30.1333
42.6
33.8667
29.2667
31.6167
17.1667
44.2333
37.55
25.1333
25.2
36.9167
32.5167
42.05
41.2167
44.2667
31.4667
22.45
41.5167
42.55
34.3167
28.4333
27.9833
20.3
34.5833
20.7
45.1333
38.6333
38.55
27.1667
28.2667
33.3667
31.2167
47.3333
36.8667
27.4667
30.2333
43.55
21.55
31.9167
19.75
28.5833
56.2833
24.65
45.1833
33.0833
35.75
30.7333
35.5
39.6667
16.95
30.9
38.4833
33.2333
44.2833
38.2333
23.9
43.4667
35.75
53.7667
30.15
38.9
36.2833
34.4167
29.5333
20.8833
28.0833
45.6667
33.9167
37.3167
40.3667
40.3333
35.35
28.6333
36.6
37.05
39.0833
30.5333
10.35
27.3167
31.95
34.6167
35.65
42.9333
34.45
14.5333
32.85
48.9
34.1
37.9667
24.4167
38.8333
23.65
27.6833
45.7667
47.95
21.6
26.8667
22.0667
25.75
42.2333
29.3
28.55
45.2833
27.9667
41.6667
27.65
25.25
47.3
40.9833
34.45
35.2833
30.95
26.45
51.0167
22.3167
33.3167
26.85
27.7333
33.9833
26.1167
28.1167
46.1833
32.85
24.7333
40.2667
25.3167
35.7333
28.2333
35.2667
24.7667
31.05
23.5833
36.2833
43.2667
36.7333
40.4667
26.2667
28.9833
36.7167
37.5
47.7167
42.65
45.45
25.0333
37.5
30.0167
28.2167
21.95
46.1667
26.4
40.2
39
40.65
19.8667
47
39.5833
36.65
38.4833
40.2167
21.5167
37.1667
45.5167
39.3167
34.2
31.4167
35.25
39.1667
43.3333
50.3
36.0167
42.8667
39.0167
39.55
33.6833
28.1667
33.5667
31.85
30.6667
40.45
28.2
39.1
45.5833
44.0167
32.8667
38.7833
43.6833
39.8833
51.15
42.1167
23.8667
42.2
32.3167
50.8667
24.0333
28.35
30.0667
39.8
34.1167
41.9
17.3
28.4333
30.35
15.1
43.5
34.4667
20.55
15.7833
37.9667
33.4
23.9667
36.6333
38.6167
35.8333
51.3833
28
15.5667
31.8333
42.4167
29.4667
37.2833
24.3667
29.25
40.6167
31.2667
40.4333
27.2667
47.1833
26.3333
35.1667
38.9667
27.8167
40.3167
21.9167
37.3833
46.65
36.7
22.15
35.1333
38.4833
32.35
50.5167
30.4667
23.05
42.45
45.3
46.75
43.5167
46.3833
26.9
35.1
37.8
31.6167
32.4333
17.1333
32.8333
33.8333
38.7
24.85
44.4333
23.6
15.9667
27.75
38.0833
20.9667
36.6667
40.1167
35.1667
27.45
36
45
25.5667
19.7167
39.4
33.4
24.1
27.7167
33.9
27.9
17.2167
31
30.4167
38.3
35.9333
35.2
43.8667
37.2833
23.8833
35.05
22.2333
30.45
33.0167
37.6833
35.2167
48.4833
44.2
22.0667
61.7
19.05
57.4
40.1167
40.8667
35.25
37.7833
27.6833
32.55
20.6
29.35
33.6
33.4167
27.5833
38.55
42.4167
36.9167
41.1333
31.6
20.0833
26.0833
41.2167
25.25
28.8667
33.55
33.6667
35.8667
15.95
20.3
43.8167
22.7333
33.7667
28.4667
24.65
16.4667
34.9833
35.6833
34.9667
36.4667
32.55
28.1167
34.9667
33.65
35.7667
25.5667
45.4
32.5667
37.1833
22.9
40
46.2833
30.6833
43.9167
28.25
43.7833
39.5167
33.3833
40.15
31
38.2333
40.2
30.5333
22.3333
10
37.6167
32.6333
39.2
43.8667
25.05
35.0333
22.6667
28.7833
41.7333
25.7667
37.0833
22.9333
23.6
33.1
41.1833
37.85
48.5667
15.8667
32.9833
23.5833
32.8
52.4833
33.8667
33.2333
35.5833
48.6333
38.15
28.7333
38.5333
28.8333
43.25
17.85
37.75
43.7167
31.9
22.7333
28.1833
40.2333
35.8167
26.3833
41.3
43.1333
34.9
21.5167
29.25
22.7833
39.9167
46.3167
46.4667
40.4167
26.75
34.8667
23.9667
39
32.4667
37.8167
37.35
21.65
34.15
30.05
37.7333
35
33.55
48.3333
25.3333
41.75
33.45
33.9667
40.35
40.3333
28.6333
55.25
32.8
34.2667
27.7333
32.4
30.6333
23.4833
26.8167
27.3
34.8
22.5833
28.45
29.5167
26.5
34.3
36.5667
30.1167
21.8
30.5833
26.0333
29.1
36.2333
34.9667
32.3167
35.5167
28.65
35.05
25.7667
28.9833
39
16.4333
25.4167
48.5333
37.5333
32.7167
31.3833
10
14.2667
38.8167
51.8333
42.1167
38.1167
40.7833
42.6
49.45
34.7333
30.7667
32.4167
39.1
37.7333
36.3333
29.6167
33.75
15.6333
33.4333
38.6167
22.4333
24.75
43.55
32.4833
24.4833
17.1833
28.0333
61.7833
28.0833
15.8833
33.4833
40.55
32.35
38.3667
39.35
29.5
37.0167
42.6333
38.05
36.4
34.7167
36.9333
29.9167
41.8833
28.2
36.75
43.8
28.6
34.7
34.8667
43.1333
24.0333
42.2333
39.3333
20.0333
29.6167
41.05
49.95
24.5
45.2167
34.7
44.35
39.7167
28.9667
49.75
40.2833
37.75
28.0333
42
36.65
30.1
40.15
30.8
17.2833
26.3
37.6833
32.9167
35.1
36.2333
30.6
30.8167
38.35
22.7333
10.1
27.3
39.6333
15.1833
46.2
36.1167
22.9
31.8
38.5167
45.5
33.0333
40.8167
53.5667
34.65
34.0833
31.4667
29.1167
21.95
39.8167
15.2833
26.7333
22.7167
32.5667
38.3167
42.3333
48.2
32.3
34.0667
21.45
46.3167
16.35
37.75
43.7667
40.7833
35.35
37.2
17.8167
41.1333
36.2333
23.4
26.5
29.05
24.3667
35.2833
34.6167
36.0833
33.1833
42.4167
41.7667
28.85
31.8667
23.0167
47.85
34.8833
32.55
9.61667
28.8
35.25
23.6333
23.45
27.2667
21.7833
27.15
37.1333
41.6167
39.1333
33.7333
43.4833
27.1667
32.75
38.0833
28.7667
28.6
27.2833
35.4667
26.6333
43.9667
36.2667
16.5
33.1667
41.6333
57.3333
22.7167
38.5833
21.55
36.6667
25.4167
36.2833
54.2833
38.9667
35.05
34.05
41.6333
45.6
21.3167
28.5333
20.8333
37.0833
31.4167
41.0833
44.3833
28.5333
55.4167
35.2667
28.2667
36.65
38.4833
32.9
31.7667
34.5
32.45
36.7333
43.4333
33.75
30.15
33.9833
35.9667
41.05
46.3333
21.1667
27.8833
34.4833
43.9833
45.3333
32.0667
28.9833
41.2667
27.7833
24
36.8333
43.5167
38.4667
32.9833
32.2667
30.4167
33
35.9
27.4833
15.3167
39.5833
35.9333
37.7833
27.7833
20.4333
22.7333
32.0667
40.8
28.6833
23.7167
16.6
30.7667
41.6833
15.6667
27.15
22.4167
33.2667
45.95
28.8667
33.5167
22.1667
17.3167
42.35
34.5333
43.6
40.3167
34.4
45.5833
37.3
34.6167
46.7333
36.5167
21.1667
40.9833
26.8167
21.5833
34.4167
42.2333
29.9667
32.6833
41.7667
44.45
33.5667
32.2
28.1667
40.0833
30.1333
38.3333
28.9833
26.8833
42.7333
28.3
23.4
35.85
36.7667
29.5667
29.55
38.15
23.9667
28
41
36.6333
47.3
44.6667
46.0667
34.75
28.8167
36.8667
36.4833
39.7667
32.5333
45.25
29.5167
37.15
37.3167
32.8167
36.3333
29.1333
43.3667
34.3667
40.8
22.7
30.55
34.3167
44.3667
41.05
24.2833
42.5833
27.9667
37.8
39.6167
23.8
22.2333
25.8833
35.0333
39.35
21.5167
40.3333
22.3167
35.15
26.6833
44.5167
39.7167
32.3167
49.4167
35.9667
53.0167
39.3
25.65
24.4667
37.0833
49.5333
40.2167
31.2333
43.0333
29.2167
39.2833
36.4667
31.5
9.98333
39.3167
35.3333
36.4667
28.55
38.7
28.65
28.1667
17.9833
27.5667
43.8
38.8167
26.65
34.2833
36.8167
35.35
24.7333
31.85
34.25
18.4167
26.35
35.1667
23.5333
32.6333
18.7667
26.7
39.6333
26.95
32.6333
31.4833
33.4167
21.95
29.7833
28.1667
29.4167
27.35
35.4
47.35
28.1667
29.05
39.9
41.8667
32.8333
37.9
26.5833
37.2333
34.7667
32.6833
36.15
36.75
44.7833
29
44.3833
52.3167
26.9167
34.4667
49.8833
38.5833
44.65
40.7833
40.3833
31.1833
30
38.4167
29.45
35.3
35.35
40.9
40.7167
30.3833
29.0833
36.0167
19.7833
38.15
28.05
42.5667
22.25
32.15
40.8333
32
53.4667
33.0167
26.0333
21.1833
33.0667
43.8833
31.9833
43.85
44.45
36.5333
31.7
36.4167
21.9833
16.55
35.0667
22.4167
21.5333
33.3667
21.65
20.1667
14.85
33.15
36.25
36.5
21.3667
33.9167
39.9167
21.35
38.4
29.5667
31.4667
28.2833
34.7833
21.85
39.3833
42.7
34.6
42.0833
32.6167
34.9667
40.2167
49.8167
35.1
33.4167
23.6333
32.1333
30.7333
14.65
38.9
33.6167
27.85
22.8333
43.2667
43.85
33.9167
37.8167
45.15
50.5
41.5167
32.6
40.9667
37.8
39.2167
43.4
31.6667
33.7167
22.1167
42.1
36.6333
45.7667
29.95
29.8
19.85
34.1333
25.0833
31.3167
41.2
25.1667
38.7167
31.6167
27.8667
46.6667
33.6833
30.3667
37.85
35.8
32.1833
45.5667
34.5333
36.3333
32.6833
33.7
30.0167
40.7
43.0167
34.45
40.25
36.05
38.7167
38.3667
39.35
38.4833
30.15
30.3667
23.0667
45.55
31.2333
29.45
36.2833
31.8667
30.9
31.8167
33.8833
29.7667
26.7333
25.3833
29.1833
44.7167
34.7667
21.5
27.7833
32.3167
26.5
39.25
32.35
36.4
27.85
38.5833
45.8167
22.8
27.45
30.3167
42.9333
34.25
36.1667
20.5833
30.9333
30.6833
33.6
42.4333
30.3167
26.75
40.4
37.1667
21.95
32.5167
29.85
51.4333
41.9833
31.8167
22.45
16.8167
43.2167
24.8833
40.2667
22.0833
36.1667
28.3333
28.35
27.5167
34.3833
33.0667
35.0833
22.1833
26.55
37.1167
28.7667
44.15
32.2167
22.5833
36.4167
24.5667
9.86667
29.55
52.2833
36.1
35.3667
32.1167
28.8667
27.6833
37.2
23.4
36.75
50.1
24.85
20.2
37.5833
38.6667
35.4
27.8167
37.9667
17.5667
33.5833
42.6667
26.45
28.8
35.35
22.5
11.55
32.2333
28.7833
37.85
21.6833
34.25
29.15
27.9333
28.9167
27.4
33.5833
38.5833
27.1333
29.9
27.7167
41.9667
37.4167
33.9667
39.8667
28.65
28.7833
31.5667
52.85
9.33333
32.7333
34.3
38.9167
29.4167
41.3333
41.9667
31.5333
29.0667
30.2167
31.2667
33.05
31.85
41.95
21.35
35.4167
51.8
36.6167
22.6833
27.5333
29.0333
33.7
31.5833
31.4
24.9167
35.5333
36.6667
26.9167
35.55
42.5
24.1
29.25
30.7333
46.5667
38.7167
34.0667
29.3
45.3667
30.15
27.7167
39.4833
44.1833
28.3167
30.9333
34.5333
43.3833
23.5
17.3833
23.6
33.6167
28.3
32.1667
28.9167
36.2
35.2667
31.2833
20.5833
28.1333
36.4333
50.65
32.8
23.7167
34.3833
37.6
27.4667
28.4833
28.5
15.6
51.4833
28.4
31.7667
27.1
29.7167
48.4167
37.5167
39.3
36.4667
31.6
26.3667
14.8333
14.9333
51.8833
51.1
35.4167
33.5333
31.0333
36.3167
27.7
33
34.05
33.5667
32.25
32.6667
22.0667
38.6167
27.5833
38.6167
24.7333
35.0667
38.6167
37.4167
27.3
29.8833
14.45
38.6167
29.3
42.9167
26.6167
43.1
22.4333
27.85
33.6667
43.0833
23.5333
39.6667
38.8667
32.2667
29.45
28.9333
49.45
23.2
37.9167
23.2
50.1333
28.7667
41.0667
39.4833
31.6667
27.4833
44.2833
34.4167
27.25
47.1167
36.1667
44.0333
17.0667
24.0833
44.45
33.55
23.3667
28.7833
44.3833
41.4333
42.6
37.8833
29.5667
34.2167
30.95
43.05
29.1667
36.2667
27.5833
52.0667
36.5333
37.8
34.4167
28.7167
39.15
43.7833
26.5167
21.3333
40.45
26.9
27.8667
46.9167
42.3667
38.65
34.0167
41.4833
49.75
26.1
25.9167
49.0833
21.65
48.9833
39.45
30.1
29.1833
36.8667
28.3167
38.2
41.8167
29.4
43.4333
41.3
33.5667
31.2667
30.25
28.3833
26.8667
32.1
23.7833
38.65
43.2167
42.5667
42.5
39.7333
32.6
36.6167
27.2667
21.3
26.95
26.6167
39.2833
38.8167
20.1667
21.3333
39.5
27.7333
23.2833
32.75
21.5
23.55
28.1667
35
39.8833
37.8167
47.7333
42.35
27.5167
27.6833
44.75
29.7667
43.7833
37.2
33.75
40.8667
37.4
45.5167
29.8667
16.1667
43.2667
15.2833
27.05
44.4
38.6333
30.4667
15.75
28.6833
13.35
38.6
44.6
39.1333
25.2833
38.7667
32.0333
34.2833
20.7833
29.2
42.7
38.55
37.8333
29.9333
24.65
37.5167
25.2167
11.5333
40.45
23.6
33.6
15.3833
55.6167
47.8833
26.7167
27.1667
29.5333
38.7833
20.1833
39.55
32.9167
27.65
47.95
33.9667
29.1
24.6833
31.3
39.6833
32.6667
27.2333
32.6167
36.9167
28.2833
14.1167
31.4167
44.9
21.0333
43.55
37.1667
33.4667
36.4667
34.55
43.2167
44.9833
43.15
41.5
26.2333
40.6667
23.9667
36.0167
27.8167
23.9667
26.2833
32.1167
38.45
40.5333
37.9667
33.4667
39.5667
32.6833
41.7667
36.8
28.2333
38.45
50.7167
21.0333
26.1333
30.7167
32.6833
31.0667
28.85
29.8833
33.8667
34.9667
28.2333
31.7333
22.2
33.7833
22.6333
14.0667
44.3167
27.4833
46
26.0167
44.8667
21.35
27.6833
29.3167
20.0667
32.3667
13.8167
33.3833
32.8667
33.8167
28.45
35.3833
39.6167
37.8833
39.5833
37.9667
41.6667
30.3833
29.45
36.4333
29.0667
27.7167
37.8167
39.2167
31.5667
29.7833
41.0167
37.4167
23.9167
40.3
28.0667
36.6833
39.3167
29.5667
34.0167
40.7
32.7333
36.6
40
28.7833
22.6
29.6833
18.05
24.3
35.8
24.35
33.6833
37.8
29.1167
37.4
26.8333
21.8667
38.3167
43.6167
36.95
39.9333
35.35
40.3333
31.1833
36.75
41.6
32.3167
24.4667
35.1333
47.1667
25.1167
30.9167
33.9667
33.5167
15.9333
26.5667
33.9333
37.25
15.4333
31.5833
38.4167
34.5833
20.2167
37.3167
36.0833
27.2667
35.5
34.5667
21.8833
39.0167
44.5
41.0333
27.2833
26.6833
46.6833
45.15
37.8
35.25
21.25
36.7333
33.65
39.5167
22.7667
36.2833
25.6333
44.7833
20.55
28.6333
27.1667
22.7333
36.1333
31.9667
15.8
21.3167
30.0333
38.7
29.1167
33.6333
26.9
27.6167
23.05
29.95
26.5167
27.1667
49.3167
31.5
27.5333
28.6667
28.8
9.66667
19.9
39.5333
34.7167
32.55
30.0667
40.9833
32.55
34.7167
43.3
34.7
43.15
38.7833
24.8333
21.6833
35.2333
32.3333
28.8333
31.5
32.1833
27.25
28.85
41.3667
33.2167
15.9833
41.7
14.3167
47.1667
26.8333
35.7167
8.95
31.5
21.3667
26.1167
32.45
28.4
34.15
24.95
42.4667
22.15
38.7833
28.4333
39.5
33.6
40.6667
32.65
39
16.3333
26.2667
44.2667
21.6667
26.1167
43.9167
39.75
47.4667
28.5167
45.2833
26.2667
48.6167
27.85
25.5167
51.2333
31.5333
31.1333
32.0833
30.2833
10.4667
31.1333
37.9
20.85
33.15
33.7333
31.2667
31.5
17.85
39.9833
30.0667
30.3
16.4167
48.7667
23.0167
27.9333
38.3333
40.0833
37.3
29.6833
53.1167
38.5167
41.6
32.1
27.5333
34.6667
42.4833
22.55
27.0667
31.3
41.1833
49.2
29
26.9667
17.3667
41.1
50.1
56.9
33.2167
28.4167
44.9167
30.25
17.8333
30.8333
41.25
32.3333
33.35
45.15
35.2333
29.1333
37.5167
35.3667
27.05
16.55
38.85
23.35
17.4167
32.3667
19.15
23.35
35.1
31.6
32.95
21.55
34.5833
34.5
26.7333
32.15
25.1167
16.35
33.9333
36.1667
44.5667
18.1667
29.4
45.3167
37.3167
15.85
36.9667
26.8833
20.5
35.5333
48.8
21.9833
31.3333
31.7
30.35
45.4333
23.5167
25.7833
29
28.3333
45.6833
35.7333
36.1833
26.2167
36.7667
22.75
40.6
31.4167
14.4167
41.9167
31.5167
34.7667
8.75
15.55
27.1
26.0667
35.8
29.0667
34.45
16.0833
47.8
29.5667
34.5167
38.9833
41.0333
31.7667
35.4167
18.7833
39.1
33.0167
36.4667
38.5333
28.0333
29.1833
45.5167
28.35
24.5167
33.5
38.25
37.3333
34.7333
30.8167
50.35
38.5833
40.1167
37.1833
33.1167
26.35
34.0667
48.85
14.9167
32.1667
20.3667
40.05
32.9167
27.3667
28.15
33.1667
33.4333
30.5667
31.0167
31.35
31.9
21.9
32.3833
32.8833
29.7167
27.7167
37.9167
44.5333
27.6167
43.9667
27.1833
29.05
40.8333
37.8667
42
25.2833
23.4667
33.05
37.0333
33.4167
23.6167
31.5667
39.8667
39.45
49.7
34.9833
28.4
37.7167
36.2667
38.2667
29.3667
43.1833
33.0167
38.3833
33.2833
32.8333
25.2333
42.05
49.85
21
36.9833
44.1667
38.7333
22.3833
23.8833
36.6
44.5833
38.05
33.15
21.8333
21.3333
31.9667
32.8333
24.4333
26.35
29.6
26.8167
35.2333
21.9167
28.0833
34.3
26.8833
42.75
24.0167
33.3333
38.85
21.4667
27.4833
21.8
37.2667
40.0167
27.9667
28.1667
30.8333
33.85
45.3833
34.2667
31.1667
28.8833
51.9333
36.7333
31.5667
32.9
28.1333
24.5333
41.6667
31.3833
33.6833
37
48.4667
24.7833
23.25
27.0833
23.55
39.05
41.25
29.4333
37.85
33.3167
33.05
38.7833
23.3167
43.8833
22.0167
38.45
35.3333
42.7333
27.5
43.8
41.5
28.05
36.1
41
27.95
36.4833
36.5167
34.2667
15.7333
42.9833
46.7167
28.1167
26.9167
27.6167
35.15
33.1333
21.1667
32.1333
41.1833
26.5833
30.9833
31.1667
38.6167
35.4667
32.9333
27.9667
32.15
29.1333
54.4667
44.2833
22.05
27.1
32.7167
30.5833
33.5
20.6667
29.1833
43.4333
36.5667
41.5167
23.8
38.5167
36.95
28.5167
34.75
23.1667
32.2
21.55
27.7167
16.7167
28.0167
45.1167
32
27.8833
14.7
27.4
27.8333
38.8
27
24.0833
31.8833
32.6333
26.2667
53.7333
38.0167
31.8667
22.1667
44.7167
28.2333
21.7667
40.55
45.9667
45.0333
28.1833
23.35
29.9
27
37.75
41.1333
39.9333
26.55
33.1833
32.6167
49.0833
30.4333
33.5667
41.9833
40.0833
37.8333
43.65
35.1833
19.3667
27.9833
34.75
42.5833
36.7333
36.65
43.1667
27.8833
22.4
32.9167
35.8
31.2
38.0333
37.9333
32.5833
31.3
22.6833
29.1
36.45
29.6
27.2667
31.2
9.51667
50.3667
38.05
43.25
36.05
22.4333
15.6833
35.65
50.8
30.6667
32.1167
25.3167
16.4333
44.3833
33.5833
28
47.9833
29.0833
33.05
15.5833
41.4833
34.5833
27.2
37.75
36.45
27.3333
32.5667
41.4833
38.0667
29.5833
47.6167
32.5667
38.7333
39.3333
43.8
32.8667
45.6167
32.0667
35.9167
32.9167
29.7
24.4167
32.9667
31.7833
39.75
25.65
31.1333
28.25
36.0833
37.8167
42.6167
36.6167
15.4833
20.8833
34.45
33.0667
33.2
36.0667
36.25
31.7833
35.85
44.05
35.3833
31.8
40.55
31.9
8.53333
32.5167
32.85
30.2
28.9
41.3333
29.2333
20.1833
21.45
38.4
26.5667
40.0833
21.7833
40.9833
44.6833
32.4833
35.8833
39.35
37.8167
34.3333
30.7333
38.6
43.45
39.6
40.8667
30.6
35.0167
44.8167
28.3333
35.9333
41.9667
42.7667
41.2833
17.2333
33.3167
30.9333
27.1167
28.5333
40.8167
44.3167
28.2667
39.1167
27.1833
28.8167
23.4833
19.6667
26.1
32.4333
34.9333
47.1
42.4
20.4333
22.1667
26.5333
32.9833
26.3167
39.85
34.1
43.8667
28.5833
28.2667
39.3667
39.0167
30.6167
41.6333
23.35
42.5
32.5
29.2833
34.4167
55.5667
18.7667
31.8
33.4833
40.5333
42.1
30.6333
44.1
31.4333
32.7
15.9
32.35
14.3833
37.6
28.6333
34.1
37.6167
33.85
34.6167
22.9333
33.2667
37.3333
30.8
17.75
20.2833
33.0833
48.7333
42.7
38.3333
36.9333
22.85
29.0833
27.5667
38.5333
23.2167
31.7833
32.4
37.3833
32.8
32.9
37.45
24.0333
28.5333
20.0333
31.55
28.1833
33.8
27.5333
38.9333
29.5333
32.9667
27.6833
39.45
27.5
28.1167
23.9
39.9833
33.35
28.8667
26.3
15.4333
24.1667
9.15
37.3333
41.1167
29.05
37.7833
32.2833
37.3333
36.0833
32.45
22.6
30.5333
28.3333
31.7167
27.45
34.6667
32.5
39.9833
43.4833
17.05
34.8
37.3167
38.65
38.7667
30.6
39.2833
49.35
32.7167
37.3167
16.05
36.8167
39.95
41.35
7.81667
32.2833
37.6333
38.2333
35.6833
31.3
28.0667
28.2333
35.65
27.7667
32.25
26.3
35.9167
36.5167
29.8833
32.7167
28.5667
26.45
47.25
20.9167
25.25
20.8
45.0833
27.9
34.6833
22.2333
28.0333
30.5833
23.2333
29.7833
32.2667
48.1167
35.3167
37.5833
35.55
39.55
27.7667
26.9833
40.3167
42.2833
35.1333
45.7667
28.55
14.8167
31.5
22.9
42.7833
8.78333
45.7333
21.6
26.7667
30.7
39
33.6667
27.3833
44.7333
40.5333
45.6833
27.5833
50.3333
41.6
38.5
27.6833
38.3
45.4833
33.1833
25.4
43.2833
35.5167
36.3333
28.2833
43.0833
35.7167
30.8167
40.8
42.05
41.55
24.7
33.65
36.65
33.6833
16.4667
17.25
47.5333
31.25
38.3667
49.45
15.2167
30.7667
44.1167
32.35
34.05
37.1667
18.75
29.7667
28
30.65
26.5
33.6167
14.6833
36.3833
43.45
26.7333
15.3167
39.9333
82.25
36.55
37.7833
34.9167
44.7167
30.4667
32.1333
22.6167
39.4833
34.9333
31.4333
27.85
32.8833
45.8667
36.4833
23.1667
37.4667
32.1
21.8833
29.6333
32.7667
22.5333
27.45
39.8167
43.9833
40.9
38.0167
25.95
17.6333
27.7333
27.2833
19.95
39.05
41.9833
32.0667
36.65
21.6
25.2
15.0167
39.6167
37.1167
30.65
25.5833
34.4333
11.7333
41.5167
33.55
32.6833
37.0833
39.0333
20.9833
34.5
28.8167
43.1333
28.6667
16.2833
15.4167
32.7833
33.1
44.6333
32.3333
28.3333
43.9167
28.7667
41.1667
21.85
32.6333
27.2167
24.5
36.5167
42.6167
43.5333
35.4833
33.7833
32.7167
33.0667
30.35
36.35
36.1
35.1167
22.0833
37.5
26.5667
20.1167
22.85
9.28333
24.7
14.4833
32.3667
36.2
40.4833
27.0333
52.0667
24.95
23.7667
35.2
28.1
45.9167
35.5833
40.8333
47.6333
26.85
20.7
30
42.0667
41.8167
18.3167
31.1
28.3167
21.75
31.3833
40.1167
23.3833
31.9167
42.1
23.6167
26.6
27.5167
23.4833
30.7833
30.9833
28.45
33.4167
42.1167
31.1833
38.1
38.8833
33.7167
34.95
31.2
27.6167
32.75
32.0667
24.85
16.9
41.1833
32.8667
35.0833
29.2167
31.3667
36.1333
28.4167
14.8333
35.4167
28.5167
27.45
35.3167
31.3
37.0333
22.3167
23.4833
31.9667
31.9
29.7667
28.9667
34.1
35.35
41.0833
36.9167
31.8833
38.3833
53.6167
25.0167
27.1333
22.4667
50.6
27.2333
37.4833
36.45
25.8
38.55
38.2667
31.2167
57.3
25.8833
42.3333
47.7333
32.6667
27.1
29.9
29.45
30.3333
32.5333
35.1
34.5667
42.95
38.4
36.85
25.55
35.95
32.95
26.5333
31.3
37.8167
40.6167
44.6667
31.0333
36.5667
42.5833
26.5667
34.3333
25.1833
36.7833
34.8333
38.9
16.7333
21.05
45.35
39.4167
34.7667
35.2333
40.3
21.2833
21.3167
35.5167
28.7
29.8833
23.3667
33.2667
30.1333
26.85
32.4333
30.4
28.9167
39.85
35.85
37.5167
31.75
36
27
22.25
21.95
17.85
42.6667
40.1833
19.6667
25.85
25.5667
37.6667
32.4667
21.55
21.4333
25.85
50.6333
29.6333
43.15
20.0333
36.2
22.7667
42.1333
31.7
39.7833
41.5167
27.1833
20.8667
34.5333
32.3833
16.7
30.8833
33.2333
27.65
20.6333
32.5
43.1
19.6833
32.8167
48.1167
34.85
16.3333
40.8833
30.9
24.55
27.8667
41.5667
31.1833
26.2
32.7333
22.25
36.1667
32.5
35.4667
26.6
22.4
37.3667
24.4333
30.55
36.3333
30.9
23.3833
37.45
33.8667
33.3333
41.6833
45.2333
22.65
27.4333
28.2667
21.1
28.7667
32.1
25.0833
43.3333
43.9833
25.65
21.9667
31.1667
29.9667
32.1
31.6333
26.8167
45.1333
28.9667
32.2667
32.7167
26.95
31.8167
36.3167
38.85
27.4333
27.7333
37.3667
35.1
48.2167
22.6333
34.8
32.45
27.9167
33.6333
52.9167
29.4
40.4333
37.55
22.2167
31.7667
22.7333
42.6
17.6833
28.45
27.7333
26.9667
44.2667
42.25
45.4167
30.65
37.75
21.1333
29.15
34.8667
30.0167
20.6667
24.9
40.3833
20.8333
30.9
31.6167
23.9333
46.1667
29.8667
35.6833
43.6
30.0667
34.4667
41.0333
31.1167
22.2667
31.75
36.4167
33.35
31.5667
37.75
35.3333
41.1667
16.95
23.45
36.8333
36.95
26.3833
42.0667
32.25
32.5
44
28.0167
33.3167
32.3
16.6833
36.95
38.65
21.6667
42.5333
28.9167
14.4667
34.1
33.35
33.2
42
28.1167
50.4167
23.2167
31.7167
22.2667
28.3167
37.6667
22.1833
21.45
30.05
44.5167
40.2333
31.85
22.7833
35.4667
41.7333
27.5333
37.2
40.3667
38.05
39.15
27.1667
28.75
39.95
26.0833
42.0833
29.6333
21.4667
38.5667
26.6833
27.2833
36.5667
26.1333
24.2333
36.9833
34.1167
43.5667
30.9833
36.1167
36.45
42.1833
34
26.35
36.45
42.3167
25.5333
39.05
21.9333
33.6667
40.6833
30.05
32.4667
39.4833
44.5333
38.8833
36.8167
32.9167
21.2667
32.4167
26.7833
28.9833
21.5333
27.1
49.1333
40.7667
38.4833
37.6667
41.0167
32.9833
23.35
40.7833
38.2
31.4167
37.2167
30.5333
39.9333
29.45
40.25
48.5833
42.3667
31.7333
35.15
41.2333
48.1833
30.7167
27.5833
26.7
19.6167
15.45
33.65
33.9667
23.5
55.8667
28.7167
27.2
34.6833
14.9
13.8667
35.9667
42.5167
33.1
21.0333
32.3167
35.4667
34.15
29.65
29.1333
32.9
33.45
36.0167
26.6
27.4833
43.5167
22.7667
33.8333
20.9667
27.1667
39.5833
18.0833
30.6833
33.75
39.8
46.75
28.95
37.4167
26.1
32.8167
30.65
38.1167
36.3667
48.1833
31.7667
36.6833
34.7167
35.5167
34.0833
36.2667
30.35
18.1
33.3833
36.15
27.95
35.4333
41.35
30.7333
36.0667
29.8
26.8667
36.4833
16.6833
35.5833
30.8
29.45
32.1667
30.85
43.5
44.9667
26.2
40.1
32.9333
38.7833
16.7
42.7833
20.4333
30.1833
16.4833
32.3333
35.95
42.15
28.5833
28.8167
42.15
23.75
28.4833
22
19.25
17.25
21.75
34.4333
39.6167
30.1833
38.8833
27.85
27.9333
55.4333
34.6167
46.3167
45.9
34.1667
40.05
46.4333
45.5
33.5667
29.5833
29.7167
46.3333
31.15
36.25
32.3167
15.4
37.2167
32.7
40.5
31.2333
24.1833
36.4667
15.4167
25.85
37.4667
31.9667
39.6167
23.8333
26.3833
43.9667
26.4167
45
25.4333
38.1
27.75
26.6
37.8
29.1667
36.2
19.95
25.0833
40.3
34.6
44.1833
36.9167
38.2
28.75
33.3833
35.8
21.2833
45.1667
16.2833
34.4333
27.8833
16.4
29.45
31.2833
44.8
16.5167
31.1333
28.9167
22.3
47.1
31.1333
24.75
28.8333
27.7667
32.9667
39.65
24.45
27.7
37.25
34.3667
34.0833
40.7667
46.55
39.0833
36.8333
35.2
22.4667
33.1167
45.7
36.3667
27.6167
32.5833
38.6333
42.3
25.3167
33.7667
32.2167
41.25
35.35
47.8667
44.15
62.4167
36.0333
43.35
24.8667
36.1167
26.2667
45.5667
35.5
22.2833
40.1833
22.5833
26.65
28.3833
39.35
34.5667
31.3667
25.4833
32.1167
22.3167
32.95
31.1167
29.2667
18.4667
22.5
47.6833
32.5667
48.3333
34.8167
42.5
30.5667
22.5333
31.8333
41.6
45.7167
33.2
30.4667
34.5667
34.1833
39.9
40.45
28.0667
25.95
28.6667
29
31.7167
44.7333
30.9167
17
38.45
31.0333
19.5833
35.4667
28.05
32.45
27.4833
55.9833
23.3333
16.05
21.7833
42.3833
38.85
26.95
39.5333
39.8333
29.0667
36.3667
27.7167
37.3333
36.0333
38.2
25.7167
44.8333
40.1
46.05
32.4833
29.45
40.9
33.1167
28
25.85
14.3833
34.5667
19.9167
42.3833
24.1833
36.6667
31.35
30.3667
49.3667
46.1833
19.7333
41.0333
39.85
42.0167
30.3167
52.8667
36.1833
31
27.9833
35.2
32.0333
52.2833
43.9333
29.8
33.35
27.55
28.5167
23.9167
32.4333
28.55
17.0167
31.8
40.05
29.2167
21.2667
24.3833
25.3667
22.6333
26.9167
36.1667
32.45
31.7167
14.95
25.0167
16.6
14.0167
34.15
31.75
32.1
21.2667
24.9167
26.1833
26.5833
44.6833
36.9167
27.5167
32.5167
9.86667
33.1833
36.2167
20.7667
30.8833
27.0167
26.0833
36.9167
31.85
46.5167
20.8333
26.2833
28.1833
25.2167
35
27.5667
30.1167
34.5167
26.9
28.9167
37.15
21.8
37.7167
9.16667
38.05
31.6667
34.1
43.8833
22.05
25.45
42.2833
28.0167
22.8
44.2833
35.2833
27.0667
38.6333
16.7167
24.8667
33.95
35.95
42.2833
43.3167
38.5333
22.9667
32.85
22.2
34.5833
38.3
33.9833
15.9
43.9667
21.3167
42.5333
27.1
23.45
30.1
30.9833
26.7833
21.3
27.9833
44.8333
24.1667
31.2667
22.6833
16
25.3667
40.1167
16.25
45.3
37.45
32.55
37.6833
43.3333
23.15
33.0667
31.1833
21.3
19.2833
23.15
32.25
27.4833
31.4667
41.05
28.9667
27.6833
23.1333
30.75
28
35.7833
21.5
27.6333
45.3833
45.2667
21.8167
32.85
46.7833
47.6167
29.5667
41.0667
33.75
29.9
31.75
44.8167
41.4167
22.6667
25.25
31.7
27.0167
44.25
26.4167
24.3833
46.9
43.6833
26.9167
31.15
24.2167
39.6
25.9333
48.0333
53.9333
38.4833
38.6167
35.4833
16.95
23.25
39.6333
27.9667
33.25
33.1167
27.1167
36.45
43.5667
25.35
21.3
24.9
33.7167
32.5833
36.5167
21.65
33.7667
21.25
26
31.3167
31.3167
32.15
34.25
48.5333
20
36.8333
39.6833
25.9167
21.9333
45.9167
35.95
38.15
21.9167
14.9167
21.15
41.75
18.7167
31.1667
27.2667
39.9833
16
31.85
22.5833
36.3667
47.0167
27.3
37.9333
32.1333
37.5333
30.9833
29.65
44.7667
38.9
23.9333
19.45
25.25
16.35
37.4833
32.6833
32.55
31.8167
39.9167
33.0833
36.9167
43.6167
28.95
26.9
35.7667
32.1
34.5
16.95
45
41.9333
23.2
34.8833
32.5333
30.0833
27.1167
29.0167
28.2667
32.0833
33.1167
33.1
45.0667
16.25
31.5667
41.7167
20.4833
44.8167
37.8167
27.6833
34.1
26.0833
45.0333
35.65
25.95
27.8667
44.1833
29.2833
48.1833
33.5833
15.85
27.2833
22.4167
41.7
30.3333
37.95
39.7833
35.5333
40.95
20.4167
30.1167
32.5
47
16.95
40.0333
36.8833
31.2
32.5833
33.95
40.45
29.8333
23
37.7333
30.9167
30.5
35.8
41.0167
46.5
33.5333
20.3
31.1333
33.35
27.9
24.1667
28.65
26.3
40.7833
34.3833
31.1
31.9833
27.6167
37.0167
25.9833
29.7833
31.1833
30.6667
43.9667
40.3
28.9167
36.3167
27.9833
41.9333
38.1667
20.9833
22
46.1
29.3333
25.6833
39
37.1833
37.3333
32.1833
26.45
38.9833
47.45
11.0333
34.2833
40.5333
37.1
35.0333
26.9667
38.75
31.2833
19.9333
33.3333
38.15
32.0167
26.3833
15.4833
30.4167
36.8833
30.55
25.5833
38.35
21.4667
48.3667
41.7333
35.3833
31.0667
43.25
22.2333
36.3
36.5833
43.1667
31.8833
30.6167
22.2667
29.6833
32.3333
22.8
47.2167
43.5
27.1833
19.2
29.3833
29.0833
42.7833
26.7
36.8667
36.2333
30.3833
30.95
31.5
39.6333
30.9
28.0833
29.2
35.4833
27.3833
15.2333
44.4
34.65
26.7167
28.6167
21.1333
28.6333
38.3
47.4667
30.6
43.5667
34.7167
28.9167
30.3667
34.0667
32.9833
15.55
50.35
36.0167
32.7333
38.8333
34.4833
9.53333
39.6833
35.4167
21.8
33.5
37.1
35.8667
21.65
31.2333
47.5333
16.9667
37.95
20.9833
54.1333
20.6333
29.75
27.3
41.0667
33.45
49.6167
11.5
28.1667
46.7667
14.5
10.2333
26.7333
29.4833
17.0833
35.55
40.3167
43.4333
29.4667
20.75
29.6167
21.2833
38.0167
25.1167
38.45
27.2333
46.4833
25.4667
19.3333
35.85
29.8167
27.6167
34.0667
27.2667
39.15
24.0667
31.75
20.95
22.6333
15.65
41.7667
32.05
34.2833
30.4
35.5833
28.2333
32.45
43.4167
37.4167
34.3
30.3167
39.65
36.4167
34.6167
28.7
33.1833
26.85
17.5
27.0833
36.8333
34.5667
27.7
18.0833
40.8
30.2333
35.4333
43.0333
47.1667
21
28.1667
34.9833
36.1
32.0167
37.6833
39.1333
15.0667
20.9333
32.4
30.2167
36.7
35.95
35.5833
28.3333
32.9333
22.9167
42.4667
26.45
29.4667
31.6833
37.7333
24.4333
30.7333
30.2
35.95
17.6
37.1167
40.35
25.85
45.8667
41.75
19.6
45.2333
21.9667
30.2167
28.0167
16.6167
31.65
32.95
40.1833
25.8667
33.45
30.2667
35.5
40.4167
32.0333
32.2333
43.95
43.2833
44.3167
29.4167
52.9833
30.7333
28.7167
27.25
41.65
47.95
27.25
22.5167
30.4167
28.1167
38.6167
25.6333
36.0833
46.75
45.9667
31.0667
28.1167
27.3833
41.4833
34.7833
43.1833
30.3833
31.05
21.6167
43.4
38.25
36.0167
27.25
31.6
36.8667
26.0167
44.95
28.6833
21.3167
38.9167
17.5667
28.9
36.5667
9.03333
16.4167
21.85
36.3
30.6
44
31.9167
37.3833
26.45
37.5167
31.0333
45.6
15.9667
35.0333
35.1
27.8333
45.0833
29.4833
31.05
35.05
31.1
25.9167
29.45
34.7167
30.95
32.2667
31.55
33.6167
44.5
20.6833
22.55
22.7
36.2667
23.7
46.9333
31.9667
41.1
35.2667
30.1167
36.1
38.8667
30.6167
32.7833
28.5167
33.8167
38.85
31.5333
29.4167
26.15
34.4833
32.7167
35
26.4
33.2833
28.4
25.9667
20.65
22.7667
33.3
27.1167
23.0667
26.05
31.6833
20.3
26.4833
28.7667
50.3667
31.65
23.05
38.55
18.0667
32.3
31.8667
35.4
36.95
42.9833
36.0333
24.3333
28.1
33.75
25.7333
24.8833
48
35.2167
35.3333
35.3167
43.6833
32.9
35.1833
20.4
22.3833
26.9833
15.45
27.1833
52.6
34.95
40.7333
25.5833
53.7833
38.4833
41.3833
35.0333
34.3667
31.35
29.1167
21.5167
46.3667
35.5667
32.2167
35.3
35.5333
38.2
30.5667
41.65
25.55
39.2167
36.9167
47.3833
46.4667
40.7333
43.4
21.2667
38.8
30.35
33.3833
16.0667
22.0333
29.2833
42.9833
25.0833
37.15
41.35
28.55
31.8167
29.9
40.85
40.45
39.6833
30.2
16.3
17.2
39.4167
26.9667
37.7333
27.15
29.9
31.0333
35.6167
34.3833
50.4167
16.6667
32.5833
46.0833
32.1167
39.4167
33.8167
30.2833
30.8833
28.2667
33.1167
43.75
31.3833
28.0833
34.0667
44.7333
35.95
19.8333
18.4833
31.4
28.8167
30.85
35.3667
27.65
29.0333
36.9333
30.9
13.55
44.9
25.5333
43.25
20.6833
42
31.3167
44.8333
22.95
16.45
38.0667
33.45
30.6167
32.2167
30.0667
32.45
33.9
36.4833
28.85
29.1167
27.1333
25.1667
40.9167
36.9667
25.9167
26.6333
32.3
24.2167
32.5333
36.1
28.2333
22.85
29.25
27.4833
35.5333
36.0667
27.55
37.7833
30.5167
35.55
34.3
52.1
36.5
31.95
32.4667
31.4833
33.5667
27.4833
41.2
30.5333
20.5167
31.45
39.1833
29.9667
15.3667
40.75
21
23.15
35.7833
35.5667
22.15
24
9.76667
26.15
30.4
20.7333
27.7167
28.3167
23.3667
36.2
25.75
31.25
25.3
35.0833
33.8
32.05
27.05
42.05
16.5833
35.3667
36.1833
22.05
33.9
24.25
29.9167
30.7
25.4167
31.1667
27.7167
20.5667
45.4
43.3667
41.1667
27.8833
33.75
26.8833
25.9667
30.7167
34.1167
21.3333
37.1833
14.85
37.1333
8.45
29.0333
28.5333
9.06667
20.65
40.0167
29.65
25.5667
26.2667
31.5333
29.8667
25.5667
33.2667
24.3667
32.6833
40.25
32.6833
49.3333
32.9333
28.9333
40.95
24.0167
38.9333
21.1167
25.5833
20.85
34.65
31.3667
30.95
36.8333
24.9167
30.3667
30.7167
38.95
31.1
34.0333
47.4167
28.35
37.7667
35.4167
40.4167
27.2833
35.6333
22.5167
34.7167
26.7333
37.5833
23.7667
16.55
21.3167
26.15
24.3
21.25
33.55
36.9667
36.7333
31.1
32.5333
27.8
28.5
21.2167
47.7833
27.9333
46.0333
33.3833
31.5167
39.6667
29.55
31.2833
37.4833
25.2167
38.4167
26.0333
40.4833
40.2167
27.85
25.3667
33.6
31.2
37.0667
30.25
48.75
33.15
28.3
30.2833
37.9333
39.05
32.3167
48.1
41.4167
25.9333
40.95
43.1
22.8167
35.4667
26.4667
34.5667
31.0667
43.2167
26.85
35.6667
40.35
16.8167
31.8833
26.0667
25.9667
28.75
25.95
33.0167
37.6833
31.6667
32.3
24.0833
17.7167
27.05
30.05
20.45
31.5833
35.1167
32.5333
41.1833
8.8
32.5
30.0667
45.0167
27.2167
35.8667
32.85
31.9667
27.1333
20.4333
35.7833
23.6167
40.8333
15.9167
30.9333
8.81667
15.2667
47.35
37.5
25.3667
38.1833
34.6667
21.8167
41.3333
26.7
26.85
40.3333
29.6167
14.2667
24.9833
43.3
28.8833
15.9
35.3833
20.95
33.1667
33.1
35.3
41.6333
44.5
34.0667
29.4833
25.7833
19.7333
28.15
28.6167
41.0333
34.4167
21.4667
20.8
30.1333
26.5167
30.5333
9.61667
31.9
35.2667
26.1667
9.48333
27.3167
33.3333
21.8
9.76667
28.3333
37.4333
20.95
32.1
36.9667
23.4667
22.25
26.7167
27.7167
40.85
31.3
30.4667
23.55
22.6333
16.1333
21.7333
35.15
26.9167
21.1667
27.6333
32.4
34.6167
41.5333
37.1667
35.1667
36.8667
40.1
43.7667
25.9167
31.65
35.6
32.35
31.4667
43.6167
40.1833
45.2667
33.5167
20.0333
42.05
32.2167
28.5667
37.5667
38.2
38.1333
15.3
28.3
36.5667
28
22.3667
18.05
29.3333
20.65
35.6333
32.6833
36.0667
28.8167
37.2167
33.1167
52.6
26.7
37.5667
35.8833
34.6833
34.5167
38.4667
45.7333
44.55
33.1333
23.25
22.9333
39.0667
28.5833
36.1833
29.8
26.9833
29.3167
26.45
30.7833
33.6167
32
29.2833
36.3
26.1
43.8667
15.95
21.65
36.9333
26.4167
43.8667
29.3
28.3833
32.55
25.9167
26.2667
35.5
40.4667
26.0167
41.2
34.5667
19.15
37.6167
36.3833
32.0833
32.5333
26.5833
31.9167
26.1833
23
45.9
31.8667
27.6833
24.5667
36.4667
14.6667
17.0333
38.4167
32.7167
23.0667
32.35
39.3
27.85
21.7833
15.3167
40.7833
37.6333
34.8333
20.9167
9.06667
14.7833
30.8833
17.6167
31.85
26.0167
25.7333
38.1833
31.5333
28.1833
15.9833
26.8333
25.2667
32.1167
16.4333
35.6833
27.35
33.1167
28.1333
27.8167
36.4833
18.25
27.55
9.25
21.0333
32.6
30.6667
38.2
26.4167
55.4167
33.1167
31.6667
28.4
35.2167
23.7833
36.1667
30.1833
27.1167
27.3667
21.8167
21.7167
32.7167
30.0667
28.2667
28.15
35
42.75
28.5167
42.9
22.1667
22.2833
20.85
39.8
37.5
47.4333
8.6
31.65
35.4333
39.2333
29.15
37.5833
8.1
36.5333
40.4667
34.85
32.9833
40.7
41.5
27.6833
23.6833
26.3833
32.7667
29.85
35.5
27.2167
34.05
30.25
34.3
26.5167
38.9333
27.6167
29.1167
42.0833
21.0667
38.7833
39.25
26.4167
51.5167
36.6833
35.7667
46.3667
27.2833
41.6167
39.6333
25.2167
33.4
25.8
31.85
31.4
38.8
42.5167
36.1
27.2333
38.1333
37.0167
30
27.9333
39.4
23.9
36.5167
41.5
37.5167
42.6667
34.9667
42.8167
31.75
27.2833
49.6833
45.0667
20.3167
34.1
29.8333
32.65
20.9333
22.15
37.05
42.1333
29.8
27.7167
34.85
39.8833
34.1333
33.7
32.3
30.7833
42.4667
36.5167
28.5667
16.3167
40.95
31.5333
34.7333
40.7833
24.8333
34.9
34.4167
30.4833
29.9167
26.6667
32.6167
24.9
24.1833
31.8167
44.55
26.8667
20.85
34.8667
32.5167
39.3667
30.6167
22.7
24.5667
30.5667
26.5667
20.1333
24.9333
15.4667
30.4667
26.7
32.65
32.5333
39.0833
41.0667
37.1
26.55
38.4833
26.25
26.7833
33.2333
21.5
35.3667
32.65
33.9833
31.9833
26.3167
34.35
21.1
29.2333
28.95
41.3833
27.8167
32.25
32.1167
38.15
44.0333
38.9167
16.9333
47.9667
40.45
32.8833
13.65
20.6167
19.95
38.8333
31.8333
44.5167
21.6833
31.65
27.3333
21.7333
30.4167
36.8833
19.4
30.0667
17.2167
26.5833
26.8667
26.8
40.15
22.2833
38.4167
31.35
33.55
23.1
54.2333
30.3833
36.25
35.2333
25.8833
31.5333
37.0333
28.1333
38.2333
37.2167
17.3
26.5
36.65
47.45
34.4
31.85
39.2833
34.05
25.5
31.65
14.9667
41.9833
22.0667
34.2833
32.8
23.5333
22.5833
30.35
30.9833
36.0833
34.9
21.35
33.0167
25.15
28.1333
32.5833
40.5833
21.2
15.5
23.1667
48.3833
34.4667
24.55
20.9167
28.2667
30.3
43.9
25.7833
36.2667
26.3833
37.7667
26.5167
43.45
25.6667
26.8
45.85
27.8667
40.8333
29.75
40.8167
28.8167
23.4667
29.2167
35.8833
37.6833
21.65
37.2833
21.9833
21.1
35.1667
43.8833
34.0333
35.6667
43.8
39.9167
42.3667
32.8833
33.8
37.5833
42.7667
37.1833
33.2833
40.0833
22.65
26.3167
21.0667
34.1
34.4833
31.8833
21.5167
32.1
33.8833
30.4333
26.3
25.45
18.45
21.1667
31.8833
30.15
15.5
38.3333
22.6
25.7833
31.5167
30.6333
32.4167
27.5
27.3333
39.2
41.9167
35.0167
30.2167
31.2667
27.7167
30.9333
50.2
30.7167
31.95
27.4333
31.55
25.5833
29.4333
24.5667
41
24.6
35.0833
35.6833
19.4667
35
29.1333
34.8833
21.7833
35.7833
31.7667
40.9
26.25
41.0667
30.7167
38.8
36.4
28.5667
33.5
42.2
28.6667
38.7333
26.2167
28.6667
17.1667
41.6167
40.1167
32.9667
39.9667
28.4333
40.75
19.85
32.7833
21.6833
34.2833
33.7
22.15
34.25
36.2667
26
26.6333
39.4333
44.2
35.4833
35.45
15.6833
32.4333
27.9333
39.8667
36.75
30.6167
30.7833
31.0167
23.3667
21.1167
33.6667
33.05
35.3333
27.9333
30.8
25.5
28.65
38.8833
21.4
22.5667
44.25
37.6667
39.15
31.8667
20.55
27.7167
20.2333
19.9333
36.7167
20.3833
21.7167
26.7
33.9167
24.9667
46
28.6
23.8333
31.8833
26.6833
34.8
45.4667
28.5833
33.6167
36.2833
21.4333
15.6
21.7667
35.9
40.15
38.8667
30.8
32.9667
33.6167
28.0667
31.8
21.45
32.3833
25.8
37.7833
47.65
37.2833
28.5667
33.2333
41.9667
31.8833
41.0167
34.6
26.0167
38.9833
9.01667
31.7333
24.85
40.5167
43.8333
44.1
28.5833
27.0833
28.5333
36.6833
21.8
16.5333
41.3833
35.2167
39.3
28.5333
30
26.7833
27.4167
22
37.5
34.75
23.1
30.1333
42.8667
17.2833
31.6167
21.6833
16.75
38.3667
31.7
30.4833
26.8667
30.2167
20.35
36.9
26.8
31.4833
26.0167
31.2333
26.9833
29.5333
26.9
39.8333
25.55
29.0333
14.2333
26.15
23.3833
30.4167
38.3667
34.8333
40.95
40.5667
33.5
24.8833
38
38.15
27.0667
39.95
26.65
26.65
27.4667
23.5833
43.9833
35.95
35.6833
8.33333
20.8
29.9167
33.0333
40.4
29.0167
21.4833
15.7167
23
40.25
31.7333
30.9167
33.4667
32.6167
25.6667
22.5167
22.3833
31.6667
18.15
30.7
34.4167
14.5833
38.6667
40.3
38.0333
28.65
31.8
21.1167
30.8
34.5167
24
31.4
45.4
25.0667
32.4
29.1167
31.65
29.8833
34.2167
39.55
30.8833
33.3833
31.0167
27.2667
24.95
30.25
31.3333
33.7667
29.4833
28.35
22.0333
32.7333
32.85
24.95
37.4667
30.9167
17.4667
45.6333
34.65
29.8667
31.7833
17.6333
36.8
23.0167
26.6333
38.25
31.5
32.5667
25.6167
34.7833
21.7667
38.4
27.7
31.9
37.25
9.55
37.9667
32
26.6167
33.0333
22.3833
17.5333
41.8
36.55
21.9667
26.9333
19.7833
21.4333
23.8333
43.5
38.1833
40.6667
27.1333
33.3167
28.1
25.3667
29.8
36.7
22.5333
34.0167
28.3167
44.2
20.75
40.4833
44.4833
26.2333
30.7833
36.0667
26.2333
49.2167
29.0167
42.7167
34.6333
36.0333
35.05
35.7333
17.6333
26.5667
40.2667
39.7
23.65
35.7167
23.1833
17.7333
26.2333
27.7667
25.9333
33.3
30.2667
31.7333
39.2
49.2
35.6167
37.6333
26.2333
26.0333
27.2833
35.6167
31.2
43.5333
29.1833
48.2
37.2
30.3
23.45
31.35
22.4333
39.1
16.2833
39.8333
22.4
24.0667
32.0167
41.7667
32.2333
29.75
37.2333
39.15
31.6
15.7667
21.2333
21.9167
18.2333
15.35
25.6
28.4333
34.65
48.55
31.7333
28.4167
49.0833
42.85
32.5167
19.1
33.4
34.5833
34.9333
46.5667
36.3
27.3833
46.1333
22.45
32.9833
25.2
33.1833
21.3667
14.9667
35.1667
55.3667
48.6167
37.8
33.3333
16.9833
27.2167
27.0333
27.2333
16.8667
37.1167
34.7667
35.1
40.9167
24.8
16.3333
31.4167
39.1833
26.2
39.45
34.4667
34.2333
32.8833
15.4667
26.0667
18.2167
39.75
34.6833
31.7167
25.8833
21.2333
43
46.75
34.8167
15.6333
18.9833
34.3167
34.1667
38.8167
35.25
45.3833
35.8333
33.7833
31.9833
17.05
23.1167
34.1667
23.1
25.15
30.05
26
26.8
47.25
20.2667
42.2833
33.0667
24.2833
37.1667
30.65
36.7
38.1
26.9667
42.6833
30.45
16.7
26.5833
46.1833
31.0333
27.9333
15.0333
32.8667
31.2833
40.25
30.95
22.7667
36.1
31.4
28.2333
31.8833
13.9667
29.6667
19.4833
18.6667
45.1333
28.85
25.9167
32.4333
25.2833
34.1
22.95
32.4167
40.5667
35.45
22.0333
26.2
31.8667
35.4
40.5333
35.7333
24.9833
34.5833
29.95
39.25
27.9
15.3167
25.8333
46.35
37.1833
29.95
35.1333
41.4
33.55
21.2333
39.55
27.2167
16.65
25.3667
39.6333
39.55
33.35
41.3333
42.15
29.3833
39.3333
15.5
20.5
26.2333
25.85
36.1333
51.8667
46.5667
44.9667
22.0833
26.3833
34.7667
40.35
24.85
31.5833
26.6833
22.15
38.4333
26.9333
39.55
34.7333
10.6667
36.4
31.0167
33.3667
26.2667
35.7667
25.1333
34.4833
31.3333
47.0333
43.3167
30.8
33.2833
40.0667
11.1833
34.35
19.3667
25.6667
29.0167
23.0333
33.5667
35.5333
9.98333
41
40.0667
35.45
25.2
32.9
26.4167
31.8
33.45
38.0167
37.0833
34.35
36.6833
35.25
31.3167
25.8167
30.1333
30.35
35.8
31.15
20.25
40.3167
46.1
27.3667
21.5
36.0667
29.4333
31.8667
29.8833
32.35
25.0667
33.8
30.85
25.9333
24.8333
35.9
25.9167
31.6667
29.3167
28.25
48.0167
41.0333
20.8
36.2667
39.9833
26.4833
26.6833
31.1167
34.95
31.5333
26.6167
33.95
34.0167
44.6667
29.35
32.3167
30.5333
30.8167
50.55
31.5833
29.3167
37.45
25.8833
26.4833
32.85
26.2833
43.0667
31.75
40.8333
32.15
35.2
27.8167
49.1
37.95
39.25
34.55
24.1167
36.7
34.9333
21.2167
29.95
22.9833
28.9833
36.25
25.45
32.2333
23.8333
25.2
35.0833
28.85
37.4667
26.35
33.2667
39.2
15.1
15.6833
27.35
33.2
26.45
25.3333
30.55
33.55
28.2
24.8833
26.35
19.6833
26.6
27.7667
25.1
33.8833
23.95
24.2167
41.4333
29.4
40.5333
33.6333
35.3333
35.7
42.4667
27.8833
35.3167
20.6
23.6167
36.6667
27.8
41.5167
30.45
20.1333
32.8333
30.3333
25.5833
22.9833
29.2333
30.5833
30.4
25.5167
32.5
30.0333
19.4333
29.5167
26.15
34.3167
14.9333
28.3667
35.05
25.85
44.3667
32.9667
16.1
42.1333
36.95
26.0167
44.1833
27.0333
32.7
22.9
29.3833
34.15
27.9333
16.6833
37.3167
40.85
28.65
33.1333
26.5
25.05
21.4167
35.4667
26.2833
20.1667
34.4833
49.9167
48.8167
34.4167
25.6333
39.1333
39.9833
25.5
23.0333
36.8833
37.1167
21.1833
25.7167
26
23.8
24.9333
29.15
51.1667
27.4333
31.3333
30.5167
39.9167
36.4
36.05
22.1667
22.4333
33.5833
21.5833
23.7
35.8
37.7
39.7
27.65
44.85
27.1833
23.3667
26.8
42.45
40.55
26.05
39.0833
39.45
29.3167
38.1
24.9
34.6
26.7667
39.2167
34.8833
34.4833
31.35
42.7667
30.0667
27.6333
38.5833
24.1667
30.05
37.1333
9.35
22.45
42.7667
31.4333
20.2333
15.3333
33.6
27.6
23.4833
46.15
15.4667
44.6833
36.4167
35.2833
39.6167
40.7333
36.4167
39.05
43.1667
27.6
32.0333
28.3667
20.9833
21.0167
26.65
29.1667
26.6833
26.9167
29.0667
40.4
33.4833
41.6
32.9
21.25
30.4833
40.5833
29.0333
30.9833
35.0167
26.5167
22.2167
30.8833
38.0833
9.11667
26.7333
35.0333
44.2833
28.75
16.0333
42.1833
33.4333
42.6
19.3167
28.6167
26.1833
20.7
31.8667
22.7333
26.2167
43.7833
22.05
8.28333
31.3667
25.5667
33.2333
43.15
25.1833
44.2833
35.35
27.0667
26.1333
28.7333
32.2
24.55
37.4833
26.0333
20.95
25.3833
34.9333
34.7333
36.5833
29.1
29.3667
35.2333
37.1
18.1333
29.2833
42.5833
37.9833
27.4833
43.2667
36.7833
25.0167
25.05
29.3167
25.9667
37.25
29.7833
38.6
34.9667
28.1333
34.9667
21.2167
41.4333
30.9
31.0667
30.6667
29.0833
21.9333
38.1167
54.2
33.3167
43.25
26.4167
16.7
27.7333
22.9333
34.85
36.2833
28.25
36.2833
35.5333
33.2833
40.05
43.6833
20.85
31.7167
29.7667
38.7833
21.9333
32.9
30.2667
25.5167
37.1
20.3833
30.25
29.9667
30.35
35.95
26.2833
23.9167
34.8333
27.4167
21.1333
22.65
29.8667
23.2
20.2167
28.25
31.2833
32.5
35.3833
26.95
26.0667
22.15
36.5
32.6833
29.7
33.6
25.15
32.2833
36.2333
54.6167
15.2333
34.9167
33.3167
27.15
43.5
34.5667
36.4667
22.5833
35.2333
29.2333
45
26.1833
28.8833
27.3667
38.2167
50.7167
63.2
30.3167
21.5167
28.0333
9.05
32.2
34.45
34.3
15.45
26.6333
20.3667
35.3
16.45
28.9
36.2333
25.75
31.0833
26.8667
19.7333
36.5833
33.3333
16.6667
32.7667
38.0667
30.5833
42.75
43.2167
41.5333
44.5333
28.9
36.1667
19.7167
36.1667
34.1167
26.55
46.35
30.1667
34.9667
33.4667
40.25
27.3167
29.0833
26.0667
21.2667
26.6167
31.4833
29.7667
36.5667
32.75
20.6167
36.6
30.4333
25.8833
32.35
23.5667
32.3667
30.7833
31.3167
35.05
36.1167
31.95
25.3833
22.5833
10.2333
16.5667
36.9667
37.4167
29.2833
34.25
38.4167
27.2833
30.6
43.5833
23.0833
43.7167
29.9333
18.7
27.6
30.4167
39.4333
33.35
31.0167
33.4167
27.8167
27.45
41.95
21.4167
29.4667
30.4833
27.6833
28.5833
34.15
27.2667
33.15
34.0333
23.25
22.3
39.7
28.8333
23.2167
29.2667
30.7
31.65
24.8167
20.65
27.4
31
36.05
23.7167
35.0167
41.55
28.8167
21.1667
48.1167
32.7
15.7333
35.2667
22.5833
43.2667
32.25
21.5333
31.7333
38.7833
46.85
44.3667
33.4
29.2167
17.1167
29.7833
39.4833
32.7667
38.2167
31.7
22.7333
29.8167
33.9333
31.4667
26.1
34.9833
28.3167
40.1833
25.9333
36.2167
30.2667
29.65
31.7667
35.6167
36.05
24.1
41.0667
36.45
39.95
33.5
39.7667
34.9333
33.6667
14.9167
42.9333
20.75
18.3
30.3833
30.45
48.2833
36.0667
34.8167
24.1333
26.0333
33.9667
36.95
15.2833
37.2
23.8333
29.8
28.2833
19.9333
33.4
36.0667
22.0333
35.9667
36.4333
27.2833
28
31.4833
50.0833
38.5667
26.4
34.3333
27.15
25.9833
25.4
44.55
36.8333
28.6167
9.15
38.8833
41.7833
19.5
33.1
30.2
45.2833
34.3
25.6833
33.7
36.25
28.6167
37.5
27.7167
28.1
37.5333
32.1667
30.25
31.5833
20.5333
26.5333
22.8333
22.45
29.6333
31.9167
22.4167
27.95
20.05
24.7667
24.45
37.7833
32.5
36.7833
29.5667
30.9
18.9333
36.9167
21.9167
33.55
27.25
14.8833
35.05
25.35
41.4833
24.85
32.1167
38.15
30.7333
40.15
39.6833
31.6333
46.1167
28.4667
38.3667
34.5667
54.25
27.05
28.15
30.45
43.1167
28.4667
25.0833
39.4
40.4833
27
31.1833
21.1333
40.7167
33.5
33.8167
28.85
36.0167
24.5667
32.6
31.8667
29.8167
35.3667
43.3833
25.9833
20.1
33.8333
26.25
32.0333
36.35
44.35
30.4667
30.1167
30.3333
30.8
21.5
15.0333
27
27.2
31.6333
26.0167
42.2
44.2333
41.6333
34.6667
29.3
36.4667
20.0333
16.6333
27.9833
33.5833
15.05
44.1167
19.3333
22.1667
30.45
30.7
39.0833
21.7833
9.4
21.85
25.7
25.5667
22.75
19.5333
39.7667
42.6833
54.6167
28.4167
59.1833
44.5
38.7333
34.65
42.2833
34.3667
35.2833
36.7333
36.3333
29.9167
43.2667
26.4167
31.8833
26.9167
36.5
22.1
29.4167
42.1
21.4333
29.3333
36.0833
44.2667
26.2333
38.7167
31.9
41.0333
32.75
28.35
39.1167
21.7667
25.6833
46.2667
36.7333
31.5
37.5167
27.8167
31.7333
34.6667
28.2167
31.7667
33.6833
31.7333
50.55
32.0167
32.1667
29.7833
35.9
30.4
26.7667
27.15
30.95
34.1833
15.4333
26.7
34.1667
24.8833
38.55
22.7333
22.4833
31.7167
33.8167
31.7833
26.6667
34.8667
35.8833
33.7667
40.7833
23.2
29.1333
40.75
46.95
20.05
46.25
31.85
36.9333
32.6
28.2167
36.0167
37.0667
24.95
36.9833
52.7833
35.7
24.85
30.15
34.4
32.6167
18.9833
32.3833
31.9
29.1833
29.25
25.9333
24.75
30.9333
21
26.05
35.1333
25.1667
30.1833
41.5
25.4167
32.6833
22.7333
33.8833
39.2167
43.35
23.1667
26.1167
32.25
39.9167
27.6667
40.4
29.7667
25.8333
22.4833
24.5167
30.1667
36.5167
26.0667
22.3333
32.5
33.2667
9.3
25.4667
17.5667
41.6667
26.6667
36.9667
38.8667
34.85
34.45
29.7333
40.4833
32.5833
40.95
15.05
36.5833
38.0333
26.1667
38.1333
29.25
26.4167
45.2833
35.75
36.95
21.8
38.4
29.8833
20.7333
27.8
22.5833
36.45
41.45
26.7833
38.75
22.45
46.0167
35.65
16.0333
34.1833
30.1333
33.9667
26.6667
33.4833
34.8667
25.0833
26.7667
30.2167
31.1667
33.15
38.6667
17.4333
25.2167
29.2333
32.3333
42.7667
30.7167
30.9
26.5
26.1167
35.35
32.9667
34.45
21.1
44.05
28.1833
30.0833
36.35
22.7833
33.75
27.6667
29.85
34.4833
34.4167
33.1333
37.5
26.1333
26.7167
30.9833
44.8833
37.0333
46.5333
42.1
35.7333
21.2167
36.4167
45.6
37.1333
34.7833
24.4167
32.6167
49.1667
35.5333
39.9
21.45
16.25
41.7667
16.1833
34.55
24.3667
20.15
42.1667
30.65
16.0667
11.1333
26.0667
38.9833
32.9833
21.45
34.65
15.95
24.4333
33.9167
29.1
27.2833
26.3333
34.0167
40.0833
29.55
32.35
30.7833
35.4
28.7167
29.7333
25.2
17.0833
33.7
38.3833
21.7833
26.7
33.9
32.6167
22.4667
32.35
36.7333
36.4167
31.5833
21.1167
32.8167
28.7167
30.0333
37.6
30.0167
30.9167
15.8833
49.9167
49.3833
35.1167
37.3833
31.5833
25.4667
37.6333
31.6
27.25
38.65
39.1833
17.8167
35.7
19.8833
28.0833
41.8333
30.9
46.8333
36.1833
31.6
29.4167
40.7
26.1
35.1167
19.3333
24.3667
26.55
27.2833
37.2833
42.5333
35.3833
35.3833
30.1
32.4167
29.7
22.6167
33.9333
40.4
34.2
45.5
31.0667
34.05
36.8833
7.71667
22.6833
20.8167
30
27
33.9167
35.7167
39.3167
28.4833
17.2667
42.9667
24.7333
24.7167
29.5
28.85
35
28.1
43.2333
27.1167
32.8167
37.4833
27.3333
35.3833
31.8333
40.1667
37.5333
19.6667
41.9333
30.6333
29.2
27.9833
49.2167
51.3167
43.2333
29.5833
32
41.8833
29.9167
14.7
21.2
36.4167
15.1667
37.2667
22.7167
27.35
41.6833
43.3
35.2667
30.6333
26.4833
21.0167
35.6833
26.4667
28.6667
26.8333
32.7167
22.9167
28.2167
30.8167
25.7833
35.8333
35.8833
29.2167
25.2667
27.9333
36.2333
36.5667
35.5833
40.0167
14.85
26.65
32.95
39.75
30.45
25.7
33.3833
28.8
25.8833
37.0167
30.1333
26.75
37.75
39.7833
25.7667
40.4833
27.1833
19.6333
15.1
22.6
25.05
30.6
31.45
26.4167
30.3
14.9333
38.5833
41.8667
43.0333
25
52.85
37.55
26.3833
38.5167
28.2167
26.3167
29.3667
25.6833
35.5
27.8833
25.0333
32.5667
34.3167
31.4167
25
28.75
22.5
36.05
42.8167
32.2333
31.15
31.4667
28.9167
23.5333
36.7167
21.6333
33.4833
39.9
22.1667
53.35
30.85
33.0333
34.8667
31.1667
21.8
40.0167
31.3833
30.8167
35.8333
15.1833
31.1333
27.0667
40.4333
29.7
44.0167
30.5167
33.7167
20.4167
22.5333
25.1833
31.4833
20.7
27.0667
41.5167
21.8
21.8167
24.8333
41.65
37.55
33.1667
48.2333
29.1333
30.0667
25.6333
25.1333
14.1833
25.8833
41.7833
29.45
33.2833
30.9667
20.6833
24.9167
21.1167
30.9167
35.3667
34.45
26.4167
15.65
23.85
29.25
21.6
32.7167
29.3167
23.3
46.4333
32.1333
39.7167
32.4167
32.2
20.9167
28.65
33.2333
21.8167
40.3833
29.8333
46.85
26.9333
27.7667
33.3167
37.4167
25.5167
30.8833
35.0833
31.2833
49.3333
32.3167
34.5333
31.0333
35.75
35.2167
34.45
39.2
28.6667
29.3333
43.95
20.1667
26.85
31.2833
30.0667
26.3333
56.35
32.5167
30.3333
9.68333
37.1833
41.8
11.9833
28.9
35.8167
20.05
15.5667
21.45
35.05
33.9167
9.53333
41.5167
29.0833
35.0167
39.4333
22.1
30.9
24.5667
34.45
30.7667
41.2167
15.6667
42.8167
41.4167
30.05
31.0167
28.85
37.0833
37.05
27.0333
39.7167
43.45
37.4167
20.5167
21.8833
24.3333
26.3167
32.7333
38.9167
34.5833
15.0833
30.55
26.2
29.2333
30.9333
40.4667
23.4167
34.5333
31.5167
18.3
47.05
20.6333
25.5
20.7
22.9667
41.65
33.1
34.0333
40.55
44
20.1167
36.8167
16.1
16.2833
49.4333
31.5667
30.2167
26.0167
44.55
33.8667
26.0333
46.3333
42.8667
29.7
35.9833
32.2833
31.5
26.0333
45.9833
24.9167
45.3667
41.0833
15.7667
14.8
26.2167
43.7833
42.3333
17.0333
36.7333
34.2
47.8833
16.5
26.75
27.2
43.7167
28.7667
25.9667
37.0167
18.5667
36.7667
17.9333
33.6333
34.7333
25.85
30.3667
44.0833
33.5167
32.1167
24.6
25.4333
24.7
33.1333
14.6833
34.95
28.4167
40.3167
31.3833
30.5667
41.1333
19.7
32.9167
20.5
38.6167
33.5
42.3667
20.4667
36.8167
20.4833
28.3
29.8
35.8167
25.0333
30.3
30.15
108.75
38.9833
34.7667
35.5833
35.0667
34.6667
38.8167
50.15
25.8333
42.6833
24.8333
29.4333
29.6333
35.2
26.5833
32.5833
25.35
21.4
35.4
34
43.7833
28.6667
43.2167
30.2667
24.85
16.3
27.8667
32.0833
35.1333
24.5167
27.75
30.6
34.8833
38.5333
21.0667
30.15
26.8333
33.2833
40.2667
26.45
25.8333
29.9
33.3667
40.0833
29.3833
30.3667
20.2667
30.8833
33.9833
33.3167
24.5833
25.8833
15.1333
38.9
15.8167
21.3
30.6667
21.45
30.8833
28.1667
21.4667
29.1333
37.5667
24.9333
13.6333
30.0833
31.05
30.2667
31.2667
38.9333
25.8333
19.95
40.0667
30.55
38.1667
29.4333
33.6333
28.4167
24.2667
30.0667
24.1667
31.1167
27.45
22.35
32.8833
16.8833
24.1
26.6333
45.5667
27.4167
35.5167
31.6667
14.8167
43.5333
18.6333
34.5667
32.9333
29.8167
25.8167
43.7333
24.2167
14.7667
41.6333
31.85
31.3667
31.1333
36.6833
37.1667
34.55
30.0167
21.05
16.9333
34.8
14.4833
42.9333
34.95
26.95
18.9
34.6333
28.9167
20.35
45.2167
22.6167
26.1333
29.6667
42.2833
25.0667
32.1667
23.7667
24.4833
26.6
30.2
29.0667
38.4
23.75
36.7833
24.7333
29.3167
26.0333
30.9667
45.1667
33.1667
38.4333
26.25
25.8
28.4667
39.3833
20.1
19.6833
35.85
37.1833
28.2667
18.9333
26.0333
33.9
20.3667
26.8333
49.2
37.8667
35.35
35.3667
31.5333
26.4333
31.7667
23.45
25.8
32.8333
30.6167
34.9333
32.6333
24.15
20.6
29.4667
22.6667
29.1
32.9833
23.0667
31.3
45.9167
28.8667
35.3667
29.9167
27.25
36.65
21.8167
23.75
27.2833
41.8833
40.1
36.7167
9.58333
36.1833
39.4833
36.6833
30
24.3167
29.5333
59.45
16.45
35.35
28.5333
42.2667
31.8167
31.95
26.25
34.9333
41.4833
31.8833
29.4
29.6167
34.5833
37.15
38.5167
31.7667
44.1667
37.25
25.7833
39.2667
21.7833
26.1
34.95
33.8
33.55
25.75
30.75
21.5833
20.25
25.2667
28.0833
29.5
23.0167
36.1
28.3167
20.6833
25.2
33.8667
23.2833
21.7667
42.4667
34.0833
37.9167
33.6833
32.8167
30.8167
13.7
18.9
30.8
25.9667
33.7667
29.9167
45.4667
29.0167
46.1667
31.5167
22.4
20.0833
34.1333
17.8167
38.0333
40.5667
18.0833
25.2
44.1333
48.6667
37.8167
40.55
25.7
37.6333
21.75
26.5333
25.7
21.1
23.6667
26.5333
29.5167
32.7667
26.6833
30.7333
37.9667
35.2833
33.4833
32.5833
35.2
28.4
21.1333
50.0333
27.15
27.9
30.7333
27.4
17.6333
34.5333
35.55
26.0333
33.4667
47.45
28.8333
30.1333
31.1167
34.8333
42.65
29.6833
38.9667
34.7333
18.6167
30.9333
30.6833
36.1
21.3333
40.4833
46.55
21.4
32.65
37.95
30.3333
35.9833
41.1167
32.9167
25.65
36.4167
16.3167
42.1167
40.7167
37.55
28.5333
42.1833
44.4
27.15
32.8167
27.1
35.4667
41.95
15.2
21.4333
37.8333
39.0333
36
21
23.1833
38.1833
26.7
30.8833
29.8
28.5833
32.45
32.2
37.4
25.8833
35.7833
46.8833
15.4333
14.4833
14.3167
24.3167
26.0333
25.8833
27.9
35.7
42.2333
24.9333
30.1167
31.4
36.65
30.6167
23.75
40.9833
28.2167
36.85
36.5
35.3167
20.2833
27.3833
26.9
31
20.7833
40.05
39.65
31.5167
32.7333
27.9
22.0333
33.1167
40.2167
16.8833
25.55
33.4833
27.2
35.2833
33.1833
26.1333
44.4667
32
21.6167
20.7167
40.6167
25.65
34.4333
27.7667
33.1667
26.2
35.5167
21.7667
40.7667
29.5333
38.95
19.5667
27.8667
37.9
21.6167
29.3167
30.95
28.05
39.7333
31.8167
40.0667
34.9667
34.6
20.6833
25.4833
30.5333
20.1333
31.9333
30.75
9.31667
33.0833
32.6667
40.1667
24.0833
23.3833
48.9167
45.0833
35.6333
40.5667
34.6
48.75
25.9333
22.5833
36.3833
32.8333
23.3833
25.9833
39.0167
32.4
36.75
32.65
26.3
30.9667
24.8
35.75
34.3
38.35
20.5333
23.1
29.0667
46.3667
35.3833
23.5833
34.3667
20.8333
28
26.3
22.6833
38.5833
31.9333
37.6167
22.3167
33.7833
34.5667
33.05
29.5833
36.9333
37.2167
35.0667
26.3167
25.95
39.7667
23.9
26.6167
45.1833
32.0833
24.7833
29.65
33.2333
25.4
30.7167
42.8667
39.7833
35.5333
31.0667
36.5667
29.3333
29.7667
32.1833
29.9667
28.55
22.4333
35.1333
29.1833
34.8333
29.1333
25.5333
19.65
28.9333
23.05
25.3833
27.4833
26.2833
46.3833
38.2
38.1167
30.5167
42.3667
37.1333
30.6833
30.85
26.5667
22.05
26.7667
38.0667
30.4
37.1333
29.7667
20.7833
29.4167
34.3333
34.1833
24.35
25.35
26.8333
21.9667
24.6
29.3667
20.8667
29.05
34.7167
33.3833
36.7167
30.5
25.3333
47.05
34.4167
32.5
17.1
23.3833
27.9667
29.9167
36.5333
36.1667
29.5833
31.6833
44.5667
25.35
33.5
20.5
34.75
39.9
37.8833
38.0167
46.4333
26.9333
30.35
27.2167
33.45
25.5167
41.0833
30.95
39
33.6167
29.6833
29.5667
21.95
32.85
48.6333
29.95
33.7833
14.9833
35.1833
35.3167
37.6
24.4667
19.5833
46.3833
25.7667
34
37.1667
42.55
26
32.2667
30.3
30.2833
37.65
31.6667
30.5
40.5333
42.6667
40.6833
34.0833
33.6333
19.5833
52.7833
26.9167
19.2667
39.4833
34.7667
21.3
40.6
26.9
35.9167
29.3833
25.4833
30.5333
27.0333
37.1833
34
43.55
35.35
30.8667
30.4167
30.2167
22.3833
36.8833
36.25
26.8833
19.3167
34.5167
32.95
28.1833
30.9
29.15
38.6
33.5167
25.5667
23.4
42.25
34.15
38.1333
32.9667
46.1167
29.3
34.5167
27.7333
37.2333
38.45
33.9833
36.0833
37.15
31.8
29.55
30.7
26.5667
50.3833
35.6833
37.45
19.4333
27.9
29
30.5
40.6667
37.5
34.5333
25.6333
32.8167
28.3167
14.2
33.2333
25.15
29.5167
37.4833
23.9333
29.4167
30.45
27.2667
28.4167
15.8667
26.85
25.6833
14.1167
9.05
39.05
26.65
34.5333
29.2833
38.5833
36.1167
37.5833
28.5833
29.9667
30.1667
20.3167
24.05
37.85
22.8333
17.8333
8.25
33.3
25.9333
39.75
22
42.6833
27.9833
16.8167
21.3333
21.6
30.9833
26.9833
30.8833
34.8833
16.8333
34.0167
30.55
17.25
35.55
24.55
36.1333
20
21.0833
27
35.3333
39.25
35.8833
14.1833
42.7333
14.4333
35.85
35.0333
51.7667
23.15
31.9333
29.1167
35.0667
40.1333
25.25
36.1167
16.8667
43.2833
24.35
35.5167
25.0667
29.4167
31.4833
20.2333
35.1
29.8167
26.0667
31.8833
29.1333
16.05
25.5667
40.8
25.9333
29.3833
25.9
21.6333
38.7667
29.8667
50.5
14.7667
26.3333
29.3667
46.8667
33.1833
14.7167
39.7167
47.95
30.6
36.9
25.0833
35.1667
30.7
37.95
35.9833
33.0167
46.9333
31.2167
25.4833
21.4833
23.8
31.6667
25.05
23.9833
21.0333
30.0333
20.3667
41.4333
46.3
25.7333
37.6667
20.6333
25.4833
38.25
29.3
31.0333
25.4
20.9667
20.5833
26.4667
31.1167
18.4667
28.8833
25.75
25.6667
36.8833
24.9833
38.2
32.6
35.8
28.7
39.6833
21.5333
26.7333
37.4
27.25
31.5667
21.2667
30.1833
37.1167
34.2833
25.8333
36.6833
28.2167
29.9167
15.4333
33
32.4167
20.4167
38.1833
27.3167
27.6167
29.5167
37.4
24.9167
21.7667
45.35
51.4
26.7
23.5167
26.7167
26.4333
39.3667
21.1833
9.7
29.6667
24.4167
44.2667
29.35
28.7
15.9
19.1667
26.4
28.8667
20.1167
20.7167
28.4
22.0333
43.15
25.4167
23.9
43.2833
33.7667
27.6667
31.55
41.95
28.2
24.85
38.65
30.8833
35.4833
29.8833
17.5667
26.3333
37.6833
21.3667
24.3167
33.65
24.8333
15.7
26.3167
21.55
33.9667
23.1833
18.4833
35.6167
21.2667
33.2667
30.6667
30.2167
22.9
34.95
16.0667
37.8833
8.7
15.4667
43.1167
38.85
46.0167
24.8333
32.7833
19.9167
19.9833
40.3167
41.5167
34.4
30.4333
25.25
33.6167
18.6167
32.4333
35.9667
38.3
19.6333
27.2667
42.7333
28.2667
16.2333
39.2
28.1333
40.8833
28.9333
26.9667
27.3167
27.6667
14.85
36.2833
24.2833
31.35
29.7167
20.7167
34.45
39.7667
36.1667
20.1
34.75
33.8
23.8
24.75
35.4167
29.0167
20.2333
26.35
27.0667
20.2667
37.95
29.15
37.8167
33.95
28.0667
34.1667
25.0333
16.2833
30.1167
37.7667
27.55
20.7
33.1833
18.4667
31.4
30.3667
47.5667
22.3167
28.0833
34.1667
25.9167
34.45
21.0667
31.6833
32.6
32.7667
37.8333
29.2333
30.85
32.5167
24.05
58.3667
48.5
35.6167
23.3667
24.2167
28.8667
30.7167
19.9
35.6833
26.0167
39.8833
21.1833
24.8667
20.4333
33.8667
35.4
41.7667
29.2667
21.1667
30.6333
29.9667
28.4667
14.2167
33.9
28.5833
34.4167
16.0667
33.4667
29.7167
26.15
36.75
30.0833
33.4667
23.8167
9.63333
27.65
31.8667
46.4833
29.9833
26.0833
23.45
49.25
14.95
30.15
25.45
14.8
16.1833
34.8833
29.2333
27.75
39.7333
40.7
20.1833
26.3
41.0667
41.2333
10
40.7333
41.9667
45.9
24.6667
33.9
21.35
32.15
27.75
25.2167
25.0667
15.2333
28.8667
31.9667
19.9667
42.4333
24.9667
24.6
24.9
22.15
45.5667
35.15
25.2333
32.3167
32.25
26.4333
26.0833
25.6833
25.7667
20.1333
28.7167
26.15
23.8833
25.0333
30.6333
32.5667
32.7
43.0833
29.8
37.2833
26.15
27.8167
26.5333
46.05
29.0667
36.75
19.8167
37.2
20.2167
30.0667
35.9667
19.4167
30.2333
23.5333
19.75
15.4167
33.3333
24.5333
33.9667
31.9
39.5833
47.5167
40.6833
28.55
25.2
36.7667
27.2333
32.8833
28.8
35.6167
29.55
34.7667
23.5667
15.3167
34
24.8667
29.1
29.9167
8.08333
35.2167
37.1833
28.95
26.4667
23.6833
19.7667
38.0333
29.8667
27.3333
27.1333
24.5167
15.95
28.4167
24.8333
20.6
45.9
40
22.35
25.4167
27.9167
32.5333
34.5333
25.95
26.9667
25.3667
39.55
21.65
27.6167
27.6333
36.5667
41.8167
40.95
30.9
8.18333
24.5833
25.5167
40.3167
15.0833
37.0167
24.4333
16.8
38.55
43.9
44.7667
22.2333
27.7333
44.0667
38.0167
40.6167
35.2667
24.4333
31.8833
34.1
25.05
30.3667
27.2333
39.6333
20.05
32.0667
25.9333
27.9333
25.5167
20.3333
26.6667
34.0833
16.3833
29.8333
18.45
29.6
25.2833
38.35
21.6667
16.0667
31.5833
51.5
30.9167
43.2667
38.2667
24.3667
34.9667
52.1833
21.55
33.9667
19.7167
29.4
32.6
33.25
34.1667
35.9167
19.7667
21.5833
38.2167
34.5
35.65
34.7167
29.65
37.2833
22.6667
40.95
29.9333
27.55
20.3
33.15
29.6
24.35
22.8167
11.0833
26.0667
27.3833
24.8
28.0167
28.4333
38.1333
34.6167
27.3167
34.4667
43.2
32.2833
34.75
36.6667
35.9167
32.6167
39.1667
34.4167
30.1167
26.5667
8.95
37.6
31.2667
25.7667
17.05
33.1667
28.05
38.55
26.7
32.15
32.45
20.8
29.2667
29.65
20.4
35.4167
16.65
31.6167
40.2333
24.5667
22.6167
28.75
28.8833
30.1
24.4167
23.15
25.75
29.55
31.3833
19.1333
24.6667
28.0333
14.5167
30.0667
21.9167
28.7333
42.6667
20.2333
29.2833
51.6167
31.35
25.3667
32.5833
41.75
32.0667
36.2167
15.2667
13.0833
26.5
26.8667
15.0167
10.2667
34.5333
19.6
28.7833
20.65
31.9167
32.25
25.25
45.15
21.6333
19.5833
21.5167
35.3
30.2667
15.0667
25.8167
43.6333
42.1333
25.3333
36.6
15.55
29.6333
34.9
44.3333
36.0833
29.6333
38.5167
20.2833
36.0667
39.0667
32.9833
30.8333
41.6
33.35
21.8
38.95
30.6333
42.3
13
31.6833
31.2667
25.0667
38.2167
28.3
24.1833
27.7167
42.4667
23.7167
29.3
45.8167
30.4833
18.8333
29.25
32.1
19.8
37.7833
32.9833
24.2167
15.9333
41.4167
37.1167
34.7167
33.4
31
30.1167
30.85
30.7667
21.3333
25.0667
24.1667
8.95
29.9
35.1833
21.3
33.5333
29.15
30.5667
22.85
27.15
37.9
37.05
24.1333
41.3833
21.6833
29.5167
42.35
28.2833
31.0167
30.4333
27.8167
29.1833
25.6
33.8667
34.9833
31.2
29.4
19.95
19.1833
20.0833
22.9167
42.3
35.3333
33.0167
37.6167
15.15
48.3333
24.8
20.1833
19.8333
21.1333
37.7
19.3833
20.15
24.0667
37.1667
37.8333
39.7667
8.9
19.5833
25.7
38.5
26.6167
44.1833
26.5
25.7667
22.25
16.9167
24.7333
55.75
35.2
19.3833
20.55
44.5
31.3833
35.8667
26.85
33.4167
22
29.8167
38.9333
41.8333
24.1167
35.5
28.2667
21.9
38.9333
30.7
19.6333
32.5167
28.0167
37.8667
30.8667
16.4167
33.95
31.9333
31.5667
15.2167
47.3333
46.2667
39.2833
24.6667
20.0833
32.2333
28.3667
35.3
25.4833
34.2833
41.5333
28.9833
32.3667
19.2
27.0833
28.4
24.3833
39.0667
36.7833
27.9667
23.05
46.8333
23.2667
33.9
29.8333
31.3333
27.9167
31.2167
52.15
30.4833
23.95
40
27.4333
37
31.6
19.9167
30.1333
46.35
37.3667
20.2167
33
16.3833
17.4667
29.3667
26.2167
34.6333
37.6667
16.3833
30.5333
28.3
32
21.3833
27.8333
49.35
26.6167
31.5333
28.4333
32.8
31.9
43.1167
20.6
22.9333
30.1
25.9667
29.9
38.6167
30.5333
31.2833
20.25
22.25
19.9167
34.8
36.7667
41.2
28.9
21.9167
39.9833
24.35
28.5833
8.8
22.5167
36.1667
28.5667
28.9167
22.3667
41.8
31.4167
32.4
20
26.9
26.0333
21.2833
23.4333
32.9667
26.8833
21.9
36.8333
33.6167
16
37.9833
35.1833
23.85
31.1167
40.75
19.85
21.0167
35.9167
28.4167
29.5667
20.5833
16.3
22.75
33.5333
29.05
31.0333
28.9167
20.7333
21.0167
28.4
28.85
40.5
37.4667
28.85
41.3
34.8
29.25
30.2833
18.9667
33.2833
24.8167
28.25
40.3
18.9833
33.85
34.3167
37.45
26.0667
27.4
34.45
38.6333
30.0167
38.4833
27.1333
27.6333
31.2167
38.6167
25.9333
17.7333
33.3833
30.0167
28.15
27.7
44.2
27.8167
47.0667
25.35
28.8
31.4
37.2667
24.3667
24.55
25.25
39.1167
32.1833
31.1333
26.35
36.45
45.8333
30.0833
25.2667
37.4833
39.1
34.2833
24.2833
29.1
42.2
27.45
17.2667
33.0667
43
29.6833
32.55
24.95
42.0333
31.8333
30.1
14
29.0667
19.1333
31.45
45.1667
37.5833
38.4
32.5
35.15
20.65
40.7
14.3
32.5
9.5
21.95
34.2667
30
23.7
28.5833
7.61667
22.4667
25.1667
28.8833
27.3833
26.3167
33.95
31.3333
34.8167
32.8667
33.9833
28.7167
30.1167
23.7333
20.7667
29.55
32.0667
25.2667
21.2667
27.7667
35.5667
25.65
34.7833
28.25
32.5333
17.9667
31.9
33.3333
35.6667
25.1833
25.1667
23.6667
44.1333
32.4667
30.7333
42.5833
28.7
29.7833
32.4333
23.65
28.0667
34.45
29.3167
20.7333
102.95
34.4833
16.0833
25.1167
34.5667
39.4833
33.9333
27.75
34.1667
25.1167
43.8
37.2667
19.5333
36.25
29.05
35.5833
40.2833
33.2667
42.5333
37.9167
23.7
35.1167
27.9
27.7333
34.35
33.4333
9.03333
37.7333
31.0333
25.05
30.15
34.3833
20.2667
24.6
18.8833
33.55
32.4
21.3333
33.4333
33.85
32.3833
23.1333
34.5833
38.3167
18.2667
24.1333
32.0333
34.7833
16.3167
24.7
20.7167
26.8333
45.6
26.75
8.1
38.7333
42.8167
28.5833
20.9333
41.0333
22.0833
23.9833
17.7167
50.15
31.9
20.7333
39.1833
27.5167
29.0167
32.35
10.4833
32.35
34.5167
31.1
32.0667
14.2
33.5333
33.85
15.6667
31.1833
38.8833
20.2167
42.6333
39.2333
26.8833
27.05
27.65
19.2333
31.7667
18.75
32.3333
29.6667
31.7333
19.15
28.7
16.8667
44.95
24.0833
28.5333
40.2333
22.3333
14.1167
36.7
20.15
31.0833
29.8333
42.4333
33.6333
26.9167
35.9333
24.5333
18.8833
18.3833
38.8333
34.3
34.85
28.1167
36.7667
33.6167
19.9667
32.4
28.45
13.9667
16.6333
21.1833
32.3833
27.6667
19.3167
30.6833
29.1833
30.0667
20.4167
23.25
36.35
24.8667
21.8333
37.2
36.1167
41.2333
47.8333
34.1333
35.6333
20.15
33.4333
35.0167
33.8667
16.35
33.9333
29.7333
20.2667
22
28.7333
37.8667
26.1
21.3667
27.6667
31.35
35.2667
9.28333
25.5833
36.5
31.05
24.0667
38.7667
15.8167
35.2167
26.6833
28.4
28.7333
33.1833
29.3
19.7333
26.9167
38.8667
32.7167
19.8167
25.2
31.1333
32.5167
44.8167
52.4
47.25
27.0667
31.6
28.4833
24.1
24.3667
22.8167
33.9
8.7
31.0833
24.0833
27.1167
32.4167
20.8833
21.05
27.5
37.3167
76.3333
23.6833
32.7667
15.1667
38.5167
29.8833
25.0833
38.4667
34.5
21.25
39.3
22.6833
37.8167
26.05
37.3667
25
20.2
24.8333
23.7667
19.6167
37.45
36.5667
26.7333
28.0667
29.4833
27.1333
35.5667
25.8167
27.4333
18.4667
34.65
30.6833
30.0333
27.6333
26.2167
34.55
31.1667
21.2333
34.4833
18.3667
20.9667
15.6333
36.3
31.5333
31.0833
33.25
23.2833
43.1833
25.6833
45.0333
31.6167
15.6833
33.7167
41.7333
28.2667
25.3833
27.6
31.05
25.9667
34.65
20.0167
23.5167
23.5167
24.7333
37.5667
35.0667
23.7333
20.8167
29.0667
33.3333
27.85
29.9667
37.8
29.65
38.7667
29.05
29.5167
24.1667
24.2167
17.4833
44.2
34.2167
23.9
27.4667
34.25
24.8167
29.1833
25.9167
19.7833
19.8667
24.6833
21.0667
24.7333
28.8833
27.8667
23.2333
34.3167
29.4667
24.7
25.8833
31.1833
37.75
20.2833
54.2333
24.0833
21.85
36.8
19.8167
38.9667
19.1
27
33.5667
28.7333
40.6333
19.1333
36.45
17.2333
17.35
18.8667
16.4333
36.7667
35.3667
34.35
29.7
26.65
23.6
20.1167
28.05
35.6167
30
23.7333
20.55
24.0833
29.9333
24.3
32.7833
23.1667
21.2667
36.8667
38.8833
29.3667
37.4
29.4333
27.2167
38.4
26.4667
32.7333
24.7667
41.9333
30.1
23.6833
31.9667
29.15
19.5667
34.6667
25.5167
23.5
35.25
29.1333
21.1167
46.9167
34.2
27.25
23.9333
15.2667
19.6
28.3167
37.6
41.5833
41.9333
15.5
34.6
32
32.9167
38.45
28.7667
27.0333
29.75
23.1333
20.0833
24.2167
14.7833
36.4333
25.2833
33.95
21.9333
38.3667
23.4167
25.1167
14.35
31.3333
39.9167
37.8167
20.0333
31.25
44.75
32.2833
31.3667
23.1
44.4333
39.0667
50.0333
40.65
25.35
22.35
39.1833
23.0833
25.5667
23.5333
42.8333
26.5333
35.3333
36.5
25.9833
28.2833
33.5667
20.9
23.0833
25.3
20.2833
13.9667
8.9
23.6333
33.0167
39.1667
30.1833
28.7667
10.3167
15.1167
46.8167
25.8667
51.8333
26.5667
20
14.6833
27.5667
36.4667
24.4333
35.4667
47.2
29.9667
38.4167
9.38333
18.5833
34.0167
19.5167
32.25
28.1333
27.2333
36.3667
26.6
18.3667
19.6833
21.2333
14.15
26.25
33.4833
36.5667
47.3167
29.75
25.8167
24.4833
34.7833
42.3667
32.4667
36.6833
23.6167
25.1
25.5667
31.9833
17.15
38.4
38.4333
26.0333
34.65
26.7
14.45
26.1
29.2
29.5167
24.1
44.95
20.2167
22.3
19.3333
15.7667
43.6
18.25
37.6833
19.8667
23.4333
19.2333
37.8333
18.9833
43.3833
29.7833
15.8
33.9
20.8333
39.2
30.6167
41.25
18.4167
15.1167
26.9333
30.1333
16.0833
28.05
30.7
15.4833
29.45
27.9
32.2167
38.7833
25.8333
22.1167
25.5833
14.5167
33.7167
29.2667
33.0667
27.35
21.2667
36.5833
28.35
19.6333
59.2167
19.4667
30.05
32.7833
25.3
21.7833
19.7667
31.0667
19.8833
20.05
25.5333
30.2
37.9833
30.5167
16.2
33.85
28.15
32.2167
26.1167
23.5833
27.7
37.4667
42.0167
27.9167
37.5833
30.3167
27.6667
24.3667
33.55
23.7
23.1667
35.15
27.45
27.3833
23.95
41.45
24.8333
42.6167
29.35
37.2167
39.1833
21.2
42.7167
42.5833
28.3667
20.6667
26.2833
31.6667
21.1333
33.85
27.9
30
37.7167
33.4667
20.0833
29.1833
33.7
30.25
33.9
22.8167
38.0167
28.9833
24.3167
39.75
39.7333
39.3333
30.2833
39.8833
29.4667
20.3833
30.6167
43.8833
24.75
27.85
23.85
29.8167
20.5667
36.2167
24.9833
25.45
30.9
35.1
39.6667
26.85
48.6167
35.8333
10.2
41.2833
31.6833
19.35
31.6667
26.9333
25.95
22.05
37.2
23.65
32.2667
24.85
24.5
30.15
28.65
33.3167
41.8
20.4167
34.2333
44.7167
23.3833
29.4667
23.6667
28.9833
34.95
36.5833
25.4333
34.2667
34.6167
24.8167
30.5833
37.9333
29.05
20.7
25.25
25.35
24.2333
28.0833
22.2333
24.45
32.85
14.5333
16.25
24.2333
34.1
28.2667
35.2333
33.2833
37.4
26.5
19.6667
40
29.6333
25.5
33.7833
25.7667
28.35
29.3167
26.45
15.5333
31.0167
25.3167
34.5
32.8333
36.9667
33
40.9333
30.9833
27.9
19.85
38.6333
18.1833
25.9167
37.9333
28.9
24.8167
32.9833
34.5333
20.0833
30.5
35.4167
31.5667
33.9
23.1667
19.95
26.3833
26.0167
34.5333
23.6167
42.3167
23.4333
21.9833
23.75
34.8333
40.3
15.2667
30.2167
14.6333
22.6833
21.75
38.5167
32.4333
39.5833
26.1667
28.5167
18.0167
30.3167
26.4
30.2
35.3833
21.3667
25.3333
25.7667
28.5333
24.7833
43.1833
36.6
24.1167
24.2833
38.9833
13.7
46.75
40.25
20.5
24.1167
13.5833
32
27.4
26.3833
36.9667
29.1167
31.4833
26.9833
42.85
28.95
20.5833
20.8667
25.5167
37.6167
28.8667
38.5333
35.1
23.7167
39.4833
27.6333
39.4667
40.1333
29.3333
20.0667
24.1167
24.95
20.5
30.4167
36.4
25.1167
27.2333
25.5833
26.3333
28.3
28.4
28.1333
32.3
24.2167
25.6
34.8833
26.3833
35.1833
26.6833
30.7167
29.2167
14.5167
33.4833
31.9167
29.5833
35.0167
46.8333
28.4667
15.35
32.8333
27
30.3
19.5
20.1833
40.7667
38.9667
39.1
43.0167
49.15
20.4667
29.15
39.2667
25.1333
38.9
24.0167
22.9667
29.3667
30.8833
37.6167
40.05
36.8333
28.65
30.5
35.3167
41.5
33.4167
28.5167
24
38.9333
24.9333
33.8833
24.5167
45.3
24.4833
27
19.7
31.3667
23.5
36.5833
22.5167
38.2333
35.45
20.0833
26.7
27.9
25.8833
30.5667
29.4333
38.6667
34.3
33.05
24.1667
19.3333
33.4333
15.8667
22.7667
33.5833
33.85
23.9667
36.75
28.1167
18.1167
24.1833
42.95
26.7833
21.0167
36.2833
25.5667
39.2833
26.1333
18.5167
14.9333
43.9333
31.2
31.3833
25.7333
26.2333
24.8667
30.7833
29.3833
32.9333
24.7333
38.2
43.4667
35.4833
24.7667
35.8333
27.9
22.8833
37.5167
28.0833
31.5
26.15
21.5167
41.15
20.3
42.4167
35.9667
36.7
15.15
20.0167
19.3833
36.8333
20.4667
18.5
30.8
34.0167
34.0333
23.8833
35.1167
26.0333
16
35.05
18.1
35.5167
42.5667
28.3333
29.7
28.8167
33.4333
33.2333
20.95
19.75
22.8667
25.1833
32.8167
24.95
23.8333
24.0333
29.0167
17.55
33.0333
31.8833
19.9833
28.7
19.9333
25.5167
39.6
25.3167
18.4667
32.7333
24.2333
29.7833
14.35
23.8333
26.6333
31.7333
31.1667
34.05
33.9
27.8
35.35
25.4167
21.5833
36.1
15.6833
35.8333
41.0167
33.1167
35.2833
36.25
20.8333
20.2
38.3667
26.85
33.3667
32.9333
27.4667
28.05
32.2167
21.8
28.3333
38.15
31.8167
26.15
22.3167
28.6833
14.2833
25.1
20.9
26.0167
37.5
26.8333
19.5333
29.3167
27.6167
37.8
23.5
31.5667
33.6167
38.8667
29.6167
10.6667
33.7667
37.95
17.5
23.4
31.9667
25.1833
27.7
24.5833
38.8
29.6833
22.2833
26.9833
26.3833
44.95
34.1333
30.3
40.75
34.45
23.1
30.1667
35.4167
36.3167
28.45
24.3667
22.35
34.7667
29.6167
33.8667
28.25
29.25
23.1167
21.1667
24.15
14.3167
38.0667
31.7667
27.1333
27.9833
20.8333
26.3667
24.2167
22.6833
15.2667
23.7833
33.2667
31.05
32.95
14.0667
33.0833
41.1667
23.7167
30.45
17.9833
40.7833
25.6167
42.5
23.2833
24.0167
35.4333
29.0333
34
27.3167
21.5333
22.6333
29.35
18.6333
28.7667
29.8
26.5333
9.21667
24.1667
29.2
24.6833
24.7667
23.85
20.9167
32.9333
30.5833
15.2167
34.5333
30.2667
24.8333
28.5167
19.6667
32.9833
21.15
24.1167
32.15
39.5833
26.5667
38.5333
23.2667
32.3667
32.4833
24.6667
28.25
14.45
50.2833
39.1167
20.9167
27.75
34.5167
20.3333
25.1
32.4167
27.3167
31.2833
7.7
19.2833
30.6667
28.7167
25.5
24.8
32.9167
23.2
20.1
20.1
27.7167
27.2
23.7667
23.9833
14.1
41.4333
33.5167
20.4667
27.55
31.9
29.4333
27.8667
29.2
33.2667
18.15
14.8
32.4333
26.45
35.4333
35.5
24.5333
29.8
29.9833
14.4333
37.1667
28.95
7.98333
24.2
34.1
45.7
20.2
38.1833
15.8167
43.4
37.25
21.0667
23.0833
24.9667
17.8167
34.7167
31.9
25.15
35.4833
39.1
20.8833
33.0167
24.6167
24.9333
30.85
30.8667
34.7
42.95
35.1833
20.8833
37.9667
27.1167
28
35.4333
13.95
28.0167
31.3
30.1
29.85
28.6167
28.05
38.5
13.7833
31.5167
26.05
24.3333
24.2167
23.2167
28.4833
37.1333
32.1333
26.5167
25.2667
29.5833
32.7167
32.55
33.5333
35.0167
40.85
34.3667
19.65
34.6167
31.3333
28.4667
26.5
24.4833
28.3167
22.1167
29.3833
29.9333
37.05
28.4667
29.4167
33.65
48.2667
29.9
22.0667
32.4667
21.95
34.3
31.8833
29.8333
19.9333
45.7333
13.7833
32.8833
39.9667
44.55
23.65
24.1
31.1167
16.5333
13.8
26.9833
35.1
27.9
32.15
29.4333
29.0667
28.4333
31.1333
24.2167
37.75
25.45
28.3333
27.8333
34.7
34.2667
20.6333
27.1833
29.7667
26.5
20.5833
20.1
20.55
23.6833
23.7833
28.65
45.4
32
19.8333
27.8833
34.5333
26.5833
25.65
29.5667
16.2
35.7
26.2833
20.5167
23.3833
29.6
41.1
27.6333
37.3167
26.8833
22.8667
24.95
14.8667
19.05
14.3333
32.6333
26.9
31.25
14.55
25.5
35.2167
24.4
19.9333
35.5667
19.9667
29.2167
23.4667
43.7
39.8667
35.85
23.7833
26.4167
28.45
25.2667
23.9667
30.3667
22.55
28.55
31.85
33.05
30.2667
36.75
28.8333
38.7
30.8
25.2333
23.6333
9.3
30.6333
29.6
32.1833
22.15
26.0667
39.8
20.9833
14.5833
15.8333
25.3167
9.21667
22.9667
29.2
33.7
31.4333
29.4
29.15
28.2667
32.1333
44.1
19.3833
21.1667
31.0833
23.7833
32.9
51.8167
25.8833
36.35
20.7
21.8
28.5833
27.05
22.5167
34.3167
28.9667
31.4833
37.9
33.7333
30.6
44.2333
26.3333
20.2667
31.8667
27.45
18.6
24.05
29.85
31.1
32.2
22.7167
30.6
28.4
27.7333
34.8667
18.8667
35.9833
43.3167
20.3167
24.1
14.9667
28.4167
23.9833
23.45
32.0667
28.9
23.2667
18.2167
26.8333
18.1167
24.6167
27.4333
36.6
15.4
33.9833
49.1667
37.0833
21.9
49.05
25.5333
24.0833
32.8167
15.0167
32.2167
33.85
22.4
20.4667
35.4333
30.15
35.2667
28.7
36.6
18.9167
32.75
23.9333
34.8833
25
36.7167
22.35
21.9167
38
15.9167
36.35
26.7
27.5333
32.5667
14.3333
38.95
33.75
24.1
28.6667
28.5833
32.8833
24.3833
28.3667
24.6667
29.3833
27.1
39.05
23.3167
31.25
26.7167
17.4333
29.9167
21.1333
30.0833
36.05
48.6833
36.6833
29.1833
34.9
36.75
35.4833
29.9333
31.6
27.1833
33.0167
34.95
25.4333
24.5167
23.8
50.3167
34.4
15.1
41.75
28.1
41.9667
31
32
29.5667
32.8333
42.5333
33.3
23.6667
28.75
37.2167
29.6333
14.35
48.2333
25.3833
20.3833
29.3
30.95
28.5
32.1
30.4167
33.9667
25.7167
34.9833
44.9833
36.75
37.6333
38.0833
34.2833
29.6667
17.75
22.1333
39.6
24.6833
28.45
36.0167
19.7833
32.2667
40.65
44.45
26.2833
27
35.2333
27.7
20.6833
36.95
23.9167
23.0667
43.7
32.2
39.9333
21.6
29.5
27.3667
23.05
41.9833
20.7667
27.4167
35.9167
25.35
28.6667
25.9333
36.0667
28.2
18.5833
34.6167
23.75
44.5833
37.2667
20.25
40.5167
30.5667
35.0667
34.9833
25.75
28.4167
22.0167
31.7833
8.15
19.3167
33.6833
33.0333
29.35
35.5
18.65
24.1667
43.2167
26.1833
22.5833
37.25
27.2833
14.3333
24.2333
24.3833
26.4667
26.8167
44.7
24.95
31.2167
22.9833
29.9667
40.6167
23.2833
30.3
17.6
28.7667
32
30.9667
29.45
27.75
23.5333
22.3
32.2
28.9167
25.1833
32.7333
27.5667
38.1167
41.3667
30.3333
32.5167
30.2833
28.7833
18.75
21.9
36.5833
29.5333
27.9167
24.2833
32.0167
21.5
36.9333
22.9333
23.0333
32.9833
30.5833
14.05
26.4667
36.1
35.55
41.1667
19.2333
33.6833
24.25
39.6
23.9667
24.6167
26.7
34.45
33.1833
25.0833
42.65
21.8167
31.9167
20.3333
33.5667
29.7
14.4
24.4333
19.7167
33.85
20.2833
22.5167
32.1833
52.3833
29.8833
15.6333
33.3667
26.8167
26.3833
32.6333
22.5
23.8167
27.2833
32.7333
25.2833
30.8
14.3333
30.3833
19.6833
22.35
46.5833
25.8
34.7833
39.7833
19.7
29.6833
27.0333
17
29.5667
25.3333
33.25
31.9667
39.6333
30.95
26.55
19.9667
22.8167
22.9333
23.9667
23.3
19.2667
21.95
17.45
22.0667
21.5
34.7333
17.8333
36.9833
34.05
29.5167
23.4167
24.3333
19.6833
47.5667
22.5167
37.1
28.2833
29.3333
25.7333
13.7167
33.5333
32.9
17.3833
25.8167
26.95
32.4333
29.2833
43.4167
22.7833
29.7167
35.9667
32.9667
23.7833
20.3
23
22.05
28.5667
40.6
24.7333
24.3167
19.9167
32.9167
30.1833
40.6667
24.2333
42.1833
31.2833
27.8167
24.2667
35.25
31.9333
19.7333
8.06667
30.9333
25.8667
24.2333
32.7667
31.6833
32.85
22.7333
27.1
29.5
45.5667
35.4167
36.6667
32.35
35.6333
18.6167
30.9167
24.3333
35.5333
33.5333
47.2667
28.3833
29.7167
32.5167
47.75
39.2667
45.8
27.9667
25.1667
18.5167
23.3
36.3
24.1833
39.1333
33.5667
35.4167
14.1
30.5333
27.7
23.1333
24.9667
27.8667
18.7833
45.1333
24.05
26.75
20.4333
19.95
28.1167
26.45
22.6667
14.2667
40.2167
30.2833
34.55
18.1167
19
20.4333
32.8333
31.15
28.7
37.6667
25.7
24.0833
15.1167
24.7667
26.3833
31.4833
25.25
28.2667
30.5167
25.1833
34.5667
24.1
30.3833
35.8833
30.15
34.3167
19.95
29.6167
18.8833
31.5667
15.05
18.8
32.4167
19.1
24.2333
26.7
31.0667
40.85
26.4
28
23.0333
18.6
34.55
31.8
18.8833
41.2667
36.15
43.9333
21.2
38
23.4333
40.8
30
26.85
19.1
26.45
25.1667
37.6333
36.6
14.9167
36.05
42.9333
24.7333
31.3167
29
22.45
28.4
33.05
19.9333
23.7333
18.25
30.45
38.2
20.2333
18.9
37.9833
22.85
18.35
36.0667
22.45
19.7333
21.4167
24.4333
21.6167
16.1833
31.5667
28.4333
24.9333
22.4833
17.0167
38.4167
26.8833
28.9
33.6
20.9833
23.9667
24.1667
29.8333
19.0667
35.2167
29.4
38.8667
19.0833
31.6667
47.0667
20.9333
46.0833
23.1833
42.4
37.0167
24.2667
32.5333
28.8833
34.3167
30.3667
15.5833
55.6
42.4667
31.9167
34.5167
33.05
22.0833
42.0833
26.5833
24.5167
34.3
25.1
32.3667
32.7167
19.4333
25.9833
